anomaly_id,date_,product_id,city_name,actual_demand,expected_demand,anomaly_score,anomaly_type,severity,confidence,detection_method,sbc_class,explanation,action_recommendation,modified_z_score,z_score,residual,rolling_volatility
2566f428-ed18-4571-8c0d-e91cfa76cebb,2022-07-10,10529,Delhi,276.32,136.24,0.0331,DEMAND_SPIKE,CRITICAL,0.0331,modified_z_score,Smooth,"Demand was flagged as a spike because observed demand of 276.3 is above the 14-day median baseline of 156.6 with Modified Z-Score = 5.16 (threshold 3.5). MAD = 15.66, residual = +140.1 units.",Review inventory availability and prepare emergency replenishment. Verify promotions or seasonal factors.,5.1603,5.1603,140.08178905481964,26.506123873131244
1f529445-27ec-417d-a2e9-b16b4d71ef0e,2022-07-10,10530,Delhi,320.17,259.54,0.0255,DEMAND_SPIKE,CRITICAL,0.0255,modified_z_score,Smooth,"Demand was flagged as a spike because observed demand of 320.2 is above the 14-day median baseline of 157.6 with Modified Z-Score = 6.96 (threshold 3.5). MAD = 15.76, residual = +60.6 units.",Review inventory availability and prepare emergency replenishment. Verify promotions or seasonal factors.,6.9594,6.9594,60.63491506415596,59.908405318267135
a7be6aec-6a1e-4654-bbc4-f90af6967a83,2022-07-10,106,Delhi,593.55,386.62,0.0794,DEMAND_SPIKE,CRITICAL,0.0794,modified_z_score,Smooth,"Demand was flagged as a spike because observed demand of 593.5 is above the 14-day median baseline of 314.3 with Modified Z-Score = 5.99 (threshold 3.5). MAD = 31.43, residual = +206.9 units.",Review inventory availability and prepare emergency replenishment. Verify promotions or seasonal factors.,5.9916,5.9916,206.93284922170602,104.41331082662678
f0fa389d-7ec3-4c14-80ca-70ccc357474d,2022-07-10,106,HR-NCR,255.62,155.5,0.0114,DEMAND_SPIKE,CRITICAL,0.0114,modified_z_score,Smooth,"Demand was flagged as a spike because observed demand of 255.6 is above the 14-day median baseline of 147.6 with Modified Z-Score = 4.94 (threshold 3.5). MAD = 14.76, residual = +100.1 units.",Review inventory availability and prepare emergency replenishment. Verify promotions or seasonal factors.,4.9355,4.9355,100.11903438405301,50.56158005618276
f8c881ba-3bc8-4a60-a385-51b13e880acf,2022-07-10,110767,Delhi,878.88,273.81,0.3811,DEMAND_SPIKE,CRITICAL,0.3811,modified_z_score,Smooth,"Demand was flagged as a spike because observed demand of 878.9 is above the 14-day median baseline of 198.4 with Modified Z-Score = 23.13 (threshold 3.5). MAD = 19.84, residual = +605.1 units.",Review inventory availability and prepare emergency replenishment. Verify promotions or seasonal factors.,23.1267,23.1267,605.0726759342444,312.9873123227202
c9dbe5b3-cee5-495e-a007-14042b967694,2022-07-10,11150,Delhi,961.16,477.96,0.2399,DEMAND_SPIKE,CRITICAL,0.2399,modified_z_score,Smooth,"Demand was flagged as a spike because observed demand of 961.2 is above the 14-day median baseline of 615.1 with Modified Z-Score = 3.80 (threshold 3.5). MAD = 61.51, residual = +483.2 units.",Review inventory availability and prepare emergency replenishment. Verify promotions or seasonal factors.,3.7953,3.7953,483.2028600819212,192.37118722667384
f3639614-bdb1-4d64-bc05-84a2d7793e39,2022-07-10,11170,Delhi,39.59,268.19,0.2524,DEMAND_DROP,CRITICAL,0.2524,modified_z_score,Smooth,"Demand was flagged as a drop because observed demand of 39.6 is below the 14-day median baseline of 141.0 with Modified Z-Score = -4.85 (threshold -3.5). MAD = 14.10, residual = -228.6 units.","Check inventory, supply chain, and delivery status. Investigate potential listing or pricing issues.",-4.8513,-4.8513,-228.596236895589,85.84436184812087
dc2334f5-b531-434b-8b62-fe13b3d02740,2022-07-10,11214,Delhi,607.8,327.87,0.1042,DEMAND_SPIKE,CRITICAL,0.1042,modified_z_score,Smooth,"Demand was flagged as a spike because observed demand of 607.8 is above the 14-day median baseline of 377.5 with Modified Z-Score = 4.12 (threshold 3.5). MAD = 37.75, residual = +279.9 units.",Review inventory availability and prepare emergency replenishment. Verify promotions or seasonal factors.,4.1152,4.1152,279.92887525420906,98.4447193860595
1128d848-2001-43b2-992b-bb801cce6651,2022-07-10,116824,Bengaluru,17.55,6.26,0.1998,DEMAND_DROP,CRITICAL,0.1998,modified_z_score,Erratic,"Demand was flagged as a drop because observed demand of 17.6 is below the 14-day median baseline of 139.8 with Modified Z-Score = -5.90 (threshold -3.5). MAD = 13.98, residual = +11.3 units.","Check inventory, supply chain, and delivery status. Investigate potential listing or pricing issues.",-5.8984,-5.8984,11.292547787474598,187.56467224666804
91b60dd1-62b3-4c4e-a8ad-c39a7ce163e4,2022-07-10,122263,Delhi,486.74,378.92,0.0676,DEMAND_SPIKE,CRITICAL,0.0676,modified_z_score,Smooth,"Demand was flagged as a spike because observed demand of 486.7 is above the 14-day median baseline of 248.4 with Modified Z-Score = 6.47 (threshold 3.5). MAD = 24.84, residual = +107.8 units.",Review inventory availability and prepare emergency replenishment. Verify promotions or seasonal factors.,6.4708,6.4708,107.82398514588073,116.43936932059438
01032710-6352-485e-83ab-173bb9953b12,2022-07-10,123007,Mumbai,345.91,244.13,0.0438,DEMAND_SPIKE,CRITICAL,0.0438,modified_z_score,Smooth,"Demand was flagged as a spike because observed demand of 345.9 is above the 14-day median baseline of 165.2 with Modified Z-Score = 7.38 (threshold 3.5). MAD = 16.52, residual = +101.8 units.",Review inventory availability and prepare emergency replenishment. Verify promotions or seasonal factors.,7.3791,7.3791,101.77966562758766,67.69973500276383
c028253a-a7a8-46a1-bf88-33340df15531,2022-07-10,123060,HR-NCR,579.56,401.09,0.0596,DEMAND_SPIKE,CRITICAL,0.0596,modified_z_score,Smooth,"Demand was flagged as a spike because observed demand of 579.6 is above the 14-day median baseline of 293.4 with Modified Z-Score = 6.58 (threshold 3.5). MAD = 29.34, residual = +178.5 units.",Review inventory availability and prepare emergency replenishment. Verify promotions or seasonal factors.,6.5763,6.5763,178.47014400949632,53.26319883371633
09ee42b7-fd47-48cc-aa24-d3a7b19e3141,2022-07-10,14162,Delhi,551.82,461.8,0.0566,DEMAND_SPIKE,CRITICAL,0.0566,modified_z_score,Smooth,"Demand was flagged as a spike because observed demand of 551.8 is above the 14-day median baseline of 300.5 with Modified Z-Score = 5.64 (threshold 3.5). MAD = 30.05, residual = +90.0 units.",Review inventory availability and prepare emergency replenishment. Verify promotions or seasonal factors.,5.6415,5.6415,90.0202589924782,87.45232364615082
f1465cee-3b63-4274-a81a-a3075a00b859,2022-07-10,14624,Bengaluru,277.24,271.1,0.0353,DEMAND_SPIKE,CRITICAL,0.0353,modified_z_score,Smooth,"Demand was flagged as a spike because observed demand of 277.2 is above the 14-day median baseline of 172.1 with Modified Z-Score = 4.12 (threshold 3.5). MAD = 17.21, residual = +6.1 units.",Review inventory availability and prepare emergency replenishment. Verify promotions or seasonal factors.,4.1213,4.1213,6.143606156949204,69.03948775479469
ab6aca4d-9c52-4bfc-b9df-5acedc7bee49,2022-07-10,15286,Delhi,963.54,384.67,0.3237,DEMAND_SPIKE,CRITICAL,0.3237,modified_z_score,Smooth,"Demand was flagged as a spike because observed demand of 963.5 is above the 14-day median baseline of 601.2 with Modified Z-Score = 4.07 (threshold 3.5). MAD = 60.12, residual = +578.9 units.",Review inventory availability and prepare emergency replenishment. Verify promotions or seasonal factors.,4.0654,4.0654,578.8678080037172,259.25062539836705
1f657b30-8eb9-4a6a-83e3-021df5c3aae1,2022-07-10,15902,Delhi,367.68,202.67,0.0398,DEMAND_SPIKE,CRITICAL,0.0398,modified_z_score,Smooth,"Demand was flagged as a spike because observed demand of 367.7 is above the 14-day median baseline of 167.8 with Modified Z-Score = 8.03 (threshold 3.5). MAD = 16.78, residual = +165.0 units.",Review inventory availability and prepare emergency replenishment. Verify promotions or seasonal factors.,8.0336,8.0336,165.01321746126092,88.6066301131016
c4b4f842-2a32-4577-9579-69147c608476,2022-07-10,15907,Delhi,3236.68,2115.89,0.7432,VOLATILITY_ANOMALY,CRITICAL,0.7432,rolling_volatility_threshold,Smooth,Demand volatility flagged: 14-day rolling std of 523.52 is 1.6x the 95th-percentile baseline (322.03) for product 15907 in Delhi.,Review recent order patterns and supply chain disruptions. Consider adjusting safety-stock buffers.,10.1199,10.1199,1120.7943926455296,523.5166429064122
a965b007-ff2d-471f-ab06-8007cc502946,2022-07-10,15907,Bengaluru,627.15,7.97,0.2953,DEMAND_SPIKE,CRITICAL,0.2953,modified_z_score,Smooth,"Demand was flagged as a spike because observed demand of 627.1 is above the 14-day median baseline of 301.5 with Modified Z-Score = 7.28 (threshold 3.5). MAD = 30.15, residual = +619.2 units.",Review inventory availability and prepare emergency replenishment. Verify promotions or seasonal factors.,7.2839,7.2839,619.1805882232197,184.18828861008268
791a16d5-731b-498a-a767-cc1f0a3d2502,2022-07-10,15907,Delhi,3236.68,2115.89,0.7432,DEMAND_SPIKE,CRITICAL,0.7432,modified_z_score+isolation_forest,Smooth,"Demand was flagged as a spike because observed demand of 3236.7 is above the 14-day median baseline of 1294.5 with Modified Z-Score = 10.12 (threshold 3.5). MAD = 129.45, residual = +1120.8 units.",Review inventory availability and prepare emergency replenishment. Verify promotions or seasonal factors.,10.1199,10.1199,1120.7943926455296,523.5166429064122
23eb2601-83e7-4f21-ac62-0ad91b087cab,2022-07-10,174727,Delhi,613.1,467.52,0.079,DEMAND_SPIKE,CRITICAL,0.079,modified_z_score,Smooth,"Demand was flagged as a spike because observed demand of 613.1 is above the 14-day median baseline of 217.0 with Modified Z-Score = 12.31 (threshold 3.5). MAD = 21.70, residual = +145.6 units.",Review inventory availability and prepare emergency replenishment. Verify promotions or seasonal factors.,12.3084,12.3084,145.57909370085514,116.75158925875247
2ab39bfd-92c5-42d6-afcb-9613af70205a,2022-07-10,18401,Delhi,328.95,271.08,0.0209,DEMAND_SPIKE,CRITICAL,0.0209,modified_z_score,Smooth,"Demand was flagged as a spike because observed demand of 328.9 is above the 14-day median baseline of 190.6 with Modified Z-Score = 4.90 (threshold 3.5). MAD = 19.06, residual = +57.9 units.",Review inventory availability and prepare emergency replenishment. Verify promotions or seasonal factors.,4.8954,4.8954,57.865999732361786,50.369377601872344
491bf255-59aa-45e1-9e22-dad8976a35c8,2022-07-10,18555,Delhi,330.81,223.9,0.0355,DEMAND_SPIKE,CRITICAL,0.0355,modified_z_score,Smooth,"Demand was flagged as a spike because observed demand of 330.8 is above the 14-day median baseline of 123.0 with Modified Z-Score = 11.39 (threshold 3.5). MAD = 12.30, residual = +106.9 units.",Review inventory availability and prepare emergency replenishment. Verify promotions or seasonal factors.,11.3899,11.3899,106.91443493028189,61.94360199227825
faec8a36-09ff-4b23-bfbe-be305115b436,2022-07-10,18575,Delhi,504.77,301.84,0.091,DEMAND_SPIKE,CRITICAL,0.091,modified_z_score,Smooth,"Demand was flagged as a spike because observed demand of 504.8 is above the 14-day median baseline of 310.0 with Modified Z-Score = 4.24 (threshold 3.5). MAD = 31.00, residual = +202.9 units.",Review inventory availability and prepare emergency replenishment. Verify promotions or seasonal factors.,4.2368,4.2368,202.9279319434604,117.6887948975791
120dc181-8163-43a2-8eed-ce821dc5e404,2022-07-10,192,HR-NCR,2076.15,1574.96,0.6047,VOLATILITY_ANOMALY,CRITICAL,0.6047,rolling_volatility_threshold,Smooth,Demand volatility flagged: 14-day rolling std of 562.57 is 1.7x the 95th-percentile baseline (322.03) for product 192 in HR-NCR.,Review recent order patterns and supply chain disruptions. Consider adjusting safety-stock buffers.,6.6866,6.6866,501.18723880138145,562.569115208177
ba23ec82-e724-4015-8b7b-4bf9e615ca29,2022-07-10,192,HR-NCR,2076.15,1574.96,0.6047,DEMAND_SPIKE,CRITICAL,0.6047,modified_z_score,Smooth,"Demand was flagged as a spike because observed demand of 2076.2 is above the 14-day median baseline of 1042.6 with Modified Z-Score = 6.69 (threshold 3.5). MAD = 104.26, residual = +501.2 units.",Review inventory availability and prepare emergency replenishment. Verify promotions or seasonal factors.,6.6866,6.6866,501.18723880138145,562.569115208177
7301cfcf-6da3-4055-a8d0-e58ff0085895,2022-07-10,19507,Delhi,2.93,96.61,0.2322,DEMAND_DROP,CRITICAL,0.2322,modified_z_score,Erratic,"Demand was flagged as a drop because observed demand of 2.9 is below the 14-day median baseline of 87.0 with Modified Z-Score = -6.52 (threshold -3.5). MAD = 8.70, residual = -93.7 units.","Check inventory, supply chain, and delivery status. Investigate potential listing or pricing issues.",-6.5178,-6.5178,-93.67869539357571,158.98101223975704
541ef543-a634-4864-a9fe-ced43a485210,2022-07-10,23653,HR-NCR,92.82,407.82,0.2867,DEMAND_DROP,CRITICAL,0.2867,modified_z_score,Smooth,"Demand was flagged as a drop because observed demand of 92.8 is below the 14-day median baseline of 272.3 with Modified Z-Score = -4.45 (threshold -3.5). MAD = 27.23, residual = -315.0 units.","Check inventory, supply chain, and delivery status. Investigate potential listing or pricing issues.",-4.4456,-4.4456,-314.99959696152126,96.44574171234542
068a9e5a-79b3-4a98-8d3e-39a375d25c97,2022-07-10,23691,Delhi,481.73,279.75,0.0771,DEMAND_SPIKE,CRITICAL,0.0771,modified_z_score,Smooth,"Demand was flagged as a spike because observed demand of 481.7 is above the 14-day median baseline of 252.4 with Modified Z-Score = 6.13 (threshold 3.5). MAD = 25.24, residual = +202.0 units.",Review inventory availability and prepare emergency replenishment. Verify promotions or seasonal factors.,6.13,6.13,201.97687708826868,67.51854263830049
5039581b-30df-408d-890f-81248bc7d200,2022-07-10,24178,Delhi,764.48,555.15,0.1463,DEMAND_SPIKE,CRITICAL,0.1463,modified_z_score,Smooth,"Demand was flagged as a spike because observed demand of 764.5 is above the 14-day median baseline of 454.6 with Modified Z-Score = 4.60 (threshold 3.5). MAD = 45.46, residual = +209.3 units.",Review inventory availability and prepare emergency replenishment. Verify promotions or seasonal factors.,4.5973,4.5973,209.33365303300468,163.2682969838296
a6b6d6bb-7470-4592-bea6-c15a68e48cd2,2022-07-10,24194,HR-NCR,970.41,577.31,0.2139,DEMAND_SPIKE,CRITICAL,0.2139,modified_z_score,Smooth,"Demand was flagged as a spike because observed demand of 970.4 is above the 14-day median baseline of 536.5 with Modified Z-Score = 5.46 (threshold 3.5). MAD = 53.65, residual = +393.1 units.",Review inventory availability and prepare emergency replenishment. Verify promotions or seasonal factors.,5.4557,5.4557,393.09600868432665,114.11706611097999
1593a2fd-9e81-4d10-9c8d-8467137a6b72,2022-07-10,253144,HR-NCR,694.05,247.97,0.1786,DEMAND_SPIKE,CRITICAL,0.1786,modified_z_score,Smooth,"Demand was flagged as a spike because observed demand of 694.0 is above the 14-day median baseline of 315.6 with Modified Z-Score = 8.09 (threshold 3.5). MAD = 31.56, residual = +446.1 units.",Review inventory availability and prepare emergency replenishment. Verify promotions or seasonal factors.,8.0892,8.0892,446.0771534895185,105.71518096333708
cc6f6f3e-2fec-4dd5-9856-02633f5e2e16,2022-07-10,277,HR-NCR,310.37,163.24,0.0411,DEMAND_SPIKE,CRITICAL,0.0411,modified_z_score,Smooth,"Demand was flagged as a spike because observed demand of 310.4 is above the 14-day median baseline of 151.7 with Modified Z-Score = 7.05 (threshold 3.5). MAD = 15.17, residual = +147.1 units.",Review inventory availability and prepare emergency replenishment. Verify promotions or seasonal factors.,7.0549,7.0549,147.12854885794354,68.06382662210848
cf9ec479-a65c-486a-9b12-90ff57e9500e,2022-07-10,293867,Delhi,401.35,87.15,0.1953,DEMAND_SPIKE,CRITICAL,0.1953,modified_z_score,Smooth,"Demand was flagged as a spike because observed demand of 401.4 is above the 14-day median baseline of 177.3 with Modified Z-Score = 8.53 (threshold 3.5). MAD = 17.73, residual = +314.2 units.",Review inventory availability and prepare emergency replenishment. Verify promotions or seasonal factors.,8.5269,8.5269,314.2033547177334,232.48263161530537
0c425fdd-9bd6-45f3-9550-b72c38030bd4,2022-07-10,31,HR-NCR,1146.43,730.41,0.2611,DEMAND_SPIKE,CRITICAL,0.2611,modified_z_score,Smooth,"Demand was flagged as a spike because observed demand of 1146.4 is above the 14-day median baseline of 654.8 with Modified Z-Score = 5.06 (threshold 3.5). MAD = 65.48, residual = +416.0 units.",Review inventory availability and prepare emergency replenishment. Verify promotions or seasonal factors.,5.0648,5.0648,416.01573053111156,124.42911224870168
77ff315a-efe9-438e-9c96-18ff21f5a596,2022-07-10,314,Mumbai,16.75,322.13,0.3502,DEMAND_DROP,CRITICAL,0.3502,modified_z_score,Smooth,"Demand was flagged as a drop because observed demand of 16.8 is below the 14-day median baseline of 275.8 with Modified Z-Score = -6.34 (threshold -3.5). MAD = 27.58, residual = -305.4 units.","Check inventory, supply chain, and delivery status. Investigate potential listing or pricing issues.",-6.3354,-6.3354,-305.3779608578106,152.05459683759793
bdd112a8-2f8e-409e-971b-848492c4e074,2022-07-10,318,Delhi,231.81,94.74,0.1496,DEMAND_SPIKE,CRITICAL,0.1496,modified_z_score,Smooth,"Demand was flagged as a spike because observed demand of 231.8 is above the 14-day median baseline of 110.5 with Modified Z-Score = 7.41 (threshold 3.5). MAD = 11.05, residual = +137.1 units.",Review inventory availability and prepare emergency replenishment. Verify promotions or seasonal factors.,7.4113,7.4113,137.06880354210685,221.5889993759718
a286b59b-a4ef-4a80-8a68-939b7a3df63b,2022-07-10,329500,HR-NCR,1868.99,932.99,0.7197,VOLATILITY_ANOMALY,CRITICAL,0.7197,rolling_volatility_threshold,Smooth,Demand volatility flagged: 14-day rolling std of 740.70 is 2.3x the 95th-percentile baseline (322.03) for product 329500 in HR-NCR.,Review recent order patterns and supply chain disruptions. Consider adjusting safety-stock buffers.,6.6498,6.6498,935.9981366802664,740.6952862869979
1e6f2b03-6c1e-4ac1-b2cf-2609818d9b14,2022-07-10,329500,HR-NCR,1868.99,932.99,0.7197,DEMAND_SPIKE,CRITICAL,0.7197,modified_z_score+isolation_forest,Smooth,"Demand was flagged as a spike because observed demand of 1869.0 is above the 14-day median baseline of 941.1 with Modified Z-Score = 6.65 (threshold 3.5). MAD = 94.11, residual = +936.0 units.",Review inventory availability and prepare emergency replenishment. Verify promotions or seasonal factors.,6.6498,6.6498,935.9981366802664,740.6952862869979
8cf7bc4d-a4ee-475d-92eb-8f75a08bf8bd,2022-07-10,32976,Delhi,548.56,105.44,0.1567,DEMAND_SPIKE,CRITICAL,0.1567,modified_z_score,Smooth,"Demand was flagged as a spike because observed demand of 548.6 is above the 14-day median baseline of 132.7 with Modified Z-Score = 21.14 (threshold 3.5). MAD = 13.27, residual = +443.1 units.",Review inventory availability and prepare emergency replenishment. Verify promotions or seasonal factors.,21.1398,21.1398,443.11703756995865,70.50868335019295
46010fed-edae-4053-b2d5-2a1b3661cd9f,2022-07-10,333324,Delhi,155.98,281.33,0.2421,DEMAND_DROP,CRITICAL,0.2421,modified_z_score,Smooth,"Demand was flagged as a drop because observed demand of 156.0 is below the 14-day median baseline of 791.8 with Modified Z-Score = -5.42 (threshold -3.5). MAD = 79.18, residual = -125.4 units.","Check inventory, supply chain, and delivery status. Investigate potential listing or pricing issues.",-5.4162,-5.4162,-125.35061218275987,210.05675271485828
2d927dae-2092-43ef-89b2-d237a012644b,2022-07-10,335816,Bengaluru,91.64,252.86,0.1803,DEMAND_DROP,CRITICAL,0.1803,modified_z_score,Smooth,"Demand was flagged as a drop because observed demand of 91.6 is below the 14-day median baseline of 225.6 with Modified Z-Score = -4.01 (threshold -3.5). MAD = 22.56, residual = -161.2 units.","Check inventory, supply chain, and delivery status. Investigate potential listing or pricing issues.",-4.0056,-4.0056,-161.2242134480361,93.95476464767502
07b5ef25-1e32-4bcd-8772-08ecba6c901e,2022-07-10,339179,Bengaluru,604.96,14.78,0.2837,DEMAND_SPIKE,CRITICAL,0.2837,modified_z_score,Smooth,"Demand was flagged as a spike because observed demand of 605.0 is above the 14-day median baseline of 171.7 with Modified Z-Score = 17.03 (threshold 3.5). MAD = 17.17, residual = +590.2 units.",Review inventory availability and prepare emergency replenishment. Verify promotions or seasonal factors.,17.0269,17.0269,590.1812185301764,231.0191518636015
62fa8dbb-9e68-4cea-bc0b-3022ab932262,2022-07-10,341974,Delhi,393.88,170.89,0.0648,DEMAND_SPIKE,CRITICAL,0.0648,modified_z_score,Smooth,"Demand was flagged as a spike because observed demand of 393.9 is above the 14-day median baseline of 228.2 with Modified Z-Score = 4.89 (threshold 3.5). MAD = 22.83, residual = +223.0 units.",Review inventory availability and prepare emergency replenishment. Verify promotions or seasonal factors.,4.8945,4.8945,222.9900856292723,83.10785719640339
3578bf5d-6854-4c4b-9500-349ede917350,2022-07-10,352443,Bengaluru,1707.91,465.61,0.6318,DEMAND_SPIKE,CRITICAL,0.6318,modified_z_score+isolation_forest,Smooth,"Demand was flagged as a spike because observed demand of 1707.9 is above the 14-day median baseline of 839.6 with Modified Z-Score = 6.98 (threshold 3.5). MAD = 83.96, residual = +1242.3 units.",Review inventory availability and prepare emergency replenishment. Verify promotions or seasonal factors.,6.9758,6.9758,1242.3008996686376,324.3154806066326
5212367e-6041-4692-84a9-00a42ef6fb36,2022-07-10,352443,Mumbai,586.75,228.71,0.1321,DEMAND_SPIKE,CRITICAL,0.1321,modified_z_score,Smooth,"Demand was flagged as a spike because observed demand of 586.8 is above the 14-day median baseline of 308.3 with Modified Z-Score = 6.09 (threshold 3.5). MAD = 30.83, residual = +358.0 units.",Review inventory availability and prepare emergency replenishment. Verify promotions or seasonal factors.,6.0932,6.0932,358.03773928458793,122.76246973322098
bb91782d-a0f4-4c8b-a78a-3cb97c7c93a7,2022-07-10,363541,Delhi,786.15,401.03,0.2238,DEMAND_SPIKE,CRITICAL,0.2238,modified_z_score,Erratic,"Demand was flagged as a spike because observed demand of 786.1 is above the 14-day median baseline of 467.9 with Modified Z-Score = 4.59 (threshold 3.5). MAD = 46.79, residual = +385.1 units.",Review inventory availability and prepare emergency replenishment. Verify promotions or seasonal factors.,4.5887,4.5887,385.1165347776235,186.61345263077305
46e206d5-2e15-4949-b356-42c4a597ba04,2022-07-10,363541,HR-NCR,831.99,158.35,0.3176,DEMAND_SPIKE,CRITICAL,0.3176,modified_z_score,Erratic,"Demand was flagged as a spike because observed demand of 832.0 is above the 14-day median baseline of 469.9 with Modified Z-Score = 5.20 (threshold 3.5). MAD = 46.99, residual = +673.6 units.",Review inventory availability and prepare emergency replenishment. Verify promotions or seasonal factors.,5.1972,5.1972,673.6399157954982,198.00554593102802
da09793a-a9c8-47fc-a446-4af9bbe00d62,2022-07-10,367837,Bengaluru,8.83,3.37,0.1947,DEMAND_DROP,CRITICAL,0.1947,modified_z_score,Smooth,"Demand was flagged as a drop because observed demand of 8.8 is below the 14-day median baseline of 153.6 with Modified Z-Score = -6.36 (threshold -3.5). MAD = 15.36, residual = +5.5 units.","Check inventory, supply chain, and delivery status. Investigate potential listing or pricing issues.",-6.3573,-6.3573,5.461325817349696,165.94160783574176
1ad7e6b7-1110-46c4-8d71-9f32a318ecc3,2022-07-10,369013,Bengaluru,726.12,532.07,0.1078,DEMAND_SPIKE,CRITICAL,0.1078,modified_z_score,Smooth,"Demand was flagged as a spike because observed demand of 726.1 is above the 14-day median baseline of 442.7 with Modified Z-Score = 4.32 (threshold 3.5). MAD = 44.27, residual = +194.1 units.",Review inventory availability and prepare emergency replenishment. Verify promotions or seasonal factors.,4.3177,4.3177,194.05165397593282,73.9165296128004
211421e0-67e2-40fe-bf09-7870926f01d6,2022-07-10,383252,Delhi,418.62,281.67,0.0382,DEMAND_SPIKE,CRITICAL,0.0382,modified_z_score,Smooth,"Demand was flagged as a spike because observed demand of 418.6 is above the 14-day median baseline of 249.9 with Modified Z-Score = 4.55 (threshold 3.5). MAD = 24.99, residual = +137.0 units.",Review inventory availability and prepare emergency replenishment. Verify promotions or seasonal factors.,4.5534,4.5534,136.9535219235596,54.94897337530521
e671725f-869c-4c2e-b60c-ea609e8e9705,2022-07-10,3881,Mumbai,1578.03,1023.15,0.3993,DEMAND_SPIKE,CRITICAL,0.3993,modified_z_score,Smooth,"Demand was flagged as a spike because observed demand of 1578.0 is above the 14-day median baseline of 1009.2 with Modified Z-Score = 3.80 (threshold 3.5). MAD = 100.92, residual = +554.9 units.",Review inventory availability and prepare emergency replenishment. Verify promotions or seasonal factors.,3.8016,3.8016,554.877134881799,107.20558121872408
d1cb6280-5cb1-4385-a4d8-7caca05e9a5a,2022-07-10,389699,Delhi,379.15,240.24,0.0333,DEMAND_SPIKE,CRITICAL,0.0333,modified_z_score,Smooth,"Demand was flagged as a spike because observed demand of 379.1 is above the 14-day median baseline of 236.5 with Modified Z-Score = 4.07 (threshold 3.5). MAD = 23.65, residual = +138.9 units.",Review inventory availability and prepare emergency replenishment. Verify promotions or seasonal factors.,4.0666,4.0666,138.90834383406863,39.292031034012204
cf033db8-a008-4621-b858-c49d0ce945ad,2022-07-10,389700,Delhi,375.08,251.8,0.0378,DEMAND_SPIKE,CRITICAL,0.0378,modified_z_score,Smooth,"Demand was flagged as a spike because observed demand of 375.1 is above the 14-day median baseline of 232.6 with Modified Z-Score = 4.13 (threshold 3.5). MAD = 23.26, residual = +123.3 units.",Review inventory availability and prepare emergency replenishment. Verify promotions or seasonal factors.,4.1321,4.1321,123.28230219641222,47.410618126228975
ceab21a6-1062-4c59-9a5b-e825e1995024,2022-07-10,389725,HR-NCR,278.55,170.91,0.0255,DEMAND_SPIKE,CRITICAL,0.0255,modified_z_score,Smooth,"Demand was flagged as a spike because observed demand of 278.6 is above the 14-day median baseline of 144.2 with Modified Z-Score = 6.28 (threshold 3.5). MAD = 14.42, residual = +107.6 units.",Review inventory availability and prepare emergency replenishment. Verify promotions or seasonal factors.,6.2843,6.2843,107.63591815721782,76.71274242262494
8b7b6be1-5d9a-4c7b-b070-d4c871e069fb,2022-07-10,389944,HR-NCR,424.81,186.32,0.0546,DEMAND_SPIKE,CRITICAL,0.0546,modified_z_score,Smooth,"Demand was flagged as a spike because observed demand of 424.8 is above the 14-day median baseline of 199.2 with Modified Z-Score = 7.64 (threshold 3.5). MAD = 19.92, residual = +238.5 units.",Review inventory availability and prepare emergency replenishment. Verify promotions or seasonal factors.,7.6378,7.6378,238.4939561482539,49.87852193078701
b9453833-b850-4a44-8485-8df0d1ab5118,2022-07-10,391333,Delhi,241.6,72.49,0.3203,DEMAND_DROP,CRITICAL,0.3203,modified_z_score,Erratic,"Demand was flagged as a drop because observed demand of 241.6 is below the 14-day median baseline of 801.2 with Modified Z-Score = -4.71 (threshold -3.5). MAD = 80.12, residual = +169.1 units.","Check inventory, supply chain, and delivery status. Investigate potential listing or pricing issues.",-4.711,-4.711,169.10731597035186,346.81706442702296
28803d7a-6c40-4a62-b54c-e0da73c1e064,2022-07-10,391333,HR-NCR,809.04,22.49,0.3553,DEMAND_SPIKE,CRITICAL,0.3553,modified_z_score,Smooth,"Demand was flagged as a spike because observed demand of 809.0 is above the 14-day median baseline of 499.5 with Modified Z-Score = 4.18 (threshold 3.5). MAD = 49.95, residual = +786.6 units.",Review inventory availability and prepare emergency replenishment. Verify promotions or seasonal factors.,4.1797,4.1797,786.5532661395248,210.47834309284912
10bc51ca-896a-4dc1-93b7-b9aa2aa8bb66,2022-07-10,391684,Delhi,227.89,49.59,0.0363,DEMAND_SPIKE,CRITICAL,0.0363,modified_z_score,Smooth,"Demand was flagged as a spike because observed demand of 227.9 is above the 14-day median baseline of 127.6 with Modified Z-Score = 5.30 (threshold 3.5). MAD = 12.76, residual = +178.3 units.",Review inventory availability and prepare emergency replenishment. Verify promotions or seasonal factors.,5.3042,5.3042,178.29591990918308,88.7005363568902
0d005e5e-67b9-4277-b8f5-2a3e5a30d515,2022-07-10,400525,Delhi,731.39,570.61,0.1023,DEMAND_SPIKE,CRITICAL,0.1023,modified_z_score,Erratic,"Demand was flagged as a spike because observed demand of 731.4 is above the 14-day median baseline of 392.0 with Modified Z-Score = 5.84 (threshold 3.5). MAD = 39.20, residual = +160.8 units.",Review inventory availability and prepare emergency replenishment. Verify promotions or seasonal factors.,5.8388,5.8388,160.78065266513386,80.63367860267817
fb043d98-55fb-4624-802a-1f5514fd019b,2022-07-10,401282,Delhi,318.42,60.18,0.1424,DEMAND_SPIKE,CRITICAL,0.1424,modified_z_score,Smooth,"Demand was flagged as a spike because observed demand of 318.4 is above the 14-day median baseline of 153.7 with Modified Z-Score = 7.23 (threshold 3.5). MAD = 15.37, residual = +258.2 units.",Review inventory availability and prepare emergency replenishment. Verify promotions or seasonal factors.,7.2259,7.2259,258.23910434898653,159.56941945435537
eab5a66e-9aa8-413d-a75f-cc61549a1b44,2022-07-10,403799,HR-NCR,482.21,301.88,0.0565,DEMAND_SPIKE,CRITICAL,0.0565,modified_z_score,Smooth,"Demand was flagged as a spike because observed demand of 482.2 is above the 14-day median baseline of 258.4 with Modified Z-Score = 5.84 (threshold 3.5). MAD = 25.84, residual = +180.3 units.",Review inventory availability and prepare emergency replenishment. Verify promotions or seasonal factors.,5.8421,5.8421,180.3264134658283,61.827586772500766
3659b8c4-1681-4eeb-8d2b-146422dbd5fc,2022-07-10,405806,Mumbai,294.74,132.38,0.0214,DEMAND_SPIKE,CRITICAL,0.0214,modified_z_score,Smooth,"Demand was flagged as a spike because observed demand of 294.7 is above the 14-day median baseline of 151.8 with Modified Z-Score = 6.35 (threshold 3.5). MAD = 15.18, residual = +162.4 units.",Review inventory availability and prepare emergency replenishment. Verify promotions or seasonal factors.,6.3505,6.3505,162.36103251969578,50.146170702368785
bfd5368b-71fc-4b26-bd08-3bc9a8241277,2022-07-10,424416,Bengaluru,1063.98,429.04,0.3239,DEMAND_SPIKE,CRITICAL,0.3239,modified_z_score,Smooth,"Demand was flagged as a spike because observed demand of 1064.0 is above the 14-day median baseline of 602.2 with Modified Z-Score = 5.17 (threshold 3.5). MAD = 60.22, residual = +634.9 units.",Review inventory availability and prepare emergency replenishment. Verify promotions or seasonal factors.,5.1724,5.1724,634.9424648859856,162.76543171420371
5139a4a1-9a35-4f35-8996-3d507ccdf12b,2022-07-10,424982,Delhi,510.34,346.22,0.0874,DEMAND_SPIKE,CRITICAL,0.0874,modified_z_score,Smooth,"Demand was flagged as a spike because observed demand of 510.3 is above the 14-day median baseline of 281.1 with Modified Z-Score = 5.50 (threshold 3.5). MAD = 28.11, residual = +164.1 units.",Review inventory availability and prepare emergency replenishment. Verify promotions or seasonal factors.,5.5019,5.5019,164.12174444724275,155.0817786775022
e7c29b8e-6560-44e7-b47d-4ecb93017ad9,2022-07-10,429458,Bengaluru,359.64,251.8,0.0454,DEMAND_SPIKE,CRITICAL,0.0454,modified_z_score,Smooth,"Demand was flagged as a spike because observed demand of 359.6 is above the 14-day median baseline of 174.8 with Modified Z-Score = 7.13 (threshold 3.5). MAD = 17.48, residual = +107.8 units.",Review inventory availability and prepare emergency replenishment. Verify promotions or seasonal factors.,7.13,7.13,107.84168251764157,104.2565422141193
9a126572-9d66-47ff-8a01-2b52143f542c,2022-07-10,43,Bengaluru,604.55,246.92,0.2404,DEMAND_SPIKE,CRITICAL,0.2404,modified_z_score,Smooth,"Demand was flagged as a spike because observed demand of 604.5 is above the 14-day median baseline of 370.7 with Modified Z-Score = 4.26 (threshold 3.5). MAD = 37.07, residual = +357.6 units.",Review inventory availability and prepare emergency replenishment. Verify promotions or seasonal factors.,4.2562,4.2562,357.630036201013,257.7430816724282
fdd1cb08-ba5d-4e9b-b18d-1216aa9f548e,2022-07-10,439931,Delhi,268.74,178.62,0.0077,DEMAND_SPIKE,CRITICAL,0.0077,modified_z_score,Smooth,"Demand was flagged as a spike because observed demand of 268.7 is above the 14-day median baseline of 166.6 with Modified Z-Score = 4.14 (threshold 3.5). MAD = 16.66, residual = +90.1 units.",Review inventory availability and prepare emergency replenishment. Verify promotions or seasonal factors.,4.1359,4.1359,90.12292319673128,54.47213484892987
08e9c97f-a835-461e-a72d-ee0d65d9d429,2022-07-10,439988,Delhi,222.64,201.74,0.0249,DEMAND_SPIKE,CRITICAL,0.0249,modified_z_score,Smooth,"Demand was flagged as a spike because observed demand of 222.6 is above the 14-day median baseline of 98.4 with Modified Z-Score = 8.51 (threshold 3.5). MAD = 9.84, residual = +20.9 units.",Review inventory availability and prepare emergency replenishment. Verify promotions or seasonal factors.,8.5116,8.5116,20.90309393678575,86.1742050216369
a8f568f0-019e-4f1b-af8a-e96816c0f7d8,2022-07-10,445675,Delhi,2268.55,2159.63,0.676,VOLATILITY_ANOMALY,CRITICAL,0.676,rolling_volatility_threshold,Smooth,Demand volatility flagged: 14-day rolling std of 775.99 is 2.4x the 95th-percentile baseline (322.03) for product 445675 in Delhi.,Review recent order patterns and supply chain disruptions. Consider adjusting safety-stock buffers.,4.6047,4.6047,108.91598822415608,775.9895108683994
ee772254-a023-47f9-ab0a-dd89a4a2af70,2022-07-10,445675,Delhi,2268.55,2159.63,0.676,DEMAND_SPIKE,CRITICAL,0.676,modified_z_score+isolation_forest,Smooth,"Demand was flagged as a spike because observed demand of 2268.6 is above the 14-day median baseline of 1348.2 with Modified Z-Score = 4.60 (threshold 3.5). MAD = 134.82, residual = +108.9 units.",Review inventory availability and prepare emergency replenishment. Verify promotions or seasonal factors.,4.6047,4.6047,108.91598822415608,775.9895108683994
af152a7f-4296-433a-a86a-6d17d68396d7,2022-07-10,45377,HR-NCR,365.66,257.61,0.0353,DEMAND_SPIKE,CRITICAL,0.0353,modified_z_score,Smooth,"Demand was flagged as a spike because observed demand of 365.7 is above the 14-day median baseline of 200.9 with Modified Z-Score = 5.53 (threshold 3.5). MAD = 20.09, residual = +108.1 units.",Review inventory availability and prepare emergency replenishment. Verify promotions or seasonal factors.,5.5286,5.5286,108.05066380427758,39.755095270920926
fbd83da5-8afa-4290-aa9b-b88564004430,2022-07-10,46074,Delhi,40.75,66.9,0.1105,DEMAND_DROP,CRITICAL,0.1105,modified_z_score,Smooth,"Demand was flagged as a drop because observed demand of 40.8 is below the 14-day median baseline of 179.7 with Modified Z-Score = -5.22 (threshold -3.5). MAD = 17.97, residual = -26.1 units.","Check inventory, supply chain, and delivery status. Investigate potential listing or pricing issues.",-5.2152,-5.2152,-26.14824304661859,79.28797078442045
66192c8d-34bc-4897-970a-656141ced4b0,2022-07-10,467637,Delhi,464.48,307.7,0.0481,DEMAND_SPIKE,CRITICAL,0.0481,modified_z_score,Smooth,"Demand was flagged as a spike because observed demand of 464.5 is above the 14-day median baseline of 199.3 with Modified Z-Score = 8.97 (threshold 3.5). MAD = 19.93, residual = +156.8 units.",Review inventory availability and prepare emergency replenishment. Verify promotions or seasonal factors.,8.9738,8.9738,156.77609957090482,38.05799065607349
b73db6ba-1f36-4bef-a714-6f2d9ffcc9e5,2022-07-10,474769,Delhi,421.72,347.14,0.0607,DEMAND_SPIKE,CRITICAL,0.0607,modified_z_score,Smooth,"Demand was flagged as a spike because observed demand of 421.7 is above the 14-day median baseline of 168.9 with Modified Z-Score = 10.10 (threshold 3.5). MAD = 16.89, residual = +74.6 units.",Review inventory availability and prepare emergency replenishment. Verify promotions or seasonal factors.,10.0953,10.0953,74.58364186835996,139.9476112197386
eab8dd16-0140-435b-84a5-1b34ae78571c,2022-07-10,477482,Bengaluru,488.91,268.18,0.0822,DEMAND_SPIKE,CRITICAL,0.0822,modified_z_score,Smooth,"Demand was flagged as a spike because observed demand of 488.9 is above the 14-day median baseline of 286.9 with Modified Z-Score = 4.75 (threshold 3.5). MAD = 28.69, residual = +220.7 units.",Review inventory availability and prepare emergency replenishment. Verify promotions or seasonal factors.,4.7484,4.7484,220.73057957088793,112.02997550259086
1de062e1-9c10-44b9-be5c-9653b59d3b13,2022-07-10,479278,HR-NCR,344.12,183.46,0.0325,DEMAND_SPIKE,CRITICAL,0.0325,modified_z_score,Smooth,"Demand was flagged as a spike because observed demand of 344.1 is above the 14-day median baseline of 139.1 with Modified Z-Score = 9.94 (threshold 3.5). MAD = 13.91, residual = +160.7 units.",Review inventory availability and prepare emergency replenishment. Verify promotions or seasonal factors.,9.9379,9.9379,160.6586518457444,55.211020412595175
b333b7ff-ac34-437d-9991-cdecbec8e5be,2022-07-10,479964,Delhi,488.21,227.62,0.0955,DEMAND_SPIKE,CRITICAL,0.0955,modified_z_score,Smooth,"Demand was flagged as a spike because observed demand of 488.2 is above the 14-day median baseline of 301.8 with Modified Z-Score = 4.17 (threshold 3.5). MAD = 30.18, residual = +260.6 units.",Review inventory availability and prepare emergency replenishment. Verify promotions or seasonal factors.,4.1672,4.1672,260.5909011161733,101.04768475548782
9fa706ea-59a4-40b6-83ec-b78da0b59b8a,2022-07-10,4926,Delhi,451.02,92.84,0.1136,DEMAND_SPIKE,CRITICAL,0.1136,modified_z_score,Smooth,"Demand was flagged as a spike because observed demand of 451.0 is above the 14-day median baseline of 243.2 with Modified Z-Score = 5.76 (threshold 3.5). MAD = 24.32, residual = +358.2 units.",Review inventory availability and prepare emergency replenishment. Verify promotions or seasonal factors.,5.7643,5.7643,358.1834832040271,63.41076251534733
5fdefa3f-d670-42ee-bdf6-506d3a9be138,2022-07-10,4943,Delhi,648.85,564.82,0.0783,DEMAND_SPIKE,CRITICAL,0.0783,modified_z_score,Smooth,"Demand was flagged as a spike because observed demand of 648.9 is above the 14-day median baseline of 383.8 with Modified Z-Score = 4.66 (threshold 3.5). MAD = 38.38, residual = +84.0 units.",Review inventory availability and prepare emergency replenishment. Verify promotions or seasonal factors.,4.6589,4.6589,84.03184165783796,74.14321681718432
bf890121-aa8a-40c3-935b-c7a67fc86c38,2022-07-10,55504,HR-NCR,283.01,189.24,0.0524,DEMAND_SPIKE,CRITICAL,0.0524,modified_z_score,Smooth,"Demand was flagged as a spike because observed demand of 283.0 is above the 14-day median baseline of 174.2 with Modified Z-Score = 4.21 (threshold 3.5). MAD = 17.42, residual = +93.8 units.",Review inventory availability and prepare emergency replenishment. Verify promotions or seasonal factors.,4.2119,4.2119,93.77295482230608,16.704118504129454
b44a1b44-63a5-4e42-82ad-9e2f279c4ac5,2022-07-10,56692,Bengaluru,372.4,258.56,0.0452,DEMAND_SPIKE,CRITICAL,0.0452,modified_z_score,Smooth,"Demand was flagged as a spike because observed demand of 372.4 is above the 14-day median baseline of 193.4 with Modified Z-Score = 6.24 (threshold 3.5). MAD = 19.34, residual = +113.8 units.",Review inventory availability and prepare emergency replenishment. Verify promotions or seasonal factors.,6.2441,6.2441,113.83507065977159,76.53605604550054
ebb137d1-c119-4ab2-b1fc-1ce3192b9a1c,2022-07-10,56692,Delhi,1252.81,1015.43,0.2379,DEMAND_SPIKE,CRITICAL,0.2379,modified_z_score,Smooth,"Demand was flagged as a spike because observed demand of 1252.8 is above the 14-day median baseline of 775.6 with Modified Z-Score = 4.15 (threshold 3.5). MAD = 77.56, residual = +237.4 units.",Review inventory availability and prepare emergency replenishment. Verify promotions or seasonal factors.,4.1501,4.1501,237.38336779618396,153.07756577776
ccd22f78-1ff3-4732-aa5c-d7caa4f999fc,2022-07-10,578,HR-NCR,310.98,163.24,0.0217,DEMAND_SPIKE,CRITICAL,0.0217,modified_z_score,Smooth,"Demand was flagged as a spike because observed demand of 311.0 is above the 14-day median baseline of 187.3 with Modified Z-Score = 4.45 (threshold 3.5). MAD = 18.73, residual = +147.7 units.",Review inventory availability and prepare emergency replenishment. Verify promotions or seasonal factors.,4.4533,4.4533,147.7441259668792,42.90083856989278
bcce38a9-7b1f-450b-bbab-daf3e95193b7,2022-07-10,61743,HR-NCR,266.56,225.84,0.0089,DEMAND_SPIKE,CRITICAL,0.0089,modified_z_score,Smooth,"Demand was flagged as a spike because observed demand of 266.6 is above the 14-day median baseline of 101.1 with Modified Z-Score = 11.03 (threshold 3.5). MAD = 10.11, residual = +40.7 units.",Review inventory availability and prepare emergency replenishment. Verify promotions or seasonal factors.,11.0318,11.0318,40.72226470273853,57.67547271395163
f6859081-3eec-40f0-b50b-619a3a258e53,2022-07-10,65677,Delhi,387.1,377.02,0.0916,DEMAND_SPIKE,CRITICAL,0.0916,modified_z_score,Smooth,"Demand was flagged as a spike because observed demand of 387.1 is above the 14-day median baseline of 222.5 with Modified Z-Score = 4.99 (threshold 3.5). MAD = 22.25, residual = +10.1 units.",Review inventory availability and prepare emergency replenishment. Verify promotions or seasonal factors.,4.9893,4.9893,10.075651553617831,160.38721952235193
7be2a0ae-7cd4-445a-814e-4bc6f1920d75,2022-07-10,82218,Delhi,393.75,231.59,0.0366,DEMAND_SPIKE,CRITICAL,0.0366,modified_z_score,Smooth,"Demand was flagged as a spike because observed demand of 393.8 is above the 14-day median baseline of 238.7 with Modified Z-Score = 4.38 (threshold 3.5). MAD = 23.87, residual = +162.2 units.",Review inventory availability and prepare emergency replenishment. Verify promotions or seasonal factors.,4.3813,4.3813,162.1576367575016,40.99138263098721
1983f3df-c8c5-415c-8a20-62e27a2862a4,2022-07-10,9483,Bengaluru,376.28,30.26,0.1261,DEMAND_SPIKE,CRITICAL,0.1261,modified_z_score,Smooth,"Demand was flagged as a spike because observed demand of 376.3 is above the 14-day median baseline of 104.5 with Modified Z-Score = 17.55 (threshold 3.5). MAD = 10.45, residual = +346.0 units.",Review inventory availability and prepare emergency replenishment. Verify promotions or seasonal factors.,17.5538,17.5538,346.019008120416,102.248019472805
405d8439-f762-46ee-af0d-45192fa16b9a,2022-07-10,95781,Bengaluru,337.76,191.12,0.0606,DEMAND_SPIKE,CRITICAL,0.0606,modified_z_score,Smooth,"Demand was flagged as a spike because observed demand of 337.8 is above the 14-day median baseline of 186.0 with Modified Z-Score = 5.50 (threshold 3.5). MAD = 18.60, residual = +146.6 units.",Review inventory availability and prepare emergency replenishment. Verify promotions or seasonal factors.,5.5047,5.5047,146.6402737567431,137.14232699198953
6c366911-7e23-4af6-bbf6-ab0203e20c73,2022-07-09,10557,HR-NCR,759.62,402.06,0.1512,DEMAND_SPIKE,CRITICAL,0.1512,modified_z_score,Smooth,"Demand was flagged as a spike because observed demand of 759.6 is above the 14-day median baseline of 470.2 with Modified Z-Score = 4.15 (threshold 3.5). MAD = 47.02, residual = +357.6 units.",Review inventory availability and prepare emergency replenishment. Verify promotions or seasonal factors.,4.1519,4.1519,357.56277696834854,93.97154545583011
6c585baa-0560-4cba-80a3-5b0a50391044,2022-07-09,10559,Delhi,607.56,320.22,0.0914,DEMAND_SPIKE,CRITICAL,0.0914,modified_z_score,Smooth,"Demand was flagged as a spike because observed demand of 607.6 is above the 14-day median baseline of 331.7 with Modified Z-Score = 5.61 (threshold 3.5). MAD = 33.17, residual = +287.3 units.",Review inventory availability and prepare emergency replenishment. Verify promotions or seasonal factors.,5.6084,5.6084,287.33826800103617,85.90064575468239
7593441b-f13e-42e0-b392-c4c33935405b,2022-07-09,10562,Delhi,261.09,109.32,0.0441,DEMAND_SPIKE,CRITICAL,0.0441,modified_z_score,Erratic,"Demand was flagged as a spike because observed demand of 261.1 is above the 14-day median baseline of 121.8 with Modified Z-Score = 7.71 (threshold 3.5). MAD = 12.18, residual = +151.8 units.",Review inventory availability and prepare emergency replenishment. Verify promotions or seasonal factors.,7.7112,7.7112,151.77013326011968,112.88946714754722
6ec16fc6-0ac6-4ef9-8b62-5de8134e1d53,2022-07-09,106,Delhi,510.66,349.06,0.0612,DEMAND_SPIKE,CRITICAL,0.0612,modified_z_score,Smooth,"Demand was flagged as a spike because observed demand of 510.7 is above the 14-day median baseline of 312.9 with Modified Z-Score = 4.26 (threshold 3.5). MAD = 31.30, residual = +161.6 units.",Review inventory availability and prepare emergency replenishment. Verify promotions or seasonal factors.,4.2612,4.2612,161.602540719018,87.55529337632468
3a6d5308-f1f3-407b-8df8-9552a1e8cf3a,2022-07-09,106,HR-NCR,274.6,153.6,0.0345,DEMAND_SPIKE,CRITICAL,0.0345,modified_z_score,Smooth,"Demand was flagged as a spike because observed demand of 274.6 is above the 14-day median baseline of 140.9 with Modified Z-Score = 6.40 (threshold 3.5). MAD = 14.09, residual = +121.0 units.",Review inventory availability and prepare emergency replenishment. Verify promotions or seasonal factors.,6.3999,6.3999,121.00247468843207,26.662970007912794
e75dc2d6-885e-4c20-9527-2ef68c61e346,2022-07-09,108085,Delhi,1765.58,161.26,0.6615,DEMAND_SPIKE,CRITICAL,0.6615,modified_z_score+isolation_forest,Smooth,"Demand was flagged as a spike because observed demand of 1765.6 is above the 14-day median baseline of 780.6 with Modified Z-Score = 8.51 (threshold 3.5). MAD = 78.06, residual = +1604.3 units.",Review inventory availability and prepare emergency replenishment. Verify promotions or seasonal factors.,8.5104,8.5104,1604.3160407754126,175.82587374607704
a244b128-c291-4f42-b26e-d83079ed01cc,2022-07-09,108301,Delhi,561.05,261.44,0.1049,DEMAND_SPIKE,CRITICAL,0.1049,modified_z_score,Smooth,"Demand was flagged as a spike because observed demand of 561.0 is above the 14-day median baseline of 329.2 with Modified Z-Score = 4.75 (threshold 3.5). MAD = 32.92, residual = +299.6 units.",Review inventory availability and prepare emergency replenishment. Verify promotions or seasonal factors.,4.752,4.752,299.6080665265384,77.84715734786245
ec9d51fd-fd77-451e-be95-1f62be510663,2022-07-09,11006,HR-NCR,362.43,194.98,0.0351,DEMAND_SPIKE,CRITICAL,0.0351,modified_z_score,Smooth,"Demand was flagged as a spike because observed demand of 362.4 is above the 14-day median baseline of 225.0 with Modified Z-Score = 4.12 (threshold 3.5). MAD = 22.50, residual = +167.4 units.",Review inventory availability and prepare emergency replenishment. Verify promotions or seasonal factors.,4.1201,4.1201,167.44731221924326,41.24916371446647
4d5e236d-8e9b-42fa-8b22-8a3f82bb6459,2022-07-09,110767,Delhi,454.47,518.64,0.3154,DEMAND_SPIKE,CRITICAL,0.3154,modified_z_score,Smooth,"Demand was flagged as a spike because observed demand of 454.5 is above the 14-day median baseline of 196.2 with Modified Z-Score = 8.88 (threshold 3.5). MAD = 19.62, residual = -64.2 units.",Review inventory availability and prepare emergency replenishment. Verify promotions or seasonal factors.,8.8812,8.8812,-64.1723267356457,330.3446114260293
9b1bbcfc-0ea4-491a-becb-2ca934d2e2cb,2022-07-09,111483,Delhi,727.74,428.1,0.2003,DEMAND_SPIKE,CRITICAL,0.2003,modified_z_score,Smooth,"Demand was flagged as a spike because observed demand of 727.7 is above the 14-day median baseline of 374.9 with Modified Z-Score = 6.35 (threshold 3.5). MAD = 37.49, residual = +299.6 units.",Review inventory availability and prepare emergency replenishment. Verify promotions or seasonal factors.,6.3476,6.3476,299.6416365430699,228.70809985890625
e633bf72-77b5-49e0-9bfd-c7e8f3aae1bc,2022-07-09,11150,Delhi,1000.72,785.4,0.1521,DEMAND_SPIKE,CRITICAL,0.1521,modified_z_score,Smooth,"Demand was flagged as a spike because observed demand of 1000.7 is above the 14-day median baseline of 586.2 with Modified Z-Score = 4.77 (threshold 3.5). MAD = 58.62, residual = +215.3 units.",Review inventory availability and prepare emergency replenishment. Verify promotions or seasonal factors.,4.7697,4.7697,215.3204190389548,143.3432851521629
d8528f2f-efe8-46b0-8fa1-65fd7c7b9c73,2022-07-09,11299,Bengaluru,427.18,362.62,0.0603,DEMAND_SPIKE,CRITICAL,0.0603,modified_z_score,Smooth,"Demand was flagged as a spike because observed demand of 427.2 is above the 14-day median baseline of 233.2 with Modified Z-Score = 5.61 (threshold 3.5). MAD = 23.32, residual = +64.6 units.",Review inventory availability and prepare emergency replenishment. Verify promotions or seasonal factors.,5.6114,5.6114,64.56452985245278,138.2145573207003
b56a3519-103d-4e28-9c11-8e7cee4dd784,2022-07-09,117641,Delhi,1556.71,766.24,0.4486,DEMAND_SPIKE,CRITICAL,0.4486,modified_z_score,Smooth,"Demand was flagged as a spike because observed demand of 1556.7 is above the 14-day median baseline of 487.6 with Modified Z-Score = 14.79 (threshold 3.5). MAD = 48.76, residual = +790.5 units.",Review inventory availability and prepare emergency replenishment. Verify promotions or seasonal factors.,14.7911,14.7911,790.4734054276502,214.39623282604572
cb694836-bd46-4844-b934-298199498a79,2022-07-09,117641,HR-NCR,318.11,360.73,0.078,DEMAND_SPIKE,CRITICAL,0.078,modified_z_score,Erratic,"Demand was flagged as a spike because observed demand of 318.1 is above the 14-day median baseline of 130.1 with Modified Z-Score = 9.75 (threshold 3.5). MAD = 13.01, residual = -42.6 units.",Review inventory availability and prepare emergency replenishment. Verify promotions or seasonal factors.,9.7518,9.7518,-42.62000052751648,136.9572107317777
a3d92678-05e4-44d3-bb58-d01c593af35b,2022-07-09,12,Delhi,1378.54,561.85,0.4558,DEMAND_SPIKE,CRITICAL,0.4558,modified_z_score,Smooth,"Demand was flagged as a spike because observed demand of 1378.5 is above the 14-day median baseline of 784.8 with Modified Z-Score = 5.10 (threshold 3.5). MAD = 78.48, residual = +816.7 units.",Review inventory availability and prepare emergency replenishment. Verify promotions or seasonal factors.,5.1025,5.1025,816.6880795340415,253.04416412950525
b93a9703-e1f6-44fc-906e-1b033b9975c6,2022-07-09,14162,Delhi,492.2,313.46,0.0726,DEMAND_SPIKE,CRITICAL,0.0726,modified_z_score,Smooth,"Demand was flagged as a spike because observed demand of 492.2 is above the 14-day median baseline of 285.5 with Modified Z-Score = 4.88 (threshold 3.5). MAD = 28.55, residual = +178.7 units.",Review inventory availability and prepare emergency replenishment. Verify promotions or seasonal factors.,4.8835,4.8835,178.73682403488812,65.58267496341654
7a630955-5068-4433-a092-92d32b47e977,2022-07-09,149,Delhi,303.52,96.77,0.0525,DEMAND_SPIKE,CRITICAL,0.0525,modified_z_score,Smooth,"Demand was flagged as a spike because observed demand of 303.5 is above the 14-day median baseline of 152.8 with Modified Z-Score = 6.65 (threshold 3.5). MAD = 15.28, residual = +206.7 units.",Review inventory availability and prepare emergency replenishment. Verify promotions or seasonal factors.,6.6514,6.6514,206.74647005343712,29.945400314572517
7dfdd5a2-4247-4bb0-83ca-f18ac1cd5e6a,2022-07-09,154617,Delhi,312.38,229.65,0.0341,DEMAND_SPIKE,CRITICAL,0.0341,modified_z_score,Smooth,"Demand was flagged as a spike because observed demand of 312.4 is above the 14-day median baseline of 178.8 with Modified Z-Score = 5.04 (threshold 3.5). MAD = 17.88, residual = +82.7 units.",Review inventory availability and prepare emergency replenishment. Verify promotions or seasonal factors.,5.0381,5.0381,82.72701843057706,107.26816379656042
6c12791b-bbbe-40d9-a24e-63e4f160fb2f,2022-07-09,169812,Delhi,848.97,356.7,0.2261,DEMAND_SPIKE,CRITICAL,0.2261,modified_z_score,Smooth,"Demand was flagged as a spike because observed demand of 849.0 is above the 14-day median baseline of 478.9 with Modified Z-Score = 5.21 (threshold 3.5). MAD = 47.89, residual = +492.3 units.",Review inventory availability and prepare emergency replenishment. Verify promotions or seasonal factors.,5.2111,5.2111,492.2702742780531,128.76430794284573
ae35d0d0-19a7-4a84-b4a2-cdde1b4febef,2022-07-09,174727,Delhi,399.22,298.0,0.0527,DEMAND_SPIKE,CRITICAL,0.0527,modified_z_score,Smooth,"Demand was flagged as a spike because observed demand of 399.2 is above the 14-day median baseline of 216.3 with Modified Z-Score = 5.70 (threshold 3.5). MAD = 21.63, residual = +101.2 units.",Review inventory availability and prepare emergency replenishment. Verify promotions or seasonal factors.,5.7015,5.7015,101.21579649074988,116.91681609466744
4e4321a3-290a-414a-8814-3cf50440edfc,2022-07-09,176190,Bengaluru,1385.48,819.08,0.3629,DEMAND_SPIKE,CRITICAL,0.3629,modified_z_score,Smooth,"Demand was flagged as a spike because observed demand of 1385.5 is above the 14-day median baseline of 773.7 with Modified Z-Score = 5.33 (threshold 3.5). MAD = 77.37, residual = +566.4 units.",Review inventory availability and prepare emergency replenishment. Verify promotions or seasonal factors.,5.3341,5.3341,566.3951531363994,159.51725394810072
788e03f0-702d-4a83-98f4-2631076abf6a,2022-07-09,179771,HR-NCR,239.69,153.59,0.0401,DEMAND_SPIKE,CRITICAL,0.0401,modified_z_score,Smooth,"Demand was flagged as a spike because observed demand of 239.7 is above the 14-day median baseline of 137.3 with Modified Z-Score = 5.03 (threshold 3.5). MAD = 13.73, residual = +86.1 units.",Review inventory availability and prepare emergency replenishment. Verify promotions or seasonal factors.,5.0296,5.0296,86.10331906691806,20.710087905931946
dc1d6f5c-c1ee-4d34-bc87-a6b11bf3fe59,2022-07-09,18546,Bengaluru,213.88,316.33,0.0994,DEMAND_SPIKE,CRITICAL,0.0994,modified_z_score,Smooth,"Demand was flagged as a spike because observed demand of 213.9 is above the 14-day median baseline of 120.7 with Modified Z-Score = 5.21 (threshold 3.5). MAD = 12.07, residual = -102.5 units.",Review inventory availability and prepare emergency replenishment. Verify promotions or seasonal factors.,5.2096,5.2096,-102.45398331063882,81.55364736303513
ddddac53-df30-4534-8eff-487fb8ae4251,2022-07-09,18575,HR-NCR,81.26,129.54,0.0649,DEMAND_DROP,CRITICAL,0.0649,modified_z_score,Smooth,"Demand was flagged as a drop because observed demand of 81.3 is below the 14-day median baseline of 221.8 with Modified Z-Score = -4.27 (threshold -3.5). MAD = 22.18, residual = -48.3 units.","Check inventory, supply chain, and delivery status. Investigate potential listing or pricing issues.",-4.2743,-4.2743,-48.27573584007028,63.59745647148834
a8932973-c916-4333-a3d1-e3df8d77b0eb,2022-07-09,190325,Bengaluru,470.01,144.89,0.1001,DEMAND_SPIKE,CRITICAL,0.1001,modified_z_score,Smooth,"Demand was flagged as a spike because observed demand of 470.0 is above the 14-day median baseline of 257.0 with Modified Z-Score = 5.59 (threshold 3.5). MAD = 25.70, residual = +325.1 units.",Review inventory availability and prepare emergency replenishment. Verify promotions or seasonal factors.,5.589,5.589,325.11784854060693,57.26226105448009
aa3ea273-837c-4838-9f5d-35cf7743377d,2022-07-09,192,Delhi,2186.09,1406.55,0.592,DEMAND_SPIKE,CRITICAL,0.592,modified_z_score,Smooth,"Demand was flagged as a spike because observed demand of 2186.1 is above the 14-day median baseline of 1371.7 with Modified Z-Score = 4.00 (threshold 3.5). MAD = 137.17, residual = +779.5 units.",Review inventory availability and prepare emergency replenishment. Verify promotions or seasonal factors.,4.0043,4.0043,779.5383861842781,425.6382475345534
01dfe11c-fa20-4ae5-8200-c12ab3986d02,2022-07-09,19281,Delhi,258.13,197.88,0.0028,DEMAND_SPIKE,CRITICAL,0.0028,modified_z_score,Smooth,"Demand was flagged as a spike because observed demand of 258.1 is above the 14-day median baseline of 155.3 with Modified Z-Score = 4.47 (threshold 3.5). MAD = 15.53, residual = +60.2 units.",Review inventory availability and prepare emergency replenishment. Verify promotions or seasonal factors.,4.4654,4.4654,60.24861932903809,51.752583493138644
077de914-e587-49a3-96b7-4a8c1e036caa,2022-07-09,19507,Delhi,381.23,488.86,0.1308,DEMAND_SPIKE,CRITICAL,0.1308,modified_z_score,Erratic,"Demand was flagged as a spike because observed demand of 381.2 is above the 14-day median baseline of 70.3 with Modified Z-Score = 29.83 (threshold 3.5). MAD = 7.03, residual = -107.6 units.",Review inventory availability and prepare emergency replenishment. Verify promotions or seasonal factors.,29.8325,29.8325,-107.63030149068106,140.16084958131904
6dfcd074-9604-4f3f-829a-bb0f3514b0b0,2022-07-09,206314,HR-NCR,527.48,271.11,0.0961,DEMAND_SPIKE,CRITICAL,0.0961,modified_z_score,Erratic,"Demand was flagged as a spike because observed demand of 527.5 is above the 14-day median baseline of 212.7 with Modified Z-Score = 9.98 (threshold 3.5). MAD = 21.27, residual = +256.4 units.",Review inventory availability and prepare emergency replenishment. Verify promotions or seasonal factors.,9.9809,9.9809,256.3662551513716,79.53740660846317
1764ee13-8d23-4c09-ae0f-4cbd0576a7d2,2022-07-09,207832,Delhi,271.36,365.53,0.1326,DEMAND_SPIKE,CRITICAL,0.1326,modified_z_score,Erratic,"Demand was flagged as a spike because observed demand of 271.4 is above the 14-day median baseline of 155.6 with Modified Z-Score = 5.02 (threshold 3.5). MAD = 15.56, residual = -94.2 units.",Review inventory availability and prepare emergency replenishment. Verify promotions or seasonal factors.,5.0169,5.0169,-94.1746124371831,160.07333132036703
7d34e79a-88b6-42ea-8063-03a98e82c090,2022-07-09,233518,Delhi,539.49,81.37,0.1822,DEMAND_SPIKE,CRITICAL,0.1822,modified_z_score,Smooth,"Demand was flagged as a spike because observed demand of 539.5 is above the 14-day median baseline of 132.2 with Modified Z-Score = 20.77 (threshold 3.5). MAD = 13.23, residual = +458.1 units.",Review inventory availability and prepare emergency replenishment. Verify promotions or seasonal factors.,20.77,20.77,458.12215013502487,128.71323627683807
a0b7539a-7127-429d-a784-da9a0c0725bb,2022-07-09,253317,Delhi,1726.59,1293.14,0.4552,DEMAND_SPIKE,CRITICAL,0.4552,modified_z_score,Smooth,"Demand was flagged as a spike because observed demand of 1726.6 is above the 14-day median baseline of 1042.7 with Modified Z-Score = 4.42 (threshold 3.5). MAD = 104.27, residual = +433.4 units.",Review inventory availability and prepare emergency replenishment. Verify promotions or seasonal factors.,4.4244,4.4244,433.44749074821084,374.26800969167994
be26e1a4-2e2b-457c-aafa-2ae3ff9e02ab,2022-07-09,277,Delhi,1096.15,398.24,0.3514,DEMAND_SPIKE,CRITICAL,0.3514,modified_z_score,Smooth,"Demand was flagged as a spike because observed demand of 1096.2 is above the 14-day median baseline of 564.7 with Modified Z-Score = 6.35 (threshold 3.5). MAD = 56.47, residual = +697.9 units.",Review inventory availability and prepare emergency replenishment. Verify promotions or seasonal factors.,6.3472,6.3472,697.9105019555927,198.46476520675256
bc51de22-1766-4fc0-8e55-5769d018d985,2022-07-09,277,HR-NCR,316.78,203.71,0.0244,DEMAND_SPIKE,CRITICAL,0.0244,modified_z_score,Smooth,"Demand was flagged as a spike because observed demand of 316.8 is above the 14-day median baseline of 147.6 with Modified Z-Score = 7.73 (threshold 3.5). MAD = 14.76, residual = +113.1 units.",Review inventory availability and prepare emergency replenishment. Verify promotions or seasonal factors.,7.7312,7.7312,113.07489720087608,46.94163906992841
2f16d9ac-9ce2-4c66-a144-4dfef8e87140,2022-07-09,283,Delhi,1618.38,915.31,0.4507,DEMAND_SPIKE,CRITICAL,0.4507,modified_z_score,Smooth,"Demand was flagged as a spike because observed demand of 1618.4 is above the 14-day median baseline of 934.5 with Modified Z-Score = 4.94 (threshold 3.5). MAD = 93.45, residual = +703.1 units.",Review inventory availability and prepare emergency replenishment. Verify promotions or seasonal factors.,4.9359,4.9359,703.0740217587753,147.25777340626686
207720f6-1b35-4d06-997f-f67e413c5d5a,2022-07-09,28390,Bengaluru,502.6,301.0,0.1038,DEMAND_SPIKE,CRITICAL,0.1038,modified_z_score,Erratic,"Demand was flagged as a spike because observed demand of 502.6 is above the 14-day median baseline of 61.2 with Modified Z-Score = 48.65 (threshold 3.5). MAD = 6.12, residual = +201.6 units.",Review inventory availability and prepare emergency replenishment. Verify promotions or seasonal factors.,48.6478,48.6478,201.6022927486386,156.945254968549
72cf3b1d-6873-4486-9d80-6da89fc2ca16,2022-07-09,300635,Bengaluru,240.88,0.42,0.0469,DEMAND_SPIKE,CRITICAL,0.0469,modified_z_score,Smooth,"Demand was flagged as a spike because observed demand of 240.9 is above the 14-day median baseline of 136.1 with Modified Z-Score = 5.19 (threshold 3.5). MAD = 13.61, residual = +240.5 units.",Review inventory availability and prepare emergency replenishment. Verify promotions or seasonal factors.,5.1911,5.1911,240.46021268797574,47.80581763760557
88ea1b9f-ccea-4cce-ae3e-39428a157a78,2022-07-09,312,Delhi,786.87,514.75,0.1317,DEMAND_SPIKE,CRITICAL,0.1317,modified_z_score,Smooth,"Demand was flagged as a spike because observed demand of 786.9 is above the 14-day median baseline of 411.0 with Modified Z-Score = 6.17 (threshold 3.5). MAD = 41.10, residual = +272.1 units.",Review inventory availability and prepare emergency replenishment. Verify promotions or seasonal factors.,6.1688,6.1688,272.12130890100025,89.02339174942409
1976d168-e574-4dc5-a487-37e312fe8c58,2022-07-09,314,Delhi,2758.64,1262.81,0.7612,VOLATILITY_ANOMALY,CRITICAL,0.7612,rolling_volatility_threshold,Smooth,Demand volatility flagged: 14-day rolling std of 509.64 is 1.6x the 95th-percentile baseline (322.03) for product 314 in Delhi.,Review recent order patterns and supply chain disruptions. Consider adjusting safety-stock buffers.,4.9331,4.9331,1495.8279317051815,509.6371431697403
7112d935-ba80-4959-b1f1-3cf6ec52a9c6,2022-07-09,314,Delhi,2758.64,1262.81,0.7612,DEMAND_SPIKE,CRITICAL,0.7612,modified_z_score+isolation_forest,Smooth,"Demand was flagged as a spike because observed demand of 2758.6 is above the 14-day median baseline of 1593.3 with Modified Z-Score = 4.93 (threshold 3.5). MAD = 159.33, residual = +1495.8 units.",Review inventory availability and prepare emergency replenishment. Verify promotions or seasonal factors.,4.9331,4.9331,1495.8279317051815,509.6371431697403
0846bbf1-8bd6-4054-9d20-32164cf19f81,2022-07-09,314,Mumbai,37.84,284.52,0.2956,DEMAND_DROP,CRITICAL,0.2956,modified_z_score,Smooth,"Demand was flagged as a drop because observed demand of 37.8 is below the 14-day median baseline of 297.9 with Modified Z-Score = -5.89 (threshold -3.5). MAD = 29.79, residual = -246.7 units.","Check inventory, supply chain, and delivery status. Investigate potential listing or pricing issues.",-5.8882,-5.8882,-246.6830328102428,132.99293739975175
07319830-5146-4ad1-81ec-0fcef63c49be,2022-07-09,318,Delhi,191.4,617.95,0.3762,DEMAND_SPIKE,CRITICAL,0.3762,modified_z_score,Smooth,"Demand was flagged as a spike because observed demand of 191.4 is above the 14-day median baseline of 87.0 with Modified Z-Score = 8.09 (threshold 3.5). MAD = 8.70, residual = -426.5 units.",Review inventory availability and prepare emergency replenishment. Verify promotions or seasonal factors.,8.0906,8.0906,-426.5468152771223,236.88314388186663
716a13e2-69e2-4a6c-a82c-8a9447460111,2022-07-09,3234,Delhi,234.92,144.91,0.016,DEMAND_SPIKE,CRITICAL,0.016,modified_z_score,Smooth,"Demand was flagged as a spike because observed demand of 234.9 is above the 14-day median baseline of 134.9 with Modified Z-Score = 5.00 (threshold 3.5). MAD = 13.49, residual = +90.0 units.",Review inventory availability and prepare emergency replenishment. Verify promotions or seasonal factors.,5.0032,5.0032,90.00770898056149,38.19046814511256
035fec5d-5a49-4bce-b282-dadc63de54d6,2022-07-09,329500,Mumbai,415.63,287.45,0.1007,DEMAND_SPIKE,CRITICAL,0.1007,modified_z_score,Smooth,"Demand was flagged as a spike because observed demand of 415.6 is above the 14-day median baseline of 252.9 with Modified Z-Score = 4.34 (threshold 3.5). MAD = 25.29, residual = +128.2 units.",Review inventory availability and prepare emergency replenishment. Verify promotions or seasonal factors.,4.3392,4.3392,128.17883955794719,165.21023099912944
eb07b36f-9f5c-48ed-bec9-64f62970491e,2022-07-09,329549,HR-NCR,530.81,119.86,0.166,DEMAND_SPIKE,CRITICAL,0.166,modified_z_score,Smooth,"Demand was flagged as a spike because observed demand of 530.8 is above the 14-day median baseline of 245.7 with Modified Z-Score = 7.82 (threshold 3.5). MAD = 24.57, residual = +411.0 units.",Review inventory availability and prepare emergency replenishment. Verify promotions or seasonal factors.,7.8248,7.8248,410.95289200157333,126.31933902811556
5b916996-9c40-4d4c-92ea-60c09b45061c,2022-07-09,32976,Delhi,202.4,103.52,0.0264,DEMAND_SPIKE,CRITICAL,0.0264,modified_z_score,Smooth,"Demand was flagged as a spike because observed demand of 202.4 is above the 14-day median baseline of 123.2 with Modified Z-Score = 4.34 (threshold 3.5). MAD = 12.32, residual = +98.9 units.",Review inventory availability and prepare emergency replenishment. Verify promotions or seasonal factors.,4.3383,4.3383,98.87720920114468,72.17543423591476
b4327672-1c19-478e-b989-b89374862c94,2022-07-09,339179,Bengaluru,345.95,39.82,0.2135,DEMAND_SPIKE,CRITICAL,0.2135,modified_z_score,Smooth,"Demand was flagged as a spike because observed demand of 345.9 is above the 14-day median baseline of 147.8 with Modified Z-Score = 9.04 (threshold 3.5). MAD = 14.78, residual = +306.1 units.",Review inventory availability and prepare emergency replenishment. Verify promotions or seasonal factors.,9.0406,9.0406,306.12997828150355,243.9802845664847
d291f114-f4ab-4fad-a580-37e85cd87fbd,2022-07-09,3471,Delhi,673.73,236.35,0.1864,DEMAND_SPIKE,CRITICAL,0.1864,modified_z_score,Smooth,"Demand was flagged as a spike because observed demand of 673.7 is above the 14-day median baseline of 314.7 with Modified Z-Score = 7.70 (threshold 3.5). MAD = 31.47, residual = +437.4 units.",Review inventory availability and prepare emergency replenishment. Verify promotions or seasonal factors.,7.6958,7.6958,437.3773318799349,159.66509529995233
fe8a8849-221c-4926-b45a-8cda718d1376,2022-07-09,34778,Delhi,2708.99,1229.39,0.7209,DEMAND_SPIKE,CRITICAL,0.7209,modified_z_score+isolation_forest,Smooth,"Demand was flagged as a spike because observed demand of 2709.0 is above the 14-day median baseline of 1493.6 with Modified Z-Score = 5.49 (threshold 3.5). MAD = 149.36, residual = +1479.6 units.",Review inventory availability and prepare emergency replenishment. Verify promotions or seasonal factors.,5.4888,5.4888,1479.59983413022,365.49797141317055
952b552f-c8a1-4efe-9704-ffa8c74d5eb1,2022-07-09,350169,Delhi,434.87,302.91,0.043,DEMAND_SPIKE,CRITICAL,0.043,modified_z_score,Smooth,"Demand was flagged as a spike because observed demand of 434.9 is above the 14-day median baseline of 246.9 with Modified Z-Score = 5.14 (threshold 3.5). MAD = 24.69, residual = +132.0 units.",Review inventory availability and prepare emergency replenishment. Verify promotions or seasonal factors.,5.1358,5.1358,131.9607966202414,84.28450644564346
35315474-5939-4490-93e3-fea51df38e95,2022-07-09,352443,HR-NCR,1831.13,751.67,0.5845,DEMAND_SPIKE,CRITICAL,0.5845,modified_z_score,Smooth,"Demand was flagged as a spike because observed demand of 1831.1 is above the 14-day median baseline of 1024.2 with Modified Z-Score = 5.31 (threshold 3.5). MAD = 102.42, residual = +1079.5 units.",Review inventory availability and prepare emergency replenishment. Verify promotions or seasonal factors.,5.3138,5.3138,1079.458752616069,270.52536173685667
36d9603d-1f6b-488c-b0e4-f8cafc6092cf,2022-07-09,362796,Mumbai,365.71,132.37,0.0586,DEMAND_SPIKE,CRITICAL,0.0586,modified_z_score,Smooth,"Demand was flagged as a spike because observed demand of 365.7 is above the 14-day median baseline of 212.3 with Modified Z-Score = 4.87 (threshold 3.5). MAD = 21.23, residual = +233.3 units.",Review inventory availability and prepare emergency replenishment. Verify promotions or seasonal factors.,4.8715,4.8715,233.34280641633768,41.378857761456594
c6975e7a-311c-4f0f-bd26-c93687035293,2022-07-09,363541,Delhi,793.8,458.89,0.1955,DEMAND_SPIKE,CRITICAL,0.1955,modified_z_score,Erratic,"Demand was flagged as a spike because observed demand of 793.8 is above the 14-day median baseline of 465.2 with Modified Z-Score = 4.76 (threshold 3.5). MAD = 46.52, residual = +334.9 units.",Review inventory availability and prepare emergency replenishment. Verify promotions or seasonal factors.,4.7637,4.7637,334.90762738547204,176.97127647789142
85babe1c-2f5f-46ee-a8a4-e7633450b4ac,2022-07-09,364177,Delhi,417.32,203.64,0.0631,DEMAND_SPIKE,CRITICAL,0.0631,modified_z_score,Smooth,"Demand was flagged as a spike because observed demand of 417.3 is above the 14-day median baseline of 260.8 with Modified Z-Score = 4.05 (threshold 3.5). MAD = 26.08, residual = +213.7 units.",Review inventory availability and prepare emergency replenishment. Verify promotions or seasonal factors.,4.0462,4.0462,213.6805831505627,75.29568218269318
035970a6-7ddb-497f-bf6d-a7a7c27074c3,2022-07-09,366321,Delhi,1214.73,561.95,0.3818,DEMAND_SPIKE,CRITICAL,0.3818,modified_z_score,Smooth,"Demand was flagged as a spike because observed demand of 1214.7 is above the 14-day median baseline of 527.8 with Modified Z-Score = 8.78 (threshold 3.5). MAD = 52.78, residual = +652.8 units.",Review inventory availability and prepare emergency replenishment. Verify promotions or seasonal factors.,8.7787,8.7787,652.779860448897,178.58174252785676
fddd496d-8545-4d30-8e43-b5bbf7262094,2022-07-09,366492,Delhi,811.79,3.37,0.3623,DEMAND_SPIKE,CRITICAL,0.3623,modified_z_score,Smooth,"Demand was flagged as a spike because observed demand of 811.8 is above the 14-day median baseline of 144.5 with Modified Z-Score = 31.16 (threshold 3.5). MAD = 14.45, residual = +808.4 units.",Review inventory availability and prepare emergency replenishment. Verify promotions or seasonal factors.,31.1584,31.1584,808.4191569416524,180.45390693134277
0ed027e4-c816-4d6c-a518-6915c04c14c1,2022-07-09,367837,Bengaluru,386.23,4.33,0.1776,DEMAND_SPIKE,CRITICAL,0.1776,modified_z_score,Smooth,"Demand was flagged as a spike because observed demand of 386.2 is above the 14-day median baseline of 131.2 with Modified Z-Score = 13.11 (threshold 3.5). MAD = 13.12, residual = +381.9 units.",Review inventory availability and prepare emergency replenishment. Verify promotions or seasonal factors.,13.1073,13.1073,381.8973670094403,160.71531207608777
192f45f1-a4bd-44aa-824c-5b0c2936b8b8,2022-07-09,368150,Mumbai,219.63,125.67,0.0294,DEMAND_SPIKE,CRITICAL,0.0294,modified_z_score,Smooth,"Demand was flagged as a spike because observed demand of 219.6 is above the 14-day median baseline of 112.9 with Modified Z-Score = 6.38 (threshold 3.5). MAD = 11.29, residual = +94.0 units.",Review inventory availability and prepare emergency replenishment. Verify promotions or seasonal factors.,6.3805,6.3805,93.96435200329175,77.40702898131595
14a372be-e64c-4110-af04-62bbc4c2347f,2022-07-09,369752,Delhi,3174.92,862.49,0.813,DEMAND_SPIKE,CRITICAL,0.813,modified_z_score+isolation_forest,Smooth,"Demand was flagged as a spike because observed demand of 3174.9 is above the 14-day median baseline of 1055.0 with Modified Z-Score = 13.55 (threshold 3.5). MAD = 105.50, residual = +2312.4 units.",Review inventory availability and prepare emergency replenishment. Verify promotions or seasonal factors.,13.5538,13.5538,2312.4303605933387,476.9629081995939
c12d121f-ec39-4773-a94f-a3316d83527a,2022-07-09,372351,Delhi,440.72,187.29,0.0648,DEMAND_SPIKE,CRITICAL,0.0648,modified_z_score,Smooth,"Demand was flagged as a spike because observed demand of 440.7 is above the 14-day median baseline of 147.0 with Modified Z-Score = 13.48 (threshold 3.5). MAD = 14.70, residual = +253.4 units.",Review inventory availability and prepare emergency replenishment. Verify promotions or seasonal factors.,13.4792,13.4792,253.43380055263822,60.6388583571388
4b441086-5faf-4a79-a35a-3011f41ff5b4,2022-07-09,380156,Delhi,480.56,221.01,0.0859,DEMAND_SPIKE,CRITICAL,0.0859,modified_z_score,Smooth,"Demand was flagged as a spike because observed demand of 480.6 is above the 14-day median baseline of 221.8 with Modified Z-Score = 7.87 (threshold 3.5). MAD = 22.18, residual = +259.5 units.",Review inventory availability and prepare emergency replenishment. Verify promotions or seasonal factors.,7.8709,7.8709,259.54949488753317,64.56538401109374
b623912b-2ba2-4ddf-a9d8-80e0f155a1a1,2022-07-09,383401,Delhi,412.51,227.75,0.0449,DEMAND_SPIKE,CRITICAL,0.0449,modified_z_score,Smooth,"Demand was flagged as a spike because observed demand of 412.5 is above the 14-day median baseline of 224.2 with Modified Z-Score = 5.66 (threshold 3.5). MAD = 22.43, residual = +184.8 units.",Review inventory availability and prepare emergency replenishment. Verify promotions or seasonal factors.,5.6625,5.6625,184.7610784137267,61.3593731197024
fc9ae690-032c-4930-972b-482b8d05975c,2022-07-09,3881,Delhi,8723.71,3759.96,0.9804,VOLATILITY_ANOMALY,CRITICAL,0.9804,rolling_volatility_threshold,Smooth,Demand volatility flagged: 14-day rolling std of 1057.88 is 3.3x the 95th-percentile baseline (322.03) for product 3881 in Delhi.,Review recent order patterns and supply chain disruptions. Consider adjusting safety-stock buffers.,7.4924,7.4924,4963.745012690083,1057.8794763574035
b734c8f2-e9c4-4e19-9b08-51444f30eee0,2022-07-09,3881,Delhi,8723.71,3759.96,0.9804,DEMAND_SPIKE,CRITICAL,0.9804,modified_z_score+isolation_forest,Smooth,"Demand was flagged as a spike because observed demand of 8723.7 is above the 14-day median baseline of 4132.9 with Modified Z-Score = 7.49 (threshold 3.5). MAD = 413.29, residual = +4963.7 units.",Review inventory availability and prepare emergency replenishment. Verify promotions or seasonal factors.,7.4924,7.4924,4963.745012690083,1057.8794763574035
bd5b78e0-80a6-4ab4-9218-e78b16567c3a,2022-07-09,3889,Delhi,441.31,258.94,0.6613,VOLATILITY_ANOMALY,CRITICAL,0.6613,rolling_volatility_threshold,Smooth,Demand volatility flagged: 14-day rolling std of 995.50 is 3.1x the 95th-percentile baseline (322.03) for product 3889 in Delhi.,Review recent order patterns and supply chain disruptions. Consider adjusting safety-stock buffers.,-4.8119,-4.8119,182.36546893256462,995.5031816552442
7902669d-4948-4027-9932-e0b3dea7079e,2022-07-09,3889,HR-NCR,2127.77,1167.82,0.6789,VOLATILITY_ANOMALY,CRITICAL,0.6789,rolling_volatility_threshold,Smooth,Demand volatility flagged: 14-day rolling std of 516.98 is 1.6x the 95th-percentile baseline (322.03) for product 3889 in HR-NCR.,Review recent order patterns and supply chain disruptions. Consider adjusting safety-stock buffers.,6.3894,6.3894,959.9495719216825,516.9797462028164
185d5f27-a477-4aa4-a742-d36eb8cd929f,2022-07-09,3889,Delhi,441.31,258.94,0.6613,DEMAND_DROP,CRITICAL,0.6613,modified_z_score+isolation_forest,Smooth,"Demand was flagged as a drop because observed demand of 441.3 is below the 14-day median baseline of 1539.8 with Modified Z-Score = -4.81 (threshold -3.5). MAD = 153.98, residual = +182.4 units.","Check inventory, supply chain, and delivery status. Investigate potential listing or pricing issues.",-4.8119,-4.8119,182.36546893256462,995.5031816552442
0a001f8a-3ba9-462f-afc7-7b98057ea737,2022-07-09,3889,HR-NCR,2127.77,1167.82,0.6789,DEMAND_SPIKE,CRITICAL,0.6789,modified_z_score+isolation_forest,Smooth,"Demand was flagged as a spike because observed demand of 2127.8 is above the 14-day median baseline of 1092.7 with Modified Z-Score = 6.39 (threshold 3.5). MAD = 109.27, residual = +959.9 units.",Review inventory availability and prepare emergency replenishment. Verify promotions or seasonal factors.,6.3894,6.3894,959.9495719216825,516.9797462028164
12a13556-0773-4f2c-b045-5cc3029227a5,2022-07-09,389662,Delhi,385.24,228.71,0.0305,DEMAND_SPIKE,CRITICAL,0.0305,modified_z_score,Smooth,"Demand was flagged as a spike because observed demand of 385.2 is above the 14-day median baseline of 204.4 with Modified Z-Score = 5.97 (threshold 3.5). MAD = 20.44, residual = +156.5 units.",Review inventory availability and prepare emergency replenishment. Verify promotions or seasonal factors.,5.97,5.97,156.52897864212918,43.78734338905968
662c11e8-fa37-4f97-af86-5838501dfc61,2022-07-09,389683,HR-NCR,261.49,181.53,0.016,DEMAND_SPIKE,CRITICAL,0.016,modified_z_score,Smooth,"Demand was flagged as a spike because observed demand of 261.5 is above the 14-day median baseline of 160.8 with Modified Z-Score = 4.22 (threshold 3.5). MAD = 16.08, residual = +80.0 units.",Review inventory availability and prepare emergency replenishment. Verify promotions or seasonal factors.,4.2233,4.2233,79.9596678554164,36.939820727192796
c54a7759-3391-4168-a3e9-2c9c2c721c9e,2022-07-09,389684,Delhi,67.51,195.95,0.1439,DEMAND_DROP,CRITICAL,0.1439,modified_z_score,Smooth,"Demand was flagged as a drop because observed demand of 67.5 is below the 14-day median baseline of 208.7 with Modified Z-Score = -4.56 (threshold -3.5). MAD = 20.87, residual = -128.4 units.","Check inventory, supply chain, and delivery status. Investigate potential listing or pricing issues.",-4.5633,-4.5633,-128.4409843400606,44.33921980030772
690e6ccb-d059-4419-ac56-c7915c67fb18,2022-07-09,389703,HR-NCR,365.01,160.34,0.0558,DEMAND_SPIKE,CRITICAL,0.0558,modified_z_score,Smooth,"Demand was flagged as a spike because observed demand of 365.0 is above the 14-day median baseline of 159.1 with Modified Z-Score = 8.73 (threshold 3.5). MAD = 15.91, residual = +204.7 units.",Review inventory availability and prepare emergency replenishment. Verify promotions or seasonal factors.,8.728,8.728,204.66662206937804,90.14562550792071
ca271860-79ba-4e7d-84d2-cab7e38e2f06,2022-07-09,389725,Delhi,482.08,413.6,0.1655,DEMAND_SPIKE,CRITICAL,0.1655,modified_z_score,Smooth,"Demand was flagged as a spike because observed demand of 482.1 is above the 14-day median baseline of 252.8 with Modified Z-Score = 6.12 (threshold 3.5). MAD = 25.28, residual = +68.5 units.",Review inventory availability and prepare emergency replenishment. Verify promotions or seasonal factors.,6.1187,6.1187,68.47726986979279,245.62930979134276
848d6c1e-0f54-4d81-86c1-a053819f2e6f,2022-07-09,389735,Delhi,1525.43,892.17,0.4742,DEMAND_SPIKE,CRITICAL,0.4742,modified_z_score,Smooth,"Demand was flagged as a spike because observed demand of 1525.4 is above the 14-day median baseline of 835.1 with Modified Z-Score = 5.58 (threshold 3.5). MAD = 83.51, residual = +633.3 units.",Review inventory availability and prepare emergency replenishment. Verify promotions or seasonal factors.,5.5751,5.5751,633.2571741122892,385.07763573216164
99e3ac97-e390-4a43-905f-06a691c5cf65,2022-07-09,391333,HR-NCR,164.08,65.87,0.1247,DEMAND_DROP,CRITICAL,0.1247,modified_z_score,Smooth,"Demand was flagged as a drop because observed demand of 164.1 is below the 14-day median baseline of 551.8 with Modified Z-Score = -4.74 (threshold -3.5). MAD = 55.18, residual = +98.2 units.","Check inventory, supply chain, and delivery status. Investigate potential listing or pricing issues.",-4.7393,-4.7393,98.21326074728933,170.13461115393304
f8960c7b-2beb-434f-a333-3f8d7bdef7af,2022-07-09,391684,Delhi,210.09,30.33,0.0491,DEMAND_SPIKE,CRITICAL,0.0491,modified_z_score,Smooth,"Demand was flagged as a spike because observed demand of 210.1 is above the 14-day median baseline of 125.8 with Modified Z-Score = 4.52 (threshold 3.5). MAD = 12.58, residual = +179.8 units.",Review inventory availability and prepare emergency replenishment. Verify promotions or seasonal factors.,4.5229,4.5229,179.764871367656,92.00245183068299
294d07f5-e96b-496f-80f5-77af18e8334e,2022-07-09,39493,HR-NCR,411.3,256.63,0.0445,DEMAND_SPIKE,CRITICAL,0.0445,modified_z_score,Smooth,"Demand was flagged as a spike because observed demand of 411.3 is above the 14-day median baseline of 255.1 with Modified Z-Score = 4.13 (threshold 3.5). MAD = 25.51, residual = +154.7 units.",Review inventory availability and prepare emergency replenishment. Verify promotions or seasonal factors.,4.1315,4.1315,154.6710440996086,82.77088790105235
bfb6a997-ad72-4b16-a5c2-02bb4bceb03d,2022-07-09,401282,Delhi,555.33,49.58,0.1759,DEMAND_SPIKE,CRITICAL,0.1759,modified_z_score,Smooth,"Demand was flagged as a spike because observed demand of 555.3 is above the 14-day median baseline of 148.8 with Modified Z-Score = 18.44 (threshold 3.5). MAD = 14.88, residual = +505.7 units.",Review inventory availability and prepare emergency replenishment. Verify promotions or seasonal factors.,18.4362,18.4362,505.74955284213695,91.29782703563416
8b75cc74-0fe4-4540-8124-bffa9a54166b,2022-07-09,403799,Delhi,1183.94,748.64,0.2901,DEMAND_SPIKE,CRITICAL,0.2901,modified_z_score,Smooth,"Demand was flagged as a spike because observed demand of 1183.9 is above the 14-day median baseline of 694.1 with Modified Z-Score = 4.76 (threshold 3.5). MAD = 69.41, residual = +435.3 units.",Review inventory availability and prepare emergency replenishment. Verify promotions or seasonal factors.,4.7607,4.7607,435.2950993330235,188.18808918871565
ce15fcc5-ac79-4918-a2e6-abbfb0257695,2022-07-09,421703,HR-NCR,1387.8,895.09,0.3431,DEMAND_SPIKE,CRITICAL,0.3431,modified_z_score,Smooth,"Demand was flagged as a spike because observed demand of 1387.8 is above the 14-day median baseline of 849.8 with Modified Z-Score = 4.27 (threshold 3.5). MAD = 84.98, residual = +492.7 units.",Review inventory availability and prepare emergency replenishment. Verify promotions or seasonal factors.,4.2708,4.2708,492.708651501424,103.94748783297126
0f2a8e20-f559-4466-a74d-dfaac28d7c63,2022-07-09,422948,Delhi,792.94,294.05,0.2111,DEMAND_SPIKE,CRITICAL,0.2111,modified_z_score,Smooth,"Demand was flagged as a spike because observed demand of 792.9 is above the 14-day median baseline of 317.4 with Modified Z-Score = 10.11 (threshold 3.5). MAD = 31.74, residual = +498.9 units.",Review inventory availability and prepare emergency replenishment. Verify promotions or seasonal factors.,10.1083,10.1083,498.8901606469175,122.54338555326903
0adb3caa-95a1-4480-91d5-ac4b1605eb4a,2022-07-09,424195,Delhi,323.07,128.54,0.0474,DEMAND_SPIKE,CRITICAL,0.0474,modified_z_score,Smooth,"Demand was flagged as a spike because observed demand of 323.1 is above the 14-day median baseline of 157.0 with Modified Z-Score = 7.13 (threshold 3.5). MAD = 15.70, residual = +194.5 units.",Review inventory availability and prepare emergency replenishment. Verify promotions or seasonal factors.,7.1307,7.1307,194.52796754882922,83.47093641972465
31ead6ba-3f85-499b-a5fd-67b85660e151,2022-07-09,428612,Delhi,660.25,0.48,0.291,DEMAND_SPIKE,CRITICAL,0.291,modified_z_score,Smooth,"Demand was flagged as a spike because observed demand of 660.2 is above the 14-day median baseline of 387.1 with Modified Z-Score = 4.76 (threshold 3.5). MAD = 38.71, residual = +659.8 units.",Review inventory availability and prepare emergency replenishment. Verify promotions or seasonal factors.,4.7598,4.7598,659.7688644896836,82.06662362069004
5f444b12-a431-4383-b955-ead1ca9c112a,2022-07-09,428612,HR-NCR,638.32,0.48,0.2797,DEMAND_SPIKE,CRITICAL,0.2797,modified_z_score,Smooth,"Demand was flagged as a spike because observed demand of 638.3 is above the 14-day median baseline of 176.0 with Modified Z-Score = 17.71 (threshold 3.5). MAD = 17.60, residual = +637.8 units.",Review inventory availability and prepare emergency replenishment. Verify promotions or seasonal factors.,17.7137,17.7137,637.8388644896836,134.99567580376154
3abf89d8-1fac-4814-8a2e-27843bf39515,2022-07-09,429458,Bengaluru,277.01,284.63,0.0348,DEMAND_SPIKE,CRITICAL,0.0348,modified_z_score,Smooth,"Demand was flagged as a spike because observed demand of 277.0 is above the 14-day median baseline of 170.9 with Modified Z-Score = 4.19 (threshold 3.5). MAD = 17.09, residual = -7.6 units.",Review inventory availability and prepare emergency replenishment. Verify promotions or seasonal factors.,4.1911,4.1911,-7.620547076946821,107.68442850689759
ba4d1dd8-da8a-4e03-9515-3160c7886855,2022-07-09,43,Bengaluru,621.01,371.28,0.2251,DEMAND_SPIKE,CRITICAL,0.2251,modified_z_score,Smooth,"Demand was flagged as a spike because observed demand of 621.0 is above the 14-day median baseline of 351.1 with Modified Z-Score = 5.19 (threshold 3.5). MAD = 35.11, residual = +249.7 units.",Review inventory availability and prepare emergency replenishment. Verify promotions or seasonal factors.,5.1858,5.1858,249.7294351203688,270.7643465892963
509e125b-c451-496c-bf93-b804057daf6b,2022-07-09,438113,Bengaluru,915.93,222.79,0.3205,DEMAND_SPIKE,CRITICAL,0.3205,modified_z_score,Smooth,"Demand was flagged as a spike because observed demand of 915.9 is above the 14-day median baseline of 435.7 with Modified Z-Score = 7.43 (threshold 3.5). MAD = 43.57, residual = +693.1 units.",Review inventory availability and prepare emergency replenishment. Verify promotions or seasonal factors.,7.4342,7.4342,693.1396804978945,153.50689858858368
ebae196f-7168-40ef-8d03-bf1f32fd2173,2022-07-09,439931,Delhi,259.46,136.26,0.0162,DEMAND_SPIKE,CRITICAL,0.0162,modified_z_score,Smooth,"Demand was flagged as a spike because observed demand of 259.5 is above the 14-day median baseline of 162.7 with Modified Z-Score = 4.01 (threshold 3.5). MAD = 16.27, residual = +123.2 units.",Review inventory availability and prepare emergency replenishment. Verify promotions or seasonal factors.,4.0127,4.0127,123.19917077969171,48.88446406360322
fe9048fb-5d21-4e0e-97ac-28110f5d369b,2022-07-09,439935,Delhi,646.15,361.61,0.1485,DEMAND_SPIKE,CRITICAL,0.1485,modified_z_score,Smooth,"Demand was flagged as a spike because observed demand of 646.1 is above the 14-day median baseline of 285.9 with Modified Z-Score = 8.50 (threshold 3.5). MAD = 28.59, residual = +284.5 units.",Review inventory availability and prepare emergency replenishment. Verify promotions or seasonal factors.,8.4983,8.4983,284.54217601369146,167.70671325156562
a641315b-e6b8-4482-98d0-8f99ce830820,2022-07-09,440033,Delhi,304.38,198.86,0.0382,DEMAND_SPIKE,CRITICAL,0.0382,modified_z_score,Smooth,"Demand was flagged as a spike because observed demand of 304.4 is above the 14-day median baseline of 181.6 with Modified Z-Score = 4.56 (threshold 3.5). MAD = 18.16, residual = +105.5 units.",Review inventory availability and prepare emergency replenishment. Verify promotions or seasonal factors.,4.5575,4.5575,105.52257678510145,107.64029754398278
687a9645-3a91-4131-8dd9-c3bcd88cd1ea,2022-07-09,440057,Delhi,237.33,149.74,0.027,DEMAND_SPIKE,CRITICAL,0.027,modified_z_score,Smooth,"Demand was flagged as a spike because observed demand of 237.3 is above the 14-day median baseline of 147.9 with Modified Z-Score = 4.08 (threshold 3.5). MAD = 14.79, residual = +87.6 units.",Review inventory availability and prepare emergency replenishment. Verify promotions or seasonal factors.,4.0803,4.0803,87.59078863515222,24.68275420930863
29bd9208-cbfd-495d-822d-4aad175c168c,2022-07-09,445675,Bengaluru,5362.23,2444.6,0.9131,VOLATILITY_ANOMALY,CRITICAL,0.9131,rolling_volatility_threshold,Smooth,Demand volatility flagged: 14-day rolling std of 702.73 is 2.2x the 95th-percentile baseline (322.03) for product 445675 in Bengaluru.,Review recent order patterns and supply chain disruptions. Consider adjusting safety-stock buffers.,5.5334,5.5334,2917.631030915181,702.7338770422677
02f853a4-0061-4f0d-8435-e2b9c6817662,2022-07-09,445675,Bengaluru,5362.23,2444.6,0.9131,DEMAND_SPIKE,CRITICAL,0.9131,modified_z_score+isolation_forest,Smooth,"Demand was flagged as a spike because observed demand of 5362.2 is above the 14-day median baseline of 2945.7 with Modified Z-Score = 5.53 (threshold 3.5). MAD = 294.57, residual = +2917.6 units.",Review inventory availability and prepare emergency replenishment. Verify promotions or seasonal factors.,5.5334,5.5334,2917.631030915181,702.7338770422677
a3939764-944e-4c30-898d-6e8cdda96e5b,2022-07-09,446728,Delhi,306.69,223.9,0.0094,DEMAND_SPIKE,CRITICAL,0.0094,modified_z_score,Smooth,"Demand was flagged as a spike because observed demand of 306.7 is above the 14-day median baseline of 154.0 with Modified Z-Score = 6.68 (threshold 3.5). MAD = 15.40, residual = +82.8 units.",Review inventory availability and prepare emergency replenishment. Verify promotions or seasonal factors.,6.6837,6.6837,82.78699878503431,52.90133268642672
8cb6735b-d411-4972-b1f3-818b47fad595,2022-07-09,458325,HR-NCR,250.7,199.81,0.0229,DEMAND_SPIKE,CRITICAL,0.0229,modified_z_score,Smooth,"Demand was flagged as a spike because observed demand of 250.7 is above the 14-day median baseline of 146.0 with Modified Z-Score = 4.84 (threshold 3.5). MAD = 14.60, residual = +50.9 units.",Review inventory availability and prepare emergency replenishment. Verify promotions or seasonal factors.,4.8398,4.8398,50.8944197858431,72.35939962634927
4a2b8e64-2f93-463c-b5d5-33045a773bd7,2022-07-09,459720,Mumbai,545.0,295.13,0.1086,DEMAND_SPIKE,CRITICAL,0.1086,modified_z_score,Smooth,"Demand was flagged as a spike because observed demand of 545.0 is above the 14-day median baseline of 280.5 with Modified Z-Score = 6.36 (threshold 3.5). MAD = 28.05, residual = +249.9 units.",Review inventory availability and prepare emergency replenishment. Verify promotions or seasonal factors.,6.3586,6.3586,249.86877271197392,122.53273456946692
dc538d23-9233-4489-90d2-50fb228fdf9e,2022-07-09,470636,Bengaluru,1267.83,844.34,0.2999,DEMAND_SPIKE,CRITICAL,0.2999,modified_z_score,Smooth,"Demand was flagged as a spike because observed demand of 1267.8 is above the 14-day median baseline of 752.9 with Modified Z-Score = 4.61 (threshold 3.5). MAD = 75.29, residual = +423.5 units.",Review inventory availability and prepare emergency replenishment. Verify promotions or seasonal factors.,4.6129,4.6129,423.48578596046536,222.2682540109393
54bfb9e1-08a1-4e13-a30a-7c7379a8c6a1,2022-07-09,474769,Delhi,436.58,382.82,0.0563,DEMAND_SPIKE,CRITICAL,0.0563,modified_z_score,Smooth,"Demand was flagged as a spike because observed demand of 436.6 is above the 14-day median baseline of 160.6 with Modified Z-Score = 11.59 (threshold 3.5). MAD = 16.06, residual = +53.8 units.",Review inventory availability and prepare emergency replenishment. Verify promotions or seasonal factors.,11.5914,11.5914,53.76105432767531,126.52463305476469
20722005-4f2e-4a60-8758-2c6a1b16f8a5,2022-07-09,477482,Bengaluru,571.68,263.41,0.1152,DEMAND_SPIKE,CRITICAL,0.1152,modified_z_score,Smooth,"Demand was flagged as a spike because observed demand of 571.7 is above the 14-day median baseline of 278.4 with Modified Z-Score = 7.10 (threshold 3.5). MAD = 27.84, residual = +308.3 units.",Review inventory availability and prepare emergency replenishment. Verify promotions or seasonal factors.,7.1033,7.1033,308.27265834509654,65.14290817667177
894e531b-d730-41de-90c9-63d470f427c7,2022-07-09,478895,HR-NCR,315.97,297.07,0.0409,DEMAND_SPIKE,CRITICAL,0.0409,modified_z_score,Smooth,"Demand was flagged as a spike because observed demand of 316.0 is above the 14-day median baseline of 155.7 with Modified Z-Score = 6.94 (threshold 3.5). MAD = 15.57, residual = +18.9 units.",Review inventory availability and prepare emergency replenishment. Verify promotions or seasonal factors.,6.9447,6.9447,18.896292645045378,120.90873694503162
5da367d6-7342-4e53-8377-e130772a3194,2022-07-09,479278,HR-NCR,227.72,170.94,0.0041,DEMAND_SPIKE,CRITICAL,0.0041,modified_z_score,Smooth,"Demand was flagged as a spike because observed demand of 227.7 is above the 14-day median baseline of 136.9 with Modified Z-Score = 4.48 (threshold 3.5). MAD = 13.69, residual = +56.8 units.",Review inventory availability and prepare emergency replenishment. Verify promotions or seasonal factors.,4.4763,4.4763,56.78391956086048,51.115787329216744
8be531ea-4a1f-441d-b382-20415ad6f0ae,2022-07-09,48058,Delhi,385.69,115.96,0.0871,DEMAND_SPIKE,CRITICAL,0.0871,modified_z_score,Smooth,"Demand was flagged as a spike because observed demand of 385.7 is above the 14-day median baseline of 215.2 with Modified Z-Score = 5.34 (threshold 3.5). MAD = 21.52, residual = +269.7 units.",Review inventory availability and prepare emergency replenishment. Verify promotions or seasonal factors.,5.3448,5.3448,269.7252882806781,72.88249582865755
f8529540-bdeb-4ac0-bf36-a096ce9c2c92,2022-07-09,4967,Delhi,328.12,0.48,0.1053,DEMAND_SPIKE,CRITICAL,0.1053,modified_z_score,Smooth,"Demand was flagged as a spike because observed demand of 328.1 is above the 14-day median baseline of 175.2 with Modified Z-Score = 5.89 (threshold 3.5). MAD = 17.52, residual = +327.6 units.",Review inventory availability and prepare emergency replenishment. Verify promotions or seasonal factors.,5.8869,5.8869,327.63886448968356,48.272810281772486
e7f1d7c2-0efc-4dd7-9fe6-961f0ec9d967,2022-07-09,544,Delhi,247.91,200.79,0.0042,DEMAND_SPIKE,CRITICAL,0.0042,modified_z_score,Smooth,"Demand was flagged as a spike because observed demand of 247.9 is above the 14-day median baseline of 149.7 with Modified Z-Score = 4.42 (threshold 3.5). MAD = 14.97, residual = +47.1 units.",Review inventory availability and prepare emergency replenishment. Verify promotions or seasonal factors.,4.4224,4.4224,47.120631257273516,50.37243598579344
107a1288-5551-4368-bd62-07d527d3b2ec,2022-07-09,55504,Delhi,511.86,268.16,0.078,DEMAND_SPIKE,CRITICAL,0.078,modified_z_score,Smooth,"Demand was flagged as a spike because observed demand of 511.9 is above the 14-day median baseline of 297.7 with Modified Z-Score = 4.85 (threshold 3.5). MAD = 29.77, residual = +243.7 units.",Review inventory availability and prepare emergency replenishment. Verify promotions or seasonal factors.,4.8513,4.8513,243.70381752478647,57.86514444008092
605c22d4-0c57-4278-909f-1e7b93b878d2,2022-07-09,95609,Delhi,529.93,342.34,0.1651,DEMAND_SPIKE,CRITICAL,0.1651,modified_z_score,Smooth,"Demand was flagged as a spike because observed demand of 529.9 is above the 14-day median baseline of 289.9 with Modified Z-Score = 5.59 (threshold 3.5). MAD = 28.99, residual = +187.6 units.",Review inventory availability and prepare emergency replenishment. Verify promotions or seasonal factors.,5.5862,5.5862,187.59205699032026,233.92980396676387
0d5839c2-b5f1-47b5-9fb2-fc9bb46b9f08,2022-07-08,104,Delhi,448.87,167.98,0.0868,DEMAND_SPIKE,CRITICAL,0.0868,modified_z_score,Smooth,"Demand was flagged as a spike because observed demand of 448.9 is above the 14-day median baseline of 260.0 with Modified Z-Score = 4.90 (threshold 3.5). MAD = 26.00, residual = +280.9 units.",Review inventory availability and prepare emergency replenishment. Verify promotions or seasonal factors.,4.9015,4.9015,280.8930311312019,105.73339567943877
486f223f-f858-44c2-a43b-89294e9d3b09,2022-07-08,105,Delhi,2406.14,1378.15,0.7565,VOLATILITY_ANOMALY,CRITICAL,0.7565,rolling_volatility_threshold,Smooth,Demand volatility flagged: 14-day rolling std of 758.16 is 2.4x the 95th-percentile baseline (322.03) for product 105 in Delhi.,Review recent order patterns and supply chain disruptions. Consider adjusting safety-stock buffers.,3.6515,3.6515,1027.9856422558794,758.1589872560655
d70bbf15-5ff6-4c62-ae0e-047147e90b57,2022-07-08,105,Delhi,2406.14,1378.15,0.7565,DEMAND_SPIKE,CRITICAL,0.7565,modified_z_score+isolation_forest,Smooth,"Demand was flagged as a spike because observed demand of 2406.1 is above the 14-day median baseline of 1561.0 with Modified Z-Score = 3.65 (threshold 3.5). MAD = 156.10, residual = +1028.0 units.",Review inventory availability and prepare emergency replenishment. Verify promotions or seasonal factors.,3.6515,3.6515,1027.9856422558794,758.1589872560655
f0b5efae-bf0a-4f4f-a858-be0def9aae6c,2022-07-08,10557,Delhi,931.06,531.17,0.2034,DEMAND_SPIKE,CRITICAL,0.2034,modified_z_score,Smooth,"Demand was flagged as a spike because observed demand of 931.1 is above the 14-day median baseline of 567.4 with Modified Z-Score = 4.32 (threshold 3.5). MAD = 56.74, residual = +399.9 units.",Review inventory availability and prepare emergency replenishment. Verify promotions or seasonal factors.,4.323,4.323,399.8930252280087,126.1678787511759
fb132574-5a9b-48d6-92c2-a612424b46c0,2022-07-08,10562,Delhi,275.55,113.18,0.0427,DEMAND_SPIKE,CRITICAL,0.0427,modified_z_score,Erratic,"Demand was flagged as a spike because observed demand of 275.6 is above the 14-day median baseline of 104.9 with Modified Z-Score = 10.97 (threshold 3.5). MAD = 10.49, residual = +162.4 units.",Review inventory availability and prepare emergency replenishment. Verify promotions or seasonal factors.,10.9744,10.9744,162.37398818909674,113.97675011451533
8b3d5932-5aba-4287-b411-b10b2b78ec3c,2022-07-08,111483,HR-NCR,260.09,92.92,0.0368,DEMAND_SPIKE,CRITICAL,0.0368,modified_z_score,Smooth,"Demand was flagged as a spike because observed demand of 260.1 is above the 14-day median baseline of 131.1 with Modified Z-Score = 6.64 (threshold 3.5). MAD = 13.11, residual = +167.2 units.",Review inventory availability and prepare emergency replenishment. Verify promotions or seasonal factors.,6.6385,6.6385,167.1710659275335,87.22767942082868
4fc08e5d-f6bc-4d75-a690-89bcf1095a68,2022-07-08,117641,HR-NCR,187.38,81.3,0.0929,DEMAND_SPIKE,CRITICAL,0.0929,modified_z_score,Erratic,"Demand was flagged as a spike because observed demand of 187.4 is above the 14-day median baseline of 72.8 with Modified Z-Score = 10.63 (threshold 3.5). MAD = 7.28, residual = +106.1 units.",Review inventory availability and prepare emergency replenishment. Verify promotions or seasonal factors.,10.6279,10.6279,106.07938528163803,147.4170996897998
a1ee4048-c28a-4614-8193-4bf2ed86e82f,2022-07-08,13980,Delhi,378.51,47.66,0.1058,DEMAND_SPIKE,CRITICAL,0.1058,modified_z_score,Smooth,"Demand was flagged as a spike because observed demand of 378.5 is above the 14-day median baseline of 144.4 with Modified Z-Score = 10.94 (threshold 3.5). MAD = 14.44, residual = +330.8 units.",Review inventory availability and prepare emergency replenishment. Verify promotions or seasonal factors.,10.9354,10.9354,330.84755559762567,55.81373478344009
5c6e280e-0b33-4e50-8649-bc149424d2b5,2022-07-08,15288,Delhi,62.42,101.47,0.2255,DEMAND_DROP,CRITICAL,0.2255,modified_z_score,Smooth,"Demand was flagged as a drop because observed demand of 62.4 is below the 14-day median baseline of 226.6 with Modified Z-Score = -4.89 (threshold -3.5). MAD = 22.66, residual = -39.0 units.","Check inventory, supply chain, and delivery status. Investigate potential listing or pricing issues.",-4.8868,-4.8868,-39.045360319975174,206.93835739636276
f9a94cd9-fbdf-4166-9960-dde291d9a66c,2022-07-08,154617,Delhi,337.3,224.86,0.0444,DEMAND_SPIKE,CRITICAL,0.0444,modified_z_score,Smooth,"Demand was flagged as a spike because observed demand of 337.3 is above the 14-day median baseline of 170.1 with Modified Z-Score = 6.63 (threshold 3.5). MAD = 17.01, residual = +112.4 units.",Review inventory availability and prepare emergency replenishment. Verify promotions or seasonal factors.,6.6284,6.6284,112.44357451622557,96.24812982722364
d7ac14be-21ea-40e8-8686-f228e2d1eaf6,2022-07-08,15907,Bengaluru,90.95,19.58,0.1645,DEMAND_DROP,CRITICAL,0.1645,modified_z_score,Smooth,"Demand was flagged as a drop because observed demand of 91.0 is below the 14-day median baseline of 349.4 with Modified Z-Score = -4.99 (threshold -3.5). MAD = 34.95, residual = +71.4 units.","Check inventory, supply chain, and delivery status. Investigate potential listing or pricing issues.",-4.9895,-4.9895,71.37435260514249,187.83046689831258
a6fe1fed-3eb7-45f8-8a1a-ce5fc12c2ebe,2022-07-08,18546,Bengaluru,309.73,211.32,0.0078,DEMAND_SPIKE,CRITICAL,0.0078,modified_z_score,Smooth,"Demand was flagged as a spike because observed demand of 309.7 is above the 14-day median baseline of 115.6 with Modified Z-Score = 11.33 (threshold 3.5). MAD = 11.56, residual = +98.4 units.",Review inventory availability and prepare emergency replenishment. Verify promotions or seasonal factors.,11.3286,11.3286,98.4114458227454,51.657489430727416
1b259e49-9bb6-4fc9-b53f-6c1856cdd7e9,2022-07-08,18555,Delhi,264.35,231.61,0.0154,DEMAND_SPIKE,CRITICAL,0.0154,modified_z_score,Smooth,"Demand was flagged as a spike because observed demand of 264.4 is above the 14-day median baseline of 120.6 with Modified Z-Score = 8.04 (threshold 3.5). MAD = 12.06, residual = +32.7 units.",Review inventory availability and prepare emergency replenishment. Verify promotions or seasonal factors.,8.041,8.041,32.73749719745618,32.31594638063677
f7439faf-d9d1-4ad0-902f-3fbfa7023bde,2022-07-08,18585,Delhi,750.26,249.69,0.3354,DEMAND_SPIKE,CRITICAL,0.3354,modified_z_score,Smooth,"Demand was flagged as a spike because observed demand of 750.3 is above the 14-day median baseline of 451.5 with Modified Z-Score = 4.46 (threshold 3.5). MAD = 45.15, residual = +500.6 units.",Review inventory availability and prepare emergency replenishment. Verify promotions or seasonal factors.,4.4635,4.4635,500.5733348889517,311.58820631449726
d107429f-0a53-4e96-9649-52604cd6eea5,2022-07-08,18851,Delhi,911.01,630.29,0.1802,DEMAND_SPIKE,CRITICAL,0.1802,modified_z_score,Smooth,"Demand was flagged as a spike because observed demand of 911.0 is above the 14-day median baseline of 547.0 with Modified Z-Score = 4.49 (threshold 3.5). MAD = 54.70, residual = +280.7 units.",Review inventory availability and prepare emergency replenishment. Verify promotions or seasonal factors.,4.4886,4.4886,280.7228911207941,67.00148878942912
5ed9a416-1bfb-45d7-adcd-23a7f276d0cb,2022-07-08,19507,Delhi,430.33,108.26,0.0995,DEMAND_SPIKE,CRITICAL,0.0995,modified_z_score,Erratic,"Demand was flagged as a spike because observed demand of 430.3 is above the 14-day median baseline of 53.6 with Modified Z-Score = 47.39 (threshold 3.5). MAD = 5.36, residual = +322.1 units.",Review inventory availability and prepare emergency replenishment. Verify promotions or seasonal factors.,47.3873,47.3873,322.0695225987059,59.610023206392604
fdd014b9-2def-4006-8c58-f1c06a6ec598,2022-07-08,207832,Delhi,284.5,115.9,0.102,DEMAND_SPIKE,CRITICAL,0.102,modified_z_score,Erratic,"Demand was flagged as a spike because observed demand of 284.5 is above the 14-day median baseline of 132.9 with Modified Z-Score = 7.69 (threshold 3.5). MAD = 13.29, residual = +168.6 units.",Review inventory availability and prepare emergency replenishment. Verify promotions or seasonal factors.,7.6941,7.6941,168.60004471220876,169.3902838052379
0eca8a5a-4517-474c-b530-2783b0aaae27,2022-07-08,25279,Delhi,474.12,249.88,0.0815,DEMAND_SPIKE,CRITICAL,0.0815,modified_z_score,Smooth,"Demand was flagged as a spike because observed demand of 474.1 is above the 14-day median baseline of 240.6 with Modified Z-Score = 6.55 (threshold 3.5). MAD = 24.06, residual = +224.2 units.",Review inventory availability and prepare emergency replenishment. Verify promotions or seasonal factors.,6.5482,6.5482,224.2430935063689,70.47373951980101
2d8994a0-313a-49dc-800d-3143b304c3a1,2022-07-08,28390,Bengaluru,193.77,14.84,0.1236,DEMAND_SPIKE,CRITICAL,0.1236,modified_z_score,Erratic,"Demand was flagged as a spike because observed demand of 193.8 is above the 14-day median baseline of 59.0 with Modified Z-Score = 15.39 (threshold 3.5). MAD = 5.90, residual = +178.9 units.",Review inventory availability and prepare emergency replenishment. Verify promotions or seasonal factors.,15.3922,15.3922,178.9264620986457,165.93832724123453
8defd146-fd02-4aa5-9540-7128115c2a72,2022-07-08,307780,Delhi,13.48,0.33,0.2801,DEMAND_DROP,CRITICAL,0.2801,modified_z_score,Smooth,"Demand was flagged as a drop because observed demand of 13.5 is below the 14-day median baseline of 240.8 with Modified Z-Score = -6.37 (threshold -3.5). MAD = 24.08, residual = +13.1 units.","Check inventory, supply chain, and delivery status. Investigate potential listing or pricing issues.",-6.3675,-6.3675,13.145418518937117,258.1377196658515
d20fe454-429e-492f-ab71-aa3ca69072ba,2022-07-08,312,Bengaluru,708.52,136.25,0.2538,DEMAND_SPIKE,CRITICAL,0.2538,modified_z_score,Smooth,"Demand was flagged as a spike because observed demand of 708.5 is above the 14-day median baseline of 244.7 with Modified Z-Score = 12.79 (threshold 3.5). MAD = 24.47, residual = +572.3 units.",Review inventory availability and prepare emergency replenishment. Verify promotions or seasonal factors.,12.7865,12.7865,572.272184033875,171.76614225105462
7b1a00bc-a5e8-4f9c-ba1e-678bf7dbbbb0,2022-07-08,314,Mumbai,572.97,166.08,0.1495,DEMAND_SPIKE,CRITICAL,0.1495,modified_z_score,Smooth,"Demand was flagged as a spike because observed demand of 573.0 is above the 14-day median baseline of 275.8 with Modified Z-Score = 7.27 (threshold 3.5). MAD = 27.58, residual = +406.9 units.",Review inventory availability and prepare emergency replenishment. Verify promotions or seasonal factors.,7.2666,7.2666,406.89089432664525,80.35085376024327
1eb20418-8315-4422-9b6e-0c06d52e41fd,2022-07-08,329500,HR-NCR,104.69,1714.78,0.7524,VOLATILITY_ANOMALY,CRITICAL,0.7524,rolling_volatility_threshold,Smooth,Demand volatility flagged: 14-day rolling std of 685.12 is 2.1x the 95th-percentile baseline (322.03) for product 329500 in HR-NCR.,Review recent order patterns and supply chain disruptions. Consider adjusting safety-stock buffers.,-6.1828,-6.1828,-1610.0858281080332,685.1208645056377
8bc441f4-30e6-4399-a38c-dde2a97aea12,2022-07-08,329500,HR-NCR,104.69,1714.78,0.7524,DEMAND_DROP,CRITICAL,0.7524,modified_z_score+isolation_forest,Smooth,"Demand was flagged as a drop because observed demand of 104.7 is below the 14-day median baseline of 1256.0 with Modified Z-Score = -6.18 (threshold -3.5). MAD = 125.60, residual = -1610.1 units.","Check inventory, supply chain, and delivery status. Investigate potential listing or pricing issues.",-6.1828,-6.1828,-1610.0858281080332,685.1208645056377
aba11ee4-f26b-4ac8-a28d-f8377ad880c2,2022-07-08,329500,Mumbai,647.96,275.92,0.1235,DEMAND_SPIKE,CRITICAL,0.1235,modified_z_score,Smooth,"Demand was flagged as a spike because observed demand of 648.0 is above the 14-day median baseline of 235.8 with Modified Z-Score = 11.79 (threshold 3.5). MAD = 23.58, residual = +372.0 units.",Review inventory availability and prepare emergency replenishment. Verify promotions or seasonal factors.,11.7889,11.7889,372.03761532969594,83.69466578553488
c84c0afa-eb8a-4c17-89c8-81ddfe6727e4,2022-07-08,333764,Delhi,1199.91,567.67,0.3555,DEMAND_SPIKE,CRITICAL,0.3555,modified_z_score,Smooth,"Demand was flagged as a spike because observed demand of 1199.9 is above the 14-day median baseline of 735.5 with Modified Z-Score = 4.26 (threshold 3.5). MAD = 73.55, residual = +632.2 units.",Review inventory availability and prepare emergency replenishment. Verify promotions or seasonal factors.,4.2591,4.2591,632.2355967634209,166.25613120094175
6865057d-2842-49a2-89d7-ca6fd5f0407c,2022-07-08,336628,Delhi,107.61,108.33,0.3824,DEMAND_DROP,CRITICAL,0.3824,modified_z_score,Smooth,"Demand was flagged as a drop because observed demand of 107.6 is below the 14-day median baseline of 318.1 with Modified Z-Score = -4.46 (threshold -3.5). MAD = 31.81, residual = -0.7 units.","Check inventory, supply chain, and delivery status. Investigate potential listing or pricing issues.",-4.463,-4.463,-0.7161633509807217,365.8651718806234
3714f450-dd57-4f28-b07a-e4dcb7ce80fe,2022-07-08,365455,Delhi,901.17,195.94,0.4419,DEMAND_SPIKE,CRITICAL,0.4419,modified_z_score,Smooth,"Demand was flagged as a spike because observed demand of 901.2 is above the 14-day median baseline of 475.4 with Modified Z-Score = 6.04 (threshold 3.5). MAD = 47.54, residual = +705.2 units.",Review inventory availability and prepare emergency replenishment. Verify promotions or seasonal factors.,6.0408,6.0408,705.2341977898197,321.3084880016474
1f9ff884-c5a9-42f8-a65f-9b6f2dfc96db,2022-07-08,366321,Delhi,890.69,204.53,0.3129,DEMAND_SPIKE,CRITICAL,0.3129,modified_z_score,Smooth,"Demand was flagged as a spike because observed demand of 890.7 is above the 14-day median baseline of 522.4 with Modified Z-Score = 4.75 (threshold 3.5). MAD = 52.24, residual = +686.2 units.",Review inventory availability and prepare emergency replenishment. Verify promotions or seasonal factors.,4.7543,4.7543,686.163154670826,142.56514425743362
c258458f-fa61-4272-aac7-a36b7ce6c41c,2022-07-08,366492,Delhi,241.78,1.44,0.1351,DEMAND_SPIKE,CRITICAL,0.1351,modified_z_score,Smooth,"Demand was flagged as a spike because observed demand of 241.8 is above the 14-day median baseline of 73.0 with Modified Z-Score = 15.59 (threshold 3.5). MAD = 7.30, residual = +240.3 units.",Review inventory availability and prepare emergency replenishment. Verify promotions or seasonal factors.,15.5917,15.5917,240.33552536054475,193.68075605662705
a23bbdfe-fabe-4138-b7bd-ea69df3e095a,2022-07-08,367837,Bengaluru,239.89,5.29,0.1291,DEMAND_SPIKE,CRITICAL,0.1291,modified_z_score,Smooth,"Demand was flagged as a spike because observed demand of 239.9 is above the 14-day median baseline of 108.8 with Modified Z-Score = 8.12 (threshold 3.5). MAD = 10.88, residual = +234.6 units.",Review inventory availability and prepare emergency replenishment. Verify promotions or seasonal factors.,8.1241,8.1241,234.59681643476932,171.2999279459443
84b8d4bf-3cfa-455f-a985-4dadc6102e9d,2022-07-08,389703,HR-NCR,26.18,154.5,0.1903,DEMAND_DROP,CRITICAL,0.1903,modified_z_score,Smooth,"Demand was flagged as a drop because observed demand of 26.2 is below the 14-day median baseline of 178.3 with Modified Z-Score = -5.75 (threshold -3.5). MAD = 17.83, residual = -128.3 units.","Check inventory, supply chain, and delivery status. Investigate potential listing or pricing issues.",-5.7547,-5.7547,-128.32044576057046,79.90522728594824
c4dbeec8-cd30-44f2-b840-4e36f157dda1,2022-07-08,389725,Bengaluru,400.24,102.51,0.0954,DEMAND_SPIKE,CRITICAL,0.0954,modified_z_score,Smooth,"Demand was flagged as a spike because observed demand of 400.2 is above the 14-day median baseline of 239.8 with Modified Z-Score = 4.51 (threshold 3.5). MAD = 23.98, residual = +297.7 units.",Review inventory availability and prepare emergency replenishment. Verify promotions or seasonal factors.,4.5128,4.5128,297.72950295316315,104.46583554080297
49050bdc-6733-43f5-9d7d-2269af15a36a,2022-07-08,391333,HR-NCR,796.6,162.21,0.2816,DEMAND_SPIKE,CRITICAL,0.2816,modified_z_score,Smooth,"Demand was flagged as a spike because observed demand of 796.6 is above the 14-day median baseline of 499.5 with Modified Z-Score = 4.01 (threshold 3.5). MAD = 49.95, residual = +634.4 units.",Review inventory availability and prepare emergency replenishment. Verify promotions or seasonal factors.,4.0117,4.0117,634.3931510457046,156.87816277972806
8773ded3-2b63-4037-b1a6-bab5d50f47f3,2022-07-08,400105,Bengaluru,229.39,494.48,0.2966,DEMAND_DROP,CRITICAL,0.2966,modified_z_score,Smooth,"Demand was flagged as a drop because observed demand of 229.4 is below the 14-day median baseline of 593.7 with Modified Z-Score = -4.14 (threshold -3.5). MAD = 59.37, residual = -265.1 units.","Check inventory, supply chain, and delivery status. Investigate potential listing or pricing issues.",-4.1387,-4.1387,-265.09169850023295,228.51819942111104
5e71da02-896f-43ab-b506-10fae2bfd925,2022-07-08,424982,Delhi,156.88,136.21,0.1253,DEMAND_DROP,CRITICAL,0.1253,modified_z_score,Smooth,"Demand was flagged as a drop because observed demand of 156.9 is below the 14-day median baseline of 389.7 with Modified Z-Score = -4.03 (threshold -3.5). MAD = 38.97, residual = +20.7 units.","Check inventory, supply chain, and delivery status. Investigate potential listing or pricing issues.",-4.0299,-4.0299,20.665646687488845,165.12745077666523
5ecd24c3-b17f-48a6-9b3a-0589a0488af4,2022-07-08,432779,Delhi,289.56,148.78,0.0463,DEMAND_SPIKE,CRITICAL,0.0463,modified_z_score,Smooth,"Demand was flagged as a spike because observed demand of 289.6 is above the 14-day median baseline of 180.3 with Modified Z-Score = 4.09 (threshold 3.5). MAD = 18.03, residual = +140.8 units.",Review inventory availability and prepare emergency replenishment. Verify promotions or seasonal factors.,4.0868,4.0868,140.77638177965815,120.51536381012055
a6b687f4-5fa7-44d3-ba56-8cdd879774b4,2022-07-08,443549,Delhi,402.43,260.51,0.0507,DEMAND_SPIKE,CRITICAL,0.0507,modified_z_score,Smooth,"Demand was flagged as a spike because observed demand of 402.4 is above the 14-day median baseline of 226.9 with Modified Z-Score = 5.22 (threshold 3.5). MAD = 22.69, residual = +141.9 units.",Review inventory availability and prepare emergency replenishment. Verify promotions or seasonal factors.,5.2174,5.2174,141.92475946854017,27.627612395331354
e705cfe6-7ac9-4465-9e1f-751c12074505,2022-07-08,453022,Delhi,56.67,92.92,0.0765,DEMAND_DROP,CRITICAL,0.0765,modified_z_score,Smooth,"Demand was flagged as a drop because observed demand of 56.7 is below the 14-day median baseline of 167.1 with Modified Z-Score = -4.46 (threshold -3.5). MAD = 16.71, residual = -36.3 units.","Check inventory, supply chain, and delivery status. Investigate potential listing or pricing issues.",-4.4572,-4.4572,-36.251102948163634,42.334649267136115
596dc52b-17ee-4f9d-99c3-005dad753f4c,2022-07-08,467652,Bengaluru,516.02,228.68,0.1043,DEMAND_SPIKE,CRITICAL,0.1043,modified_z_score,Smooth,"Demand was flagged as a spike because observed demand of 516.0 is above the 14-day median baseline of 281.9 with Modified Z-Score = 5.60 (threshold 3.5). MAD = 28.19, residual = +287.3 units.",Review inventory availability and prepare emergency replenishment. Verify promotions or seasonal factors.,5.6,5.6,287.33779370496336,67.76410448860706
d4239a46-1613-4396-a4a8-a04d4c05a55f,2022-07-08,478815,Delhi,242.2,195.0,0.0188,DEMAND_SPIKE,CRITICAL,0.0188,modified_z_score,Erratic,"Demand was flagged as a spike because observed demand of 242.2 is above the 14-day median baseline of 127.4 with Modified Z-Score = 6.07 (threshold 3.5). MAD = 12.74, residual = +47.2 units.",Review inventory availability and prepare emergency replenishment. Verify promotions or seasonal factors.,6.0749,6.0749,47.19624314104192,61.48237246406099
4aa3aab3-28f5-41b2-ab99-3a805f4b3335,2022-07-08,479966,Delhi,869.16,191.04,0.3188,DEMAND_SPIKE,CRITICAL,0.3188,modified_z_score,Smooth,"Demand was flagged as a spike because observed demand of 869.2 is above the 14-day median baseline of 496.7 with Modified Z-Score = 5.06 (threshold 3.5). MAD = 49.67, residual = +678.1 units.",Review inventory availability and prepare emergency replenishment. Verify promotions or seasonal factors.,5.0581,5.0581,678.1217615150807,164.82574977980897
d2bd6602-ce30-4c46-b819-a6ee1e4a34dd,2022-07-08,61743,Delhi,840.43,325.04,0.2436,DEMAND_SPIKE,CRITICAL,0.2436,modified_z_score,Smooth,"Demand was flagged as a spike because observed demand of 840.4 is above the 14-day median baseline of 503.0 with Modified Z-Score = 4.53 (threshold 3.5). MAD = 50.30, residual = +515.4 units.",Review inventory availability and prepare emergency replenishment. Verify promotions or seasonal factors.,4.5252,4.5252,515.3949805885807,116.14691558539127
63c0036c-8a9d-4695-85f4-656719858052,2022-07-08,95609,Delhi,839.42,414.59,0.2034,DEMAND_SPIKE,CRITICAL,0.2034,modified_z_score,Smooth,"Demand was flagged as a spike because observed demand of 839.4 is above the 14-day median baseline of 278.7 with Modified Z-Score = 13.57 (threshold 3.5). MAD = 27.87, residual = +424.8 units.",Review inventory availability and prepare emergency replenishment. Verify promotions or seasonal factors.,13.5733,13.5733,424.8325518230674,143.79517219857922
dfbaf041-042f-4608-8360-1867745fbdc1,2022-07-08,99,Delhi,442.38,193.02,0.1169,DEMAND_SPIKE,CRITICAL,0.1169,modified_z_score,Smooth,"Demand was flagged as a spike because observed demand of 442.4 is above the 14-day median baseline of 245.5 with Modified Z-Score = 5.41 (threshold 3.5). MAD = 24.55, residual = +249.4 units.",Review inventory availability and prepare emergency replenishment. Verify promotions or seasonal factors.,5.4107,5.4107,249.35962200683196,159.2997445966924
ceb4e2a1-45ff-4b68-886e-8424d75a6514,2022-07-10,12872,Delhi,8265.18,5981.14,0.9724,DEMAND_SPIKE,MEDIUM,0.9724,isolation_forest,Smooth,"Demand flagged by Isolation Forest (score=0.9724) without crossing Modified Z-Score threshold. Observed=8265.2, expected=5981.1, residual=+2284.0, Modified Z-Score=1.25.",Review inventory availability and prepare emergency replenishment. Verify promotions or seasonal factors.,1.2509,1.2509,2284.0369347366823,1144.3612314300062
4b0ecb19-efdf-4818-89c4-f336447d8b88,2022-07-10,12872,HR-NCR,5373.26,4553.6,0.7411,DEMAND_SPIKE,MEDIUM,0.7411,isolation_forest,Smooth,"Demand flagged by Isolation Forest (score=0.7411) without crossing Modified Z-Score threshold. Observed=5373.3, expected=4553.6, residual=+819.7, Modified Z-Score=0.70.",Review inventory availability and prepare emergency replenishment. Verify promotions or seasonal factors.,0.7022,0.7022,819.664376920704,239.275831004257
dd73eea5-2a53-409c-87ac-f84f9d3f2201,2022-07-10,15286,Bengaluru,420.74,149.73,0.0995,DEMAND_SPIKE,MEDIUM,0.0995,modified_z_score,Smooth,"Demand was flagged as a spike because observed demand of 420.7 is above the 14-day median baseline of 274.7 with Modified Z-Score = 3.59 (threshold 3.5). MAD = 27.47, residual = +271.0 units.",Review inventory availability and prepare emergency replenishment. Verify promotions or seasonal factors.,3.5866,3.5866,271.01442156810606,127.36497478811744
6b2167f1-f454-4a75-9247-1ce688f96bbf,2022-07-10,168,Bengaluru,255.95,199.82,0.0294,DEMAND_SPIKE,MEDIUM,0.0294,modified_z_score,Smooth,"Demand was flagged as a spike because observed demand of 255.9 is above the 14-day median baseline of 164.4 with Modified Z-Score = 3.76 (threshold 3.5). MAD = 16.44, residual = +56.1 units.",Review inventory availability and prepare emergency replenishment. Verify promotions or seasonal factors.,3.7561,3.7561,56.13388524674235,96.11078568506242
9025484b-0b2d-407c-8042-71765cd29106,2022-07-10,17489,Delhi,42.51,101.41,0.1401,DEMAND_DROP,MEDIUM,0.1401,modified_z_score,Smooth,"Demand was flagged as a drop because observed demand of 42.5 is below the 14-day median baseline of 93.7 with Modified Z-Score = -3.69 (threshold -3.5). MAD = 9.37, residual = -58.9 units.","Check inventory, supply chain, and delivery status. Investigate potential listing or pricing issues.",-3.6859,-3.6859,-58.90454666078366,105.11176909736501
f0b953ca-fb86-44ac-9727-ed4ccdd37494,2022-07-10,190325,Bengaluru,411.89,184.36,0.0628,DEMAND_SPIKE,MEDIUM,0.0628,modified_z_score,Smooth,"Demand was flagged as a spike because observed demand of 411.9 is above the 14-day median baseline of 260.2 with Modified Z-Score = 3.93 (threshold 3.5). MAD = 26.03, residual = +227.5 units.",Review inventory availability and prepare emergency replenishment. Verify promotions or seasonal factors.,3.9301,3.9301,227.5322380238335,90.61961065967516
68a39dee-e54a-48c8-ac32-30a2933770d4,2022-07-10,19512,Delhi,10276.6,7309.3,0.9908,DEMAND_SPIKE,MEDIUM,0.9908,isolation_forest,Smooth,"Demand flagged by Isolation Forest (score=0.9908) without crossing Modified Z-Score threshold. Observed=10276.6, expected=7309.3, residual=+2967.3, Modified Z-Score=1.27.",Review inventory availability and prepare emergency replenishment. Verify promotions or seasonal factors.,1.2686,1.2686,2967.2985187661316,1354.9834042843886
30bd5075-751f-44d1-802c-c4bd5a0d537e,2022-07-10,19512,HR-NCR,7579.08,7010.26,0.7756,DEMAND_SPIKE,MEDIUM,0.7756,isolation_forest,Smooth,"Demand flagged by Isolation Forest (score=0.7756) without crossing Modified Z-Score threshold. Observed=7579.1, expected=7010.3, residual=+568.8, Modified Z-Score=0.22.",Review inventory availability and prepare emergency replenishment. Verify promotions or seasonal factors.,0.2197,0.2197,568.8236147861226,404.81677506620184
1e74edb7-979b-4716-be9e-4240b25f18fd,2022-07-10,196281,Delhi,389.11,237.37,0.0374,DEMAND_SPIKE,MEDIUM,0.0374,modified_z_score,Smooth,"Demand was flagged as a spike because observed demand of 389.1 is above the 14-day median baseline of 246.4 with Modified Z-Score = 3.91 (threshold 3.5). MAD = 24.64, residual = +151.7 units.",Review inventory availability and prepare emergency replenishment. Verify promotions or seasonal factors.,3.9079,3.9079,151.7363626251276,40.474614506434094
cab82ccc-8db3-4e0d-b8d6-f90cdf7ed2b1,2022-07-10,28390,Bengaluru,97.76,535.12,0.4019,DEMAND_SPIKE,MEDIUM,0.4019,modified_z_score,Erratic,"Demand was flagged as a spike because observed demand of 97.8 is above the 14-day median baseline of 63.4 with Modified Z-Score = 3.66 (threshold 3.5). MAD = 6.34, residual = -437.4 units.",Review inventory availability and prepare emergency replenishment. Verify promotions or seasonal factors.,3.6621,3.6621,-437.35917005246165,195.70881796121955
dcd7de6f-eae4-47b6-8bf7-1d9b2a1d2d35,2022-07-10,311059,HR-NCR,90.26,232.57,0.1637,DEMAND_DROP,MEDIUM,0.1637,modified_z_score,Smooth,"Demand was flagged as a drop because observed demand of 90.3 is below the 14-day median baseline of 213.3 with Modified Z-Score = -3.89 (threshold -3.5). MAD = 21.33, residual = -142.3 units.","Check inventory, supply chain, and delivery status. Investigate potential listing or pricing issues.",-3.8911,-3.8911,-142.30530739258194,88.59175314328078
a51897d7-23a4-418d-b211-1eb36b6e056e,2022-07-10,311059,Mumbai,275.32,197.9,0.0113,DEMAND_SPIKE,MEDIUM,0.0113,modified_z_score,Smooth,"Demand was flagged as a spike because observed demand of 275.3 is above the 14-day median baseline of 174.4 with Modified Z-Score = 3.90 (threshold 3.5). MAD = 17.44, residual = +77.4 units.",Review inventory availability and prepare emergency replenishment. Verify promotions or seasonal factors.,3.9019,3.9019,77.42126832346057,60.27658212587852
4bd5f235-7b6d-465d-810e-29a322ea8b30,2022-07-10,314,Delhi,1967.87,1888.99,0.6295,DEMAND_SPIKE,MEDIUM,0.6295,isolation_forest,Smooth,"Demand flagged by Isolation Forest (score=0.6295) without crossing Modified Z-Score threshold. Observed=1967.9, expected=1889.0, residual=+78.9, Modified Z-Score=0.48.",Review inventory availability and prepare emergency replenishment. Verify promotions or seasonal factors.,0.4784,0.4784,78.87758290464149,613.3055245507287
b8fd6904-83ca-415e-accb-132ff2bd2ea0,2022-07-10,34778,Delhi,1447.48,1885.11,0.6355,DEMAND_DROP,MEDIUM,0.6355,isolation_forest,Smooth,"Demand flagged by Isolation Forest (score=0.6355) without crossing Modified Z-Score threshold. Observed=1447.5, expected=1885.1, residual=-437.6, Modified Z-Score=-0.45.","Check inventory, supply chain, and delivery status. Investigate potential listing or pricing issues.",-0.4529,-0.4529,-437.6342734279781,549.7085827736365
f8a7d734-b557-4832-8131-c5b3443a0d5b,2022-07-10,349944,HR-NCR,594.44,609.18,0.0725,DEMAND_SPIKE,MEDIUM,0.0725,modified_z_score,Smooth,"Demand was flagged as a spike because observed demand of 594.4 is above the 14-day median baseline of 390.1 with Modified Z-Score = 3.53 (threshold 3.5). MAD = 39.02, residual = -14.7 units.",Review inventory availability and prepare emergency replenishment. Verify promotions or seasonal factors.,3.5318,3.5318,-14.744430978049536,52.22165834210936
36e4af3f-c9e5-4ce7-9e2d-39b5e9ea390b,2022-07-10,352443,Delhi,1683.31,1117.55,0.6462,DEMAND_SPIKE,MEDIUM,0.6462,isolation_forest,Smooth,"Demand flagged by Isolation Forest (score=0.6462) without crossing Modified Z-Score threshold. Observed=1683.3, expected=1117.5, residual=+565.8, Modified Z-Score=0.81.",Review inventory availability and prepare emergency replenishment. Verify promotions or seasonal factors.,0.8063,0.8063,565.7641528379224,748.3623365222222
67126ba8-432b-4ddd-8684-77d8f26e6b55,2022-07-10,366492,Delhi,88.32,3.37,0.2452,DEMAND_DROP,MEDIUM,0.2452,modified_z_score,Smooth,"Demand was flagged as a drop because observed demand of 88.3 is below the 14-day median baseline of 215.9 with Modified Z-Score = -3.99 (threshold -3.5). MAD = 21.59, residual = +84.9 units.","Check inventory, supply chain, and delivery status. Investigate potential listing or pricing issues.",-3.9859,-3.9859,84.94915694165249,266.8771081935987
37608f1e-7775-4654-829b-96d80856fddb,2022-07-10,37083,Bengaluru,3998.19,3850.6,0.6733,DEMAND_SPIKE,MEDIUM,0.6733,isolation_forest,Smooth,"Demand flagged by Isolation Forest (score=0.6733) without crossing Modified Z-Score threshold. Observed=3998.2, expected=3850.6, residual=+147.6, Modified Z-Score=0.46.",Review inventory availability and prepare emergency replenishment. Verify promotions or seasonal factors.,0.4565,0.4565,147.5902664714713,381.3127789004427
066ef7bb-2107-4efd-9ad4-75a231e68aa3,2022-07-10,3881,HR-NCR,4326.16,2700.32,0.8569,DEMAND_SPIKE,MEDIUM,0.8569,isolation_forest,Smooth,"Demand flagged by Isolation Forest (score=0.8569) without crossing Modified Z-Score threshold. Observed=4326.2, expected=2700.3, residual=+1625.8, Modified Z-Score=2.19.",Review inventory availability and prepare emergency replenishment. Verify promotions or seasonal factors.,2.19,2.19,1625.8380003223715,814.0952216895624
1a0285cc-4982-4b45-898b-0efbbbb28ead,2022-07-10,3889,Delhi,870.82,47.34,0.7387,DEMAND_SPIKE,MEDIUM,0.7387,isolation_forest,Smooth,"Demand flagged by Isolation Forest (score=0.7387) without crossing Modified Z-Score threshold. Observed=870.8, expected=47.3, residual=+823.5, Modified Z-Score=-2.78.",Review inventory availability and prepare emergency replenishment. Verify promotions or seasonal factors.,-2.7776,-2.7776,823.4822672734349,1020.8327231902939
e49d388f-5ed2-4b44-a88f-9acdcd8aeb45,2022-07-10,3889,HR-NCR,1303.87,387.34,0.6738,DEMAND_SPIKE,MEDIUM,0.6738,isolation_forest,Smooth,"Demand flagged by Isolation Forest (score=0.6738) without crossing Modified Z-Score threshold. Observed=1303.9, expected=387.3, residual=+916.5, Modified Z-Score=1.05.",Review inventory availability and prepare emergency replenishment. Verify promotions or seasonal factors.,1.0457,1.0457,916.5308749737269,573.8584452197248
5f06d231-4fcc-4f92-8f4c-04e6971fe5b3,2022-07-10,389683,Bengaluru,460.41,346.2,0.0425,DEMAND_SPIKE,MEDIUM,0.0425,modified_z_score,Smooth,"Demand was flagged as a spike because observed demand of 460.4 is above the 14-day median baseline of 301.0 with Modified Z-Score = 3.57 (threshold 3.5). MAD = 30.10, residual = +114.2 units.",Review inventory availability and prepare emergency replenishment. Verify promotions or seasonal factors.,3.5708,3.5708,114.21436272237082,56.467260229072366
832adafc-7141-4058-a25d-375e8684ec5f,2022-07-10,389714,Delhi,264.44,222.93,0.0094,DEMAND_SPIKE,MEDIUM,0.0094,modified_z_score,Smooth,"Demand was flagged as a spike because observed demand of 264.4 is above the 14-day median baseline of 168.8 with Modified Z-Score = 3.82 (threshold 3.5). MAD = 16.88, residual = +41.5 units.",Review inventory availability and prepare emergency replenishment. Verify promotions or seasonal factors.,3.821,3.821,41.50963309573251,36.36309220899674
cac70885-37f4-4039-aa2c-fb9438928092,2022-07-10,3898,Delhi,4588.35,3491.34,0.7284,DEMAND_SPIKE,MEDIUM,0.7284,isolation_forest,Smooth,"Demand flagged by Isolation Forest (score=0.7284) without crossing Modified Z-Score threshold. Observed=4588.4, expected=3491.3, residual=+1097.0, Modified Z-Score=1.08.",Review inventory availability and prepare emergency replenishment. Verify promotions or seasonal factors.,1.082,1.082,1097.0137937631757,267.5287294593072
9f1c8114-27b9-425a-a32a-1abe269f8b56,2022-07-10,3898,HR-NCR,3616.85,2695.72,0.6796,DEMAND_SPIKE,MEDIUM,0.6796,isolation_forest,Smooth,"Demand flagged by Isolation Forest (score=0.6796) without crossing Modified Z-Score threshold. Observed=3616.8, expected=2695.7, residual=+921.1, Modified Z-Score=1.72.",Review inventory availability and prepare emergency replenishment. Verify promotions or seasonal factors.,1.7172,1.7172,921.1290477558869,285.92491306479593
d498f877-ebec-4584-bf65-da8c53664eb9,2022-07-10,391306,Bengaluru,4529.84,3424.74,0.7472,DEMAND_SPIKE,MEDIUM,0.7472,isolation_forest,Smooth,"Demand flagged by Isolation Forest (score=0.7472) without crossing Modified Z-Score threshold. Observed=4529.8, expected=3424.7, residual=+1105.1, Modified Z-Score=0.73.",Review inventory availability and prepare emergency replenishment. Verify promotions or seasonal factors.,0.7316,0.7316,1105.1002983035742,323.09187110634656
b695720a-c031-437d-b2bd-cac26a77902b,2022-07-10,391306,Delhi,7579.73,6278.65,0.9419,DEMAND_SPIKE,MEDIUM,0.9419,isolation_forest,Smooth,"Demand flagged by Isolation Forest (score=0.9419) without crossing Modified Z-Score threshold. Observed=7579.7, expected=6278.7, residual=+1301.1, Modified Z-Score=1.52.",Review inventory availability and prepare emergency replenishment. Verify promotions or seasonal factors.,1.5162,1.5162,1301.0796685463993,1356.7141743514405
f3b92aec-87cf-46f0-85e1-f96bbc3bcd34,2022-07-10,391306,HR-NCR,5649.07,4074.99,0.8934,DEMAND_SPIKE,MEDIUM,0.8934,isolation_forest,Smooth,"Demand flagged by Isolation Forest (score=0.8934) without crossing Modified Z-Score threshold. Observed=5649.1, expected=4075.0, residual=+1574.1, Modified Z-Score=2.45.",Review inventory availability and prepare emergency replenishment. Verify promotions or seasonal factors.,2.4542,2.4542,1574.0807238862885,861.464188329962
15161965-2934-4d6b-b5e3-59c38970bb55,2022-07-10,39493,Delhi,215.89,522.4,0.239,DEMAND_DROP,MEDIUM,0.239,modified_z_score,Smooth,"Demand was flagged as a drop because observed demand of 215.9 is below the 14-day median baseline of 489.7 with Modified Z-Score = -3.77 (threshold -3.5). MAD = 48.97, residual = -306.5 units.","Check inventory, supply chain, and delivery status. Investigate potential listing or pricing issues.",-3.7712,-3.7712,-306.50715432767106,110.72457075755337
90d5e68c-3da3-4a2e-a43c-ecb212b32b03,2022-07-10,400105,Delhi,3062.12,2927.99,0.6143,DEMAND_SPIKE,MEDIUM,0.6143,isolation_forest,Smooth,"Demand flagged by Isolation Forest (score=0.6143) without crossing Modified Z-Score threshold. Observed=3062.1, expected=2928.0, residual=+134.1, Modified Z-Score=1.99.",Review inventory availability and prepare emergency replenishment. Verify promotions or seasonal factors.,1.9898,1.9898,134.12959192120388,455.0009522242782
ef5d4acf-bee6-4173-8adf-34e7b5b0cf01,2022-07-10,440031,Delhi,734.62,483.88,0.1318,DEMAND_SPIKE,MEDIUM,0.1318,modified_z_score,Smooth,"Demand was flagged as a spike because observed demand of 734.6 is above the 14-day median baseline of 467.1 with Modified Z-Score = 3.86 (threshold 3.5). MAD = 46.71, residual = +250.7 units.",Review inventory availability and prepare emergency replenishment. Verify promotions or seasonal factors.,3.8642,3.8642,250.74184838677058,155.31511056379685
540d613d-ef9c-443e-a04d-39625a392dc9,2022-07-10,445675,Bengaluru,3301.88,2711.37,0.7935,DEMAND_SPIKE,MEDIUM,0.7935,isolation_forest,Smooth,"Demand flagged by Isolation Forest (score=0.7935) without crossing Modified Z-Score threshold. Observed=3301.9, expected=2711.4, residual=+590.5, Modified Z-Score=0.27.",Review inventory availability and prepare emergency replenishment. Verify promotions or seasonal factors.,0.2665,0.2665,590.5107634355991,1061.7674952853117
706bdd36-b7d4-48d1-ae5f-bd0267d5bec2,2022-07-10,450561,Delhi,236.99,83.29,0.0365,DEMAND_SPIKE,MEDIUM,0.0365,modified_z_score,Erratic,"Demand was flagged as a spike because observed demand of 237.0 is above the 14-day median baseline of 151.6 with Modified Z-Score = 3.80 (threshold 3.5). MAD = 15.16, residual = +153.7 units.",Review inventory availability and prepare emergency replenishment. Verify promotions or seasonal factors.,3.7971,3.7971,153.70166866445356,74.52435677533741
853398ac-c7ae-4d24-83df-54b26e159dc8,2022-07-10,459720,Mumbai,440.97,411.71,0.069,DEMAND_SPIKE,MEDIUM,0.069,modified_z_score,Smooth,"Demand was flagged as a spike because observed demand of 441.0 is above the 14-day median baseline of 283.5 with Modified Z-Score = 3.75 (threshold 3.5). MAD = 28.35, residual = +29.3 units.",Review inventory availability and prepare emergency replenishment. Verify promotions or seasonal factors.,3.748,3.748,29.263583868309695,136.83608926376112
42e7d03c-af04-421f-96f6-ad75057289fd,2022-07-10,470636,Delhi,2238.13,1276.28,0.6144,DEMAND_SPIKE,MEDIUM,0.6144,isolation_forest,Smooth,"Demand flagged by Isolation Forest (score=0.6144) without crossing Modified Z-Score threshold. Observed=2238.1, expected=1276.3, residual=+961.9, Modified Z-Score=0.88.",Review inventory availability and prepare emergency replenishment. Verify promotions or seasonal factors.,0.8808,0.8808,961.8516332966697,354.67920960355156
255f92b9-e779-4381-88a4-959c0ea358c9,2022-07-10,478815,Delhi,225.66,222.95,0.0198,DEMAND_SPIKE,MEDIUM,0.0198,modified_z_score,Erratic,"Demand was flagged as a spike because observed demand of 225.7 is above the 14-day median baseline of 146.6 with Modified Z-Score = 3.64 (threshold 3.5). MAD = 14.66, residual = +2.7 units.",Review inventory availability and prepare emergency replenishment. Verify promotions or seasonal factors.,3.6368,3.6368,2.705465623678009,61.363135105696806
91cf6c3a-3f9d-416e-b59c-0476c380f0f4,2022-07-10,52,Delhi,2994.84,2703.52,0.6939,DEMAND_SPIKE,MEDIUM,0.6939,isolation_forest,Smooth,"Demand flagged by Isolation Forest (score=0.6939) without crossing Modified Z-Score threshold. Observed=2994.8, expected=2703.5, residual=+291.3, Modified Z-Score=2.64.",Review inventory availability and prepare emergency replenishment. Verify promotions or seasonal factors.,2.6434,2.6434,291.31659435271513,646.4759040946537
6eee2176-cfec-4381-95c0-815325c512ff,2022-07-10,89120,Delhi,304.96,218.09,0.0221,DEMAND_SPIKE,MEDIUM,0.0221,modified_z_score,Smooth,"Demand was flagged as a spike because observed demand of 305.0 is above the 14-day median baseline of 193.5 with Modified Z-Score = 3.89 (threshold 3.5). MAD = 19.35, residual = +86.9 units.",Review inventory availability and prepare emergency replenishment. Verify promotions or seasonal factors.,3.8864,3.8864,86.86801749839839,36.81751545724458
b5dc697f-897a-4e97-89e0-e184d0e097a6,2022-07-10,97250,Delhi,352.36,253.77,0.028,DEMAND_SPIKE,MEDIUM,0.028,modified_z_score,Smooth,"Demand was flagged as a spike because observed demand of 352.4 is above the 14-day median baseline of 224.4 with Modified Z-Score = 3.85 (threshold 3.5). MAD = 22.44, residual = +98.6 units.",Review inventory availability and prepare emergency replenishment. Verify promotions or seasonal factors.,3.8481,3.8481,98.59317594234665,47.0279672110118
299e60c7-ac2e-4f03-8483-494980884b39,2022-07-09,1,Delhi,375.72,233.52,0.0495,DEMAND_SPIKE,MEDIUM,0.0495,modified_z_score,Smooth,"Demand was flagged as a spike because observed demand of 375.7 is above the 14-day median baseline of 246.7 with Modified Z-Score = 3.53 (threshold 3.5). MAD = 24.67, residual = +142.2 units.",Review inventory availability and prepare emergency replenishment. Verify promotions or seasonal factors.,3.5267,3.5267,142.20219785676534,66.11556462523998
eefde2d1-45f3-4b79-b9d4-e9f75e636a0c,2022-07-09,105,Delhi,1904.31,1806.79,0.6398,DEMAND_SPIKE,MEDIUM,0.6398,isolation_forest,Smooth,"Demand flagged by Isolation Forest (score=0.6398) without crossing Modified Z-Score threshold. Observed=1904.3, expected=1806.8, residual=+97.5, Modified Z-Score=0.23.",Review inventory availability and prepare emergency replenishment. Verify promotions or seasonal factors.,0.2293,0.2293,97.5152761787615,720.1177892130366
3fc148d2-6a33-4dcc-881f-0d1d1928e40b,2022-07-09,114264,Delhi,314.61,202.72,0.0301,DEMAND_SPIKE,MEDIUM,0.0301,modified_z_score,Smooth,"Demand was flagged as a spike because observed demand of 314.6 is above the 14-day median baseline of 204.1 with Modified Z-Score = 3.65 (threshold 3.5). MAD = 20.41, residual = +111.9 units.",Review inventory availability and prepare emergency replenishment. Verify promotions or seasonal factors.,3.6503,3.6503,111.8917841232988,34.61259078820059
ce3916c6-526b-4ab6-b867-d5b8fdc22af1,2022-07-09,12872,Delhi,6491.51,6094.14,0.8837,DEMAND_SPIKE,MEDIUM,0.8837,isolation_forest,Smooth,"Demand flagged by Isolation Forest (score=0.8837) without crossing Modified Z-Score threshold. Observed=6491.5, expected=6094.1, residual=+397.4, Modified Z-Score=-0.62.",Review inventory availability and prepare emergency replenishment. Verify promotions or seasonal factors.,-0.6158,-0.6158,397.36867719767633,1190.9750683218715
bc196a75-16b6-41ae-87d3-20c8ecb58dd5,2022-07-09,12872,HR-NCR,5369.83,4389.19,0.7593,DEMAND_SPIKE,MEDIUM,0.7593,isolation_forest,Smooth,"Demand flagged by Isolation Forest (score=0.7593) without crossing Modified Z-Score threshold. Observed=5369.8, expected=4389.2, residual=+980.6, Modified Z-Score=0.71.",Review inventory availability and prepare emergency replenishment. Verify promotions or seasonal factors.,0.715,0.715,980.64375472148,190.13935667125082
624e7c8b-c762-4fb6-a74c-a3d367cd69aa,2022-07-09,15907,Delhi,856.85,1756.92,0.6879,DEMAND_DROP,MEDIUM,0.6879,isolation_forest,Smooth,"Demand flagged by Isolation Forest (score=0.6879) without crossing Modified Z-Score threshold. Observed=856.9, expected=1756.9, residual=-900.1, Modified Z-Score=-2.49.","Check inventory, supply chain, and delivery status. Investigate potential listing or pricing issues.",-2.4927,-2.4927,-900.0726242665211,534.0144137634702
3b9495ba-7ae6-4115-9c34-193379a6c94d,2022-07-09,160704,Delhi,3039.72,2292.33,0.6673,DEMAND_SPIKE,MEDIUM,0.6673,isolation_forest,Smooth,"Demand flagged by Isolation Forest (score=0.6673) without crossing Modified Z-Score threshold. Observed=3039.7, expected=2292.3, residual=+747.4, Modified Z-Score=0.98.",Review inventory availability and prepare emergency replenishment. Verify promotions or seasonal factors.,0.9775,0.9775,747.387482802319,457.5955417724259
9f4686ad-a828-4b8e-91f8-f149a266e87b,2022-07-09,169812,Bengaluru,314.11,218.1,0.0152,DEMAND_SPIKE,MEDIUM,0.0152,modified_z_score,Smooth,"Demand was flagged as a spike because observed demand of 314.1 is above the 14-day median baseline of 198.9 with Modified Z-Score = 3.91 (threshold 3.5). MAD = 19.89, residual = +96.0 units.",Review inventory availability and prepare emergency replenishment. Verify promotions or seasonal factors.,3.9056,3.9056,96.00624360175647,51.17618865951514
316344dd-9456-4f10-868e-af8888ca3ce3,2022-07-09,17678,Delhi,279.4,264.41,0.0666,DEMAND_SPIKE,MEDIUM,0.0666,modified_z_score,Smooth,"Demand was flagged as a spike because observed demand of 279.4 is above the 14-day median baseline of 176.1 with Modified Z-Score = 3.95 (threshold 3.5). MAD = 17.61, residual = +15.0 units.",Review inventory availability and prepare emergency replenishment. Verify promotions or seasonal factors.,3.9542,3.9542,14.994617204802637,145.06962687299995
634c2009-9d4f-47a3-a69c-4fff73dadc9d,2022-07-09,18555,Delhi,189.36,217.15,0.0298,DEMAND_SPIKE,MEDIUM,0.0298,modified_z_score,Smooth,"Demand was flagged as a spike because observed demand of 189.4 is above the 14-day median baseline of 121.8 with Modified Z-Score = 3.74 (threshold 3.5). MAD = 12.18, residual = -27.8 units.",Review inventory availability and prepare emergency replenishment. Verify promotions or seasonal factors.,3.74,3.74,-27.78568453865506,62.55486232100588
e7981f49-ceee-42b4-8de1-85d3f8020fd3,2022-07-09,18841,Delhi,201.15,343.26,0.1495,DEMAND_DROP,MEDIUM,0.1495,modified_z_score,Smooth,"Demand was flagged as a drop because observed demand of 201.2 is below the 14-day median baseline of 489.4 with Modified Z-Score = -3.97 (threshold -3.5). MAD = 48.94, residual = -142.1 units.","Check inventory, supply chain, and delivery status. Investigate potential listing or pricing issues.",-3.973,-3.973,-142.11224237626888,110.2288664471076
a82ccbd0-e782-4372-a5b0-9ae33f35d58a,2022-07-09,19512,Delhi,10195.57,7082.91,1.0,DEMAND_SPIKE,MEDIUM,1.0,isolation_forest,Smooth,"Demand flagged by Isolation Forest (score=1.0000) without crossing Modified Z-Score threshold. Observed=10195.6, expected=7082.9, residual=+3112.7, Modified Z-Score=1.33.",Review inventory availability and prepare emergency replenishment. Verify promotions or seasonal factors.,1.3261,1.3261,3112.663748652846,1381.3431295915013
c47a90ab-9371-48de-80f3-d6863bcedd51,2022-07-09,19512,HR-NCR,8136.07,6549.03,0.8463,DEMAND_SPIKE,MEDIUM,0.8463,isolation_forest,Smooth,"Demand flagged by Isolation Forest (score=0.8463) without crossing Modified Z-Score threshold. Observed=8136.1, expected=6549.0, residual=+1587.0, Modified Z-Score=0.75.",Review inventory availability and prepare emergency replenishment. Verify promotions or seasonal factors.,0.7524,0.7524,1587.037409431422,294.31096343529975
cb57f24a-24b0-4cf6-ae98-71310a62b763,2022-07-09,23653,HR-NCR,118.36,341.38,0.2157,DEMAND_DROP,MEDIUM,0.2157,modified_z_score,Smooth,"Demand was flagged as a drop because observed demand of 118.4 is below the 14-day median baseline of 277.2 with Modified Z-Score = -3.86 (threshold -3.5). MAD = 27.72, residual = -223.0 units.","Check inventory, supply chain, and delivery status. Investigate potential listing or pricing issues.",-3.8646,-3.8646,-223.0164629168528,84.54529866755286
57a6cc96-4d57-452c-89e5-8d3852341c03,2022-07-09,32553,Bengaluru,559.96,348.07,0.0885,DEMAND_SPIKE,MEDIUM,0.0885,modified_z_score,Smooth,"Demand was flagged as a spike because observed demand of 560.0 is above the 14-day median baseline of 365.6 with Modified Z-Score = 3.59 (threshold 3.5). MAD = 36.56, residual = +211.9 units.",Review inventory availability and prepare emergency replenishment. Verify promotions or seasonal factors.,3.5862,3.5862,211.890666998982,116.84514011991624
06ef2e47-97e5-4410-be84-8f3594299708,2022-07-09,329500,HR-NCR,862.9,1328.82,0.676,DEMAND_DROP,MEDIUM,0.676,isolation_forest,Smooth,"Demand flagged by Isolation Forest (score=0.6760) without crossing Modified Z-Score threshold. Observed=862.9, expected=1328.8, residual=-465.9, Modified Z-Score=-1.45.","Check inventory, supply chain, and delivery status. Investigate potential listing or pricing issues.",-1.447,-1.447,-465.91920984415253,780.8508819859361
cea16bbf-6566-4746-8099-22f5f5b07989,2022-07-09,341974,Delhi,350.0,181.49,0.0467,DEMAND_SPIKE,MEDIUM,0.0467,modified_z_score,Smooth,"Demand was flagged as a spike because observed demand of 350.0 is above the 14-day median baseline of 220.9 with Modified Z-Score = 3.94 (threshold 3.5). MAD = 22.09, residual = +168.5 units.",Review inventory availability and prepare emergency replenishment. Verify promotions or seasonal factors.,3.9427,3.9427,168.50808793919532,77.69305093948695
ffb586c7-5c38-4605-8071-9ea533c815c1,2022-07-09,352443,Delhi,1459.05,1085.84,0.6203,DEMAND_SPIKE,MEDIUM,0.6203,isolation_forest,Smooth,"Demand flagged by Isolation Forest (score=0.6203) without crossing Modified Z-Score threshold. Observed=1459.0, expected=1085.8, residual=+373.2, Modified Z-Score=-0.26.",Review inventory availability and prepare emergency replenishment. Verify promotions or seasonal factors.,-0.2588,-0.2588,373.21037762608216,797.7037868861472
53013b0c-9543-482b-8a4f-f05bd35348db,2022-07-09,37083,Bengaluru,4708.83,3474.91,0.7511,DEMAND_SPIKE,MEDIUM,0.7511,isolation_forest,Smooth,"Demand flagged by Isolation Forest (score=0.7511) without crossing Modified Z-Score threshold. Observed=4708.8, expected=3474.9, residual=+1233.9, Modified Z-Score=1.76.",Review inventory availability and prepare emergency replenishment. Verify promotions or seasonal factors.,1.7573,1.7573,1233.9244710115795,258.61364531450624
2c5b32f3-6d8a-4668-9d2f-f3e506693850,2022-07-09,3881,HR-NCR,3265.82,3577.29,0.8027,DEMAND_DROP,MEDIUM,0.8027,isolation_forest,Smooth,"Demand flagged by Isolation Forest (score=0.8027) without crossing Modified Z-Score threshold. Observed=3265.8, expected=3577.3, residual=-311.5, Modified Z-Score=0.01.","Check inventory, supply chain, and delivery status. Investigate potential listing or pricing issues.",0.009,0.009,-311.4730648543641,869.5012443595795
dba1bebf-142f-480d-b5cc-28bbb990dbad,2022-07-09,388638,HR-NCR,93.35,186.3,0.104,DEMAND_DROP,MEDIUM,0.104,modified_z_score,Smooth,"Demand was flagged as a drop because observed demand of 93.3 is below the 14-day median baseline of 194.2 with Modified Z-Score = -3.50 (threshold -3.5). MAD = 19.42, residual = -93.0 units.","Check inventory, supply chain, and delivery status. Investigate potential listing or pricing issues.",-3.5033,-3.5033,-92.95179124002172,59.51381922353352
d232252e-536d-4cdd-a18e-ceb614f11455,2022-07-09,3898,Delhi,4119.28,3263.03,0.71,DEMAND_SPIKE,MEDIUM,0.71,isolation_forest,Smooth,"Demand flagged by Isolation Forest (score=0.7100) without crossing Modified Z-Score threshold. Observed=4119.3, expected=3263.0, residual=+856.3, Modified Z-Score=0.30.",Review inventory availability and prepare emergency replenishment. Verify promotions or seasonal factors.,0.2957,0.2957,856.250829617672,272.0761329376133
54d2ec39-98ee-4e99-8caf-bf99f730b088,2022-07-09,391306,Bengaluru,4577.59,3601.21,0.7187,DEMAND_SPIKE,MEDIUM,0.7187,isolation_forest,Smooth,"Demand flagged by Isolation Forest (score=0.7187) without crossing Modified Z-Score threshold. Observed=4577.6, expected=3601.2, residual=+976.4, Modified Z-Score=0.83.",Review inventory availability and prepare emergency replenishment. Verify promotions or seasonal factors.,0.8267,0.8267,976.375502915686,276.68702826930655
7957c7de-34a0-45af-b1eb-352b42bf4ec4,2022-07-09,391306,Delhi,8117.62,5362.71,0.9793,DEMAND_SPIKE,MEDIUM,0.9793,isolation_forest,Smooth,"Demand flagged by Isolation Forest (score=0.9793) without crossing Modified Z-Score threshold. Observed=8117.6, expected=5362.7, residual=+2754.9, Modified Z-Score=2.21.",Review inventory availability and prepare emergency replenishment. Verify promotions or seasonal factors.,2.2122,2.2122,2754.9096717052507,1308.208331355058
98021f6f-d3f5-4a5d-8fa5-a16ff883af52,2022-07-09,391306,HR-NCR,5806.05,4426.77,0.8794,DEMAND_SPIKE,MEDIUM,0.8794,isolation_forest,Smooth,"Demand flagged by Isolation Forest (score=0.8794) without crossing Modified Z-Score threshold. Observed=5806.1, expected=4426.8, residual=+1379.3, Modified Z-Score=2.73.",Review inventory availability and prepare emergency replenishment. Verify promotions or seasonal factors.,2.7255,2.7255,1379.2836138247358,727.2932545391951
4a1d058e-2036-4e1c-b556-c824d5be278e,2022-07-09,3914,HR-NCR,404.38,262.42,0.0875,DEMAND_SPIKE,MEDIUM,0.0875,modified_z_score,Smooth,"Demand was flagged as a spike because observed demand of 404.4 is above the 14-day median baseline of 257.0 with Modified Z-Score = 3.87 (threshold 3.5). MAD = 25.70, residual = +142.0 units.",Review inventory availability and prepare emergency replenishment. Verify promotions or seasonal factors.,3.8682,3.8682,141.9607846250605,157.77500191276002
f6b0ebf2-3de1-41e5-adfc-df0a9a02d9b6,2022-07-09,400105,Bengaluru,253.78,421.27,0.2643,DEMAND_DROP,MEDIUM,0.2643,modified_z_score,Smooth,"Demand was flagged as a drop because observed demand of 253.8 is below the 14-day median baseline of 586.7 with Modified Z-Score = -3.83 (threshold -3.5). MAD = 58.67, residual = -167.5 units.","Check inventory, supply chain, and delivery status. Investigate potential listing or pricing issues.",-3.8274,-3.8274,-167.49226243707975,251.1332268936152
633c62b9-f7a9-46be-ab70-23b4f0ec9260,2022-07-09,400105,Delhi,2118.76,2592.84,0.6402,DEMAND_DROP,MEDIUM,0.6402,isolation_forest,Smooth,"Demand flagged by Isolation Forest (score=0.6402) without crossing Modified Z-Score threshold. Observed=2118.8, expected=2592.8, residual=-474.1, Modified Z-Score=-0.99.","Check inventory, supply chain, and delivery status. Investigate potential listing or pricing issues.",-0.9868,-0.9868,-474.0819626328639,464.7032230647703
1f9356e4-4085-443e-9a18-3833bbf4eaa1,2022-07-09,445675,Delhi,821.62,1750.26,0.7425,VOLATILITY_ANOMALY,MEDIUM,0.7425,rolling_volatility_threshold,Smooth,Demand volatility flagged: 14-day rolling std of 763.55 is 2.4x the 95th-percentile baseline (322.03) for product 445675 in Delhi.,Review recent order patterns and supply chain disruptions. Consider adjusting safety-stock buffers.,-2.9147,-2.9147,-928.6416676390437,763.5457660106937
098978e9-b256-47cf-990f-52ce31e3bd97,2022-07-09,445675,Delhi,821.62,1750.26,0.7425,DEMAND_DROP,MEDIUM,0.7425,isolation_forest,Smooth,"Demand flagged by Isolation Forest (score=0.7425) without crossing Modified Z-Score threshold. Observed=821.6, expected=1750.3, residual=-928.6, Modified Z-Score=-2.91.","Check inventory, supply chain, and delivery status. Investigate potential listing or pricing issues.",-2.9147,-2.9147,-928.6416676390437,763.5457660106937
6a179414-a0cc-49b6-bd01-18007cf0ff3f,2022-07-09,467642,Delhi,299.26,170.94,0.0521,DEMAND_SPIKE,MEDIUM,0.0521,modified_z_score,Smooth,"Demand was flagged as a spike because observed demand of 299.3 is above the 14-day median baseline of 192.6 with Modified Z-Score = 3.73 (threshold 3.5). MAD = 19.26, residual = +128.3 units.",Review inventory availability and prepare emergency replenishment. Verify promotions or seasonal factors.,3.7345,3.7345,128.32299004270453,23.2855171113475
7ec3c31f-377b-4a2e-998a-62ed6128df59,2022-07-09,52,Delhi,1804.86,2484.99,0.7517,DEMAND_DROP,MEDIUM,0.7517,isolation_forest,Smooth,"Demand flagged by Isolation Forest (score=0.7517) without crossing Modified Z-Score threshold. Observed=1804.9, expected=2485.0, residual=-680.1, Modified Z-Score=-1.18.","Check inventory, supply chain, and delivery status. Investigate potential listing or pricing issues.",-1.1813,-1.1813,-680.1279494500257,660.9539486173428
efb55ef6-9fca-4da8-bd69-522bd220dc45,2022-07-09,63628,Delhi,517.2,297.06,0.0836,DEMAND_SPIKE,MEDIUM,0.0836,modified_z_score,Smooth,"Demand was flagged as a spike because observed demand of 517.2 is above the 14-day median baseline of 327.0 with Modified Z-Score = 3.92 (threshold 3.5). MAD = 32.70, residual = +220.1 units.",Review inventory availability and prepare emergency replenishment. Verify promotions or seasonal factors.,3.9231,3.9231,220.13527798721947,109.62067789166683
a228b1d9-f193-4588-b788-7387a28a440f,2022-07-09,82898,HR-NCR,220.18,146.85,0.0123,DEMAND_SPIKE,MEDIUM,0.0123,modified_z_score,Smooth,"Demand was flagged as a spike because observed demand of 220.2 is above the 14-day median baseline of 143.5 with Modified Z-Score = 3.60 (threshold 3.5). MAD = 14.35, residual = +73.3 units.",Review inventory availability and prepare emergency replenishment. Verify promotions or seasonal factors.,3.601,3.601,73.32801746810077,42.0430289788246
8119b33a-de24-4076-8a47-846ccce6cd74,2022-07-09,95781,Bengaluru,87.71,228.75,0.2074,DEMAND_DROP,MEDIUM,0.2074,modified_z_score,Smooth,"Demand was flagged as a drop because observed demand of 87.7 is below the 14-day median baseline of 186.2 with Modified Z-Score = -3.57 (threshold -3.5). MAD = 18.62, residual = -141.0 units.","Check inventory, supply chain, and delivery status. Investigate potential listing or pricing issues.",-3.5673,-3.5673,-141.0391316022645,138.16949362881394
8a98e8a3-4b40-4b37-b520-24f251126c7c,2022-07-08,11299,Bengaluru,332.75,338.53,0.0832,DEMAND_SPIKE,MEDIUM,0.0832,modified_z_score,Smooth,"Demand was flagged as a spike because observed demand of 332.8 is above the 14-day median baseline of 208.9 with Modified Z-Score = 4.00 (threshold 3.5). MAD = 20.89, residual = -5.8 units.",Review inventory availability and prepare emergency replenishment. Verify promotions or seasonal factors.,3.9968,3.9968,-5.780442722151008,146.46580850800902
6d0216ae-57c0-4334-840d-27ed8820370e,2022-07-08,12872,Delhi,7315.4,5986.45,0.9363,DEMAND_SPIKE,MEDIUM,0.9363,isolation_forest,Smooth,"Demand flagged by Isolation Forest (score=0.9363) without crossing Modified Z-Score threshold. Observed=7315.4, expected=5986.5, residual=+1328.9, Modified Z-Score=0.33.",Review inventory availability and prepare emergency replenishment. Verify promotions or seasonal factors.,0.3321,0.3321,1328.9453771124445,1286.2872711393977
0c70ad82-ce9f-4d44-b5f4-9d007e2577a6,2022-07-08,12872,HR-NCR,4810.36,4515.17,0.6566,DEMAND_SPIKE,MEDIUM,0.6566,isolation_forest,Smooth,"Demand flagged by Isolation Forest (score=0.6566) without crossing Modified Z-Score threshold. Observed=4810.4, expected=4515.2, residual=+295.2, Modified Z-Score=-0.08.",Review inventory availability and prepare emergency replenishment. Verify promotions or seasonal factors.,-0.078,-0.078,295.18578022877136,202.4374656059307
3408a40b-53e2-4099-8576-720767edbcff,2022-07-08,15907,Delhi,1674.74,923.59,0.6254,DEMAND_SPIKE,MEDIUM,0.6254,isolation_forest,Smooth,"Demand flagged by Isolation Forest (score=0.6254) without crossing Modified Z-Score threshold. Observed=1674.7, expected=923.6, residual=+751.2, Modified Z-Score=1.98.",Review inventory availability and prepare emergency replenishment. Verify promotions or seasonal factors.,1.9813,1.9813,751.1509589887836,556.4597407676839
c715dffd-d865-4566-87e6-6152ab8cbcde,2022-07-08,17748,Mumbai,539.97,387.63,0.0852,DEMAND_SPIKE,MEDIUM,0.0852,modified_z_score,Smooth,"Demand was flagged as a spike because observed demand of 540.0 is above the 14-day median baseline of 340.6 with Modified Z-Score = 3.95 (threshold 3.5). MAD = 34.06, residual = +152.3 units.",Review inventory availability and prepare emergency replenishment. Verify promotions or seasonal factors.,3.9466,3.9466,152.33931611214643,68.82880785307988
c72d0cd3-f1dc-49ad-9bf7-8a8853713ed9,2022-07-08,19512,Delhi,8253.79,7050.48,0.9352,DEMAND_SPIKE,MEDIUM,0.9352,isolation_forest,Smooth,"Demand flagged by Isolation Forest (score=0.9352) without crossing Modified Z-Score threshold. Observed=8253.8, expected=7050.5, residual=+1203.3, Modified Z-Score=-0.31.",Review inventory availability and prepare emergency replenishment. Verify promotions or seasonal factors.,-0.3088,-0.3088,1203.3138067252976,1458.7365919831027
06fb7976-80bf-45d0-aa61-1302afb536e4,2022-07-08,19512,HR-NCR,7340.02,6522.08,0.8078,DEMAND_SPIKE,MEDIUM,0.8078,isolation_forest,Smooth,"Demand flagged by Isolation Forest (score=0.8078) without crossing Modified Z-Score threshold. Observed=7340.0, expected=6522.1, residual=+817.9, Modified Z-Score=0.04.",Review inventory availability and prepare emergency replenishment. Verify promotions or seasonal factors.,0.0379,0.0379,817.9420048448037,315.2154387308556
de88d84a-f75f-4d92-b507-a60d780b3d01,2022-07-08,206314,HR-NCR,96.88,326.01,0.2093,DEMAND_DROP,MEDIUM,0.2093,modified_z_score,Erratic,"Demand was flagged as a drop because observed demand of 96.9 is below the 14-day median baseline of 213.8 with Modified Z-Score = -3.69 (threshold -3.5). MAD = 21.38, residual = -229.1 units.","Check inventory, supply chain, and delivery status. Investigate potential listing or pricing issues.",-3.6892,-3.6892,-229.13013243720002,68.55722034844149
9f7d0245-1877-4f8b-90a8-da1871298948,2022-07-08,283,HR-NCR,355.26,562.81,0.2021,DEMAND_DROP,MEDIUM,0.2021,modified_z_score,Smooth,"Demand was flagged as a drop because observed demand of 355.3 is below the 14-day median baseline of 857.4 with Modified Z-Score = -3.95 (threshold -3.5). MAD = 85.74, residual = -207.6 units.","Check inventory, supply chain, and delivery status. Investigate potential listing or pricing issues.",-3.9501,-3.9501,-207.55463991632666,154.10177879755776
da3d95ca-b2fc-4395-9311-e6e6a5ccc5fc,2022-07-08,309447,Delhi,221.28,62.1,0.0388,DEMAND_SPIKE,MEDIUM,0.0388,modified_z_score,Smooth,"Demand was flagged as a spike because observed demand of 221.3 is above the 14-day median baseline of 144.5 with Modified Z-Score = 3.58 (threshold 3.5). MAD = 14.45, residual = +159.2 units.",Review inventory availability and prepare emergency replenishment. Verify promotions or seasonal factors.,3.5825,3.5825,159.1848196661215,27.49529379643689
7cf6cfe3-e288-40cb-b74f-920d5c931676,2022-07-08,341974,Delhi,335.47,239.33,0.0443,DEMAND_SPIKE,MEDIUM,0.0443,modified_z_score,Smooth,"Demand was flagged as a spike because observed demand of 335.5 is above the 14-day median baseline of 213.5 with Modified Z-Score = 3.85 (threshold 3.5). MAD = 21.35, residual = +96.1 units.",Review inventory availability and prepare emergency replenishment. Verify promotions or seasonal factors.,3.8523,3.8523,96.1408693040159,69.8953872720136
83fc119d-555f-4af9-9ad4-261b51ca7d61,2022-07-08,369752,Delhi,564.2,811.39,0.4711,DEMAND_DROP,MEDIUM,0.4711,modified_z_score,Smooth,"Demand was flagged as a drop because observed demand of 564.2 is below the 14-day median baseline of 1311.2 with Modified Z-Score = -3.84 (threshold -3.5). MAD = 131.12, residual = -247.2 units.","Check inventory, supply chain, and delivery status. Investigate potential listing or pricing issues.",-3.8427,-3.8427,-247.1920766028295,456.05042165887545
c58485eb-82c9-4bee-aec0-45f519985beb,2022-07-08,3881,Delhi,5518.72,3807.04,0.9021,VOLATILITY_ANOMALY,MEDIUM,0.9021,rolling_volatility_threshold,Smooth,Demand volatility flagged: 14-day rolling std of 1014.55 is 3.2x the 95th-percentile baseline (322.03) for product 3881 in Delhi.,Review recent order patterns and supply chain disruptions. Consider adjusting safety-stock buffers.,2.9016,2.9016,1711.6774999921067,1014.5507031357934
0ecdfbdb-1d0e-41c4-bbf7-45a2cc9f0ddf,2022-07-08,3881,Delhi,5518.72,3807.04,0.9021,DEMAND_SPIKE,MEDIUM,0.9021,isolation_forest,Smooth,"Demand flagged by Isolation Forest (score=0.9021) without crossing Modified Z-Score threshold. Observed=5518.7, expected=3807.0, residual=+1711.7, Modified Z-Score=2.90.",Review inventory availability and prepare emergency replenishment. Verify promotions or seasonal factors.,2.9016,2.9016,1711.6774999921067,1014.5507031357934
8abb55fe-5ef1-415d-a20e-4164d158a36f,2022-07-08,3881,HR-NCR,3482.98,3651.87,0.8078,DEMAND_DROP,MEDIUM,0.8078,isolation_forest,Smooth,"Demand flagged by Isolation Forest (score=0.8078) without crossing Modified Z-Score threshold. Observed=3483.0, expected=3651.9, residual=-168.9, Modified Z-Score=0.98.","Check inventory, supply chain, and delivery status. Investigate potential listing or pricing issues.",0.983,0.983,-168.89172964141744,937.8898531937583
7b53a0bb-d490-4a19-8aec-1681ea851228,2022-07-08,388639,Delhi,457.05,785.22,0.3245,DEMAND_DROP,MEDIUM,0.3245,modified_z_score,Smooth,"Demand was flagged as a drop because observed demand of 457.1 is below the 14-day median baseline of 976.7 with Modified Z-Score = -3.59 (threshold -3.5). MAD = 97.67, residual = -328.2 units.","Check inventory, supply chain, and delivery status. Investigate potential listing or pricing issues.",-3.5885,-3.5885,-328.1677052418658,239.39077479540197
3f20a943-f852-404b-a737-6bfb66018754,2022-07-08,3889,Delhi,1480.48,662.41,0.742,DEMAND_SPIKE,MEDIUM,0.742,isolation_forest,Smooth,"Demand flagged by Isolation Forest (score=0.7420) without crossing Modified Z-Score threshold. Observed=1480.5, expected=662.4, residual=+818.1, Modified Z-Score=-0.50.",Review inventory availability and prepare emergency replenishment. Verify promotions or seasonal factors.,-0.5006,-0.5006,818.0714330761163,1071.1395858683804
35a07cc6-2cf7-4797-897f-7e0c9857755d,2022-07-08,389725,Delhi,137.54,237.31,0.2985,DEMAND_DROP,MEDIUM,0.2985,modified_z_score,Smooth,"Demand was flagged as a drop because observed demand of 137.5 is below the 14-day median baseline of 300.8 with Modified Z-Score = -3.66 (threshold -3.5). MAD = 30.08, residual = -99.8 units.","Check inventory, supply chain, and delivery status. Investigate potential listing or pricing issues.",-3.6608,-3.6608,-99.77259901596548,252.0928008643227
7f938698-f78e-42af-a262-33223564f03c,2022-07-08,3898,Delhi,3610.83,3708.07,0.6558,DEMAND_DROP,MEDIUM,0.6558,isolation_forest,Smooth,"Demand flagged by Isolation Forest (score=0.6558) without crossing Modified Z-Score threshold. Observed=3610.8, expected=3708.1, residual=-97.2, Modified Z-Score=-0.59.","Check inventory, supply chain, and delivery status. Investigate potential listing or pricing issues.",-0.5855,-0.5855,-97.24294784194171,270.8876255589252
f7c629e4-d736-412d-8b24-316256caa791,2022-07-08,391306,Bengaluru,3892.69,3285.39,0.6618,DEMAND_SPIKE,MEDIUM,0.6618,isolation_forest,Smooth,"Demand flagged by Isolation Forest (score=0.6618) without crossing Modified Z-Score threshold. Observed=3892.7, expected=3285.4, residual=+607.3, Modified Z-Score=-0.32.",Review inventory availability and prepare emergency replenishment. Verify promotions or seasonal factors.,-0.32,-0.32,607.2970569380909,295.34138043965334
13588d1a-0572-4add-a8eb-c14dda066198,2022-07-08,391306,Delhi,5070.26,6188.24,0.9186,DEMAND_DROP,MEDIUM,0.9186,isolation_forest,Smooth,"Demand flagged by Isolation Forest (score=0.9186) without crossing Modified Z-Score threshold. Observed=5070.3, expected=6188.2, residual=-1118.0, Modified Z-Score=-1.22.","Check inventory, supply chain, and delivery status. Investigate potential listing or pricing issues.",-1.2189,-1.2189,-1117.9826975044225,1296.0433429848083
5507d4c3-286e-44a4-96f3-2814e632b475,2022-07-08,391306,HR-NCR,3773.52,4210.07,0.8027,DEMAND_DROP,MEDIUM,0.8027,isolation_forest,Smooth,"Demand flagged by Isolation Forest (score=0.8027) without crossing Modified Z-Score threshold. Observed=3773.5, expected=4210.1, residual=-436.5, Modified Z-Score=-0.60.","Check inventory, supply chain, and delivery status. Investigate potential listing or pricing issues.",-0.6001,-0.6001,-436.5468252963833,760.9450351247142
fcc7f745-4dba-47a7-83eb-ac127ac681f2,2022-07-08,400105,Delhi,2865.4,2516.82,0.6144,DEMAND_SPIKE,MEDIUM,0.6144,isolation_forest,Smooth,"Demand flagged by Isolation Forest (score=0.6144) without crossing Modified Z-Score threshold. Observed=2865.4, expected=2516.8, residual=+348.6, Modified Z-Score=1.43.",Review inventory availability and prepare emergency replenishment. Verify promotions or seasonal factors.,1.4286,1.4286,348.5750735412121,479.0449230052885
1e0777d3-f474-4d5e-8e31-28b068b3b078,2022-07-08,422948,Delhi,417.93,276.82,0.0534,DEMAND_SPIKE,MEDIUM,0.0534,modified_z_score,Smooth,"Demand was flagged as a spike because observed demand of 417.9 is above the 14-day median baseline of 265.5 with Modified Z-Score = 3.87 (threshold 3.5). MAD = 26.55, residual = +141.1 units.",Review inventory availability and prepare emergency replenishment. Verify promotions or seasonal factors.,3.8741,3.8741,141.11337038348216,121.41847017649334
9573d3f7-7cf8-46ac-89f4-04bb811a81c5,2022-07-08,424416,Bengaluru,258.7,456.92,0.1718,DEMAND_DROP,MEDIUM,0.1718,modified_z_score,Smooth,"Demand was flagged as a drop because observed demand of 258.7 is below the 14-day median baseline of 602.2 with Modified Z-Score = -3.85 (threshold -3.5). MAD = 60.22, residual = -198.2 units.","Check inventory, supply chain, and delivery status. Investigate potential listing or pricing issues.",-3.8474,-3.8474,-198.22355619984762,131.8670791437528
f9d0f1c3-88ef-4d11-84c6-17fdfe6d9203,2022-07-08,439697,Delhi,354.22,373.19,0.2282,DEMAND_SPIKE,MEDIUM,0.2282,modified_z_score,Smooth,"Demand was flagged as a spike because observed demand of 354.2 is above the 14-day median baseline of 224.8 with Modified Z-Score = 3.88 (threshold 3.5). MAD = 22.48, residual = -19.0 units.",Review inventory availability and prepare emergency replenishment. Verify promotions or seasonal factors.,3.8808,3.8808,-18.97020197171645,267.20307755926547
e21b3aa6-ad99-4cdd-8dbc-61f75f9d19a3,2022-07-08,445675,Bengaluru,3635.29,2573.69,0.7963,DEMAND_SPIKE,MEDIUM,0.7963,isolation_forest,Smooth,"Demand flagged by Isolation Forest (score=0.7963) without crossing Modified Z-Score threshold. Observed=3635.3, expected=2573.7, residual=+1061.6, Modified Z-Score=2.29.",Review inventory availability and prepare emergency replenishment. Verify promotions or seasonal factors.,2.2863,2.2863,1061.599559698575,679.6201354117923
1c07d0dd-4616-41b8-884d-610d7c50e2f8,2022-07-08,445675,Delhi,1545.47,1869.9,0.6852,DEMAND_DROP,MEDIUM,0.6852,isolation_forest,Smooth,"Demand flagged by Isolation Forest (score=0.6852) without crossing Modified Z-Score threshold. Observed=1545.5, expected=1869.9, residual=-324.4, Modified Z-Score=0.99.","Check inventory, supply chain, and delivery status. Investigate potential listing or pricing issues.",0.9871,0.9871,-324.4251166563495,820.7077354100572
ee0cc617-d0ba-4cbe-a790-d01bb2dfcfe6,2022-07-08,445675,HR-NCR,2111.36,1922.52,0.6336,DEMAND_SPIKE,MEDIUM,0.6336,isolation_forest,Smooth,"Demand flagged by Isolation Forest (score=0.6336) without crossing Modified Z-Score threshold. Observed=2111.4, expected=1922.5, residual=+188.8, Modified Z-Score=1.04.",Review inventory availability and prepare emergency replenishment. Verify promotions or seasonal factors.,1.0377,1.0377,188.83754653412802,597.6165691231093
24c755d4-dcd7-43b3-8350-2e894c933cbb,2022-07-08,455587,Delhi,107.49,174.77,0.0853,DEMAND_DROP,MEDIUM,0.0853,modified_z_score,Smooth,"Demand was flagged as a drop because observed demand of 107.5 is below the 14-day median baseline of 249.6 with Modified Z-Score = -3.84 (threshold -3.5). MAD = 24.96, residual = -67.3 units.","Check inventory, supply chain, and delivery status. Investigate potential listing or pricing issues.",-3.8405,-3.8405,-67.27588916241076,67.71178205136407
a6c44fa3-e4b5-4a6d-a151-8577fb9baf64,2022-07-08,478814,Delhi,343.19,156.46,0.0555,DEMAND_SPIKE,MEDIUM,0.0555,modified_z_score,Smooth,"Demand was flagged as a spike because observed demand of 343.2 is above the 14-day median baseline of 224.9 with Modified Z-Score = 3.55 (threshold 3.5). MAD = 22.49, residual = +186.7 units.",Review inventory availability and prepare emergency replenishment. Verify promotions or seasonal factors.,3.5486,3.5486,186.73499043647365,77.93916531806195
01367449-f693-4c9e-8dd3-3232e2a43e9c,2022-07-08,52,Delhi,2224.57,2055.34,0.6534,DEMAND_SPIKE,MEDIUM,0.6534,isolation_forest,Smooth,"Demand flagged by Isolation Forest (score=0.6534) without crossing Modified Z-Score threshold. Observed=2224.6, expected=2055.3, residual=+169.2, Modified Z-Score=0.23.",Review inventory availability and prepare emergency replenishment. Verify promotions or seasonal factors.,0.2287,0.2287,169.22975294894604,711.0251768598432
624b9c9f-5ae5-4962-b15f-2aa3fbfc0967,2022-07-08,578,HR-NCR,271.13,152.63,0.0253,DEMAND_SPIKE,MEDIUM,0.0253,modified_z_score,Smooth,"Demand was flagged as a spike because observed demand of 271.1 is above the 14-day median baseline of 178.2 with Modified Z-Score = 3.52 (threshold 3.5). MAD = 17.82, residual = +118.5 units.",Review inventory availability and prepare emergency replenishment. Verify promotions or seasonal factors.,3.5163,3.5163,118.49736301449741,36.778407096711355
dfc36882-b277-4a84-a9ae-2798497c34b7,2022-07-08,600,Delhi,132.16,172.83,0.0551,DEMAND_DROP,MEDIUM,0.0551,modified_z_score,Smooth,"Demand was flagged as a drop because observed demand of 132.2 is below the 14-day median baseline of 282.7 with Modified Z-Score = -3.59 (threshold -3.5). MAD = 28.27, residual = -40.7 units.","Check inventory, supply chain, and delivery status. Investigate potential listing or pricing issues.",-3.5914,-3.5914,-40.67146491950038,71.99135060481059
d91c0793-91bb-4304-bc5d-9e64e34f2c1d,2022-07-08,9483,Bengaluru,52.83,59.17,0.1004,DEMAND_DROP,MEDIUM,0.1004,modified_z_score,Smooth,"Demand was flagged as a drop because observed demand of 52.8 is below the 14-day median baseline of 116.1 with Modified Z-Score = -3.68 (threshold -3.5). MAD = 11.61, residual = -6.3 units.","Check inventory, supply chain, and delivery status. Investigate potential listing or pricing issues.",-3.6763,-3.6763,-6.341080614077569,107.03052722070866
ee091c19-8e14-41de-88f2-3e3053bd446d,2022-07-07,105,Delhi,2667.34,1335.67,0.7935,DEMAND_SPIKE,MEDIUM,0.7935,isolation_forest,Smooth,"Demand flagged by Isolation Forest (score=0.7935) without crossing Modified Z-Score threshold. Observed=2667.3, expected=1335.7, residual=+1331.7, Modified Z-Score=0.00.",Review inventory availability and prepare emergency replenishment. Verify promotions or seasonal factors.,0.0,0.0,1331.670831503328,755.0332399150826
9080920f-ef55-4aa3-bde7-6171302382e8,2022-07-07,12872,Delhi,7641.97,4791.17,0.9804,DEMAND_SPIKE,MEDIUM,0.9804,isolation_forest,Smooth,"Demand flagged by Isolation Forest (score=0.9804) without crossing Modified Z-Score threshold. Observed=7642.0, expected=4791.2, residual=+2850.8, Modified Z-Score=0.00.",Review inventory availability and prepare emergency replenishment. Verify promotions or seasonal factors.,0.0,0.0,2850.8033752825077,1397.602871139247
64c0cef6-f65d-4d97-a6a3-e7ad35d768f3,2022-07-07,12872,HR-NCR,4866.62,3931.87,0.7144,DEMAND_SPIKE,MEDIUM,0.7144,isolation_forest,Smooth,"Demand flagged by Isolation Forest (score=0.7144) without crossing Modified Z-Score threshold. Observed=4866.6, expected=3931.9, residual=+934.8, Modified Z-Score=0.00.",Review inventory availability and prepare emergency replenishment. Verify promotions or seasonal factors.,0.0,0.0,934.7518784743029,221.13719793377138
cfa8c2cc-1bc4-472a-beec-30c324bb0db7,2022-07-07,192,HR-NCR,1917.54,834.73,0.7176,DEMAND_SPIKE,MEDIUM,0.7176,isolation_forest,Smooth,"Demand flagged by Isolation Forest (score=0.7176) without crossing Modified Z-Score threshold. Observed=1917.5, expected=834.7, residual=+1082.8, Modified Z-Score=0.00.",Review inventory availability and prepare emergency replenishment. Verify promotions or seasonal factors.,0.0,0.0,1082.807178655496,588.3946678888244
403c2f67-3302-4a0f-8084-34f2ed3a53da,2022-07-07,19512,Delhi,8175.28,7556.91,0.9098,DEMAND_SPIKE,MEDIUM,0.9098,isolation_forest,Smooth,"Demand flagged by Isolation Forest (score=0.9098) without crossing Modified Z-Score threshold. Observed=8175.3, expected=7556.9, residual=+618.4, Modified Z-Score=0.00.",Review inventory availability and prepare emergency replenishment. Verify promotions or seasonal factors.,0.0,0.0,618.3667355250554,1537.805699764007
a40a02be-7837-48d9-b2ea-d7b6eb8df2d1,2022-07-07,19512,HR-NCR,6861.04,6631.14,0.739,DEMAND_SPIKE,MEDIUM,0.739,isolation_forest,Smooth,"Demand flagged by Isolation Forest (score=0.7390) without crossing Modified Z-Score threshold. Observed=6861.0, expected=6631.1, residual=+229.9, Modified Z-Score=0.00.",Review inventory availability and prepare emergency replenishment. Verify promotions or seasonal factors.,0.0,0.0,229.89563862742853,295.10214338428665
71fadd3b-01ba-4d98-b809-c7957b68893f,2022-07-07,329500,HR-NCR,2620.54,1592.88,0.6968,DEMAND_SPIKE,MEDIUM,0.6968,isolation_forest,Smooth,"Demand flagged by Isolation Forest (score=0.6968) without crossing Modified Z-Score threshold. Observed=2620.5, expected=1592.9, residual=+1027.7, Modified Z-Score=0.00.",Review inventory availability and prepare emergency replenishment. Verify promotions or seasonal factors.,0.0,0.0,1027.6592840232724,459.93125564588456
533d6926-c285-4da8-9cbd-d1ad8d0f25e6,2022-07-07,369752,Delhi,1832.01,672.89,0.6243,DEMAND_SPIKE,MEDIUM,0.6243,isolation_forest,Smooth,"Demand flagged by Isolation Forest (score=0.6243) without crossing Modified Z-Score threshold. Observed=1832.0, expected=672.9, residual=+1159.1, Modified Z-Score=0.00.",Review inventory availability and prepare emergency replenishment. Verify promotions or seasonal factors.,0.0,0.0,1159.1181523508117,392.3260108634145
ae465a2a-c97e-4d5e-82a0-e36fcde1feb3,2022-07-07,37083,Bengaluru,4225.02,3814.34,0.6377,DEMAND_SPIKE,MEDIUM,0.6377,isolation_forest,Smooth,"Demand flagged by Isolation Forest (score=0.6377) without crossing Modified Z-Score threshold. Observed=4225.0, expected=3814.3, residual=+410.7, Modified Z-Score=0.00.",Review inventory availability and prepare emergency replenishment. Verify promotions or seasonal factors.,0.0,0.0,410.6792522292353,237.8855195607053
abe1966d-cc7e-40b1-a6a6-3a7eedc43282,2022-07-07,3881,Delhi,2822.96,4059.03,0.8463,DEMAND_DROP,MEDIUM,0.8463,isolation_forest,Smooth,"Demand flagged by Isolation Forest (score=0.8463) without crossing Modified Z-Score threshold. Observed=2823.0, expected=4059.0, residual=-1236.1, Modified Z-Score=0.00.","Check inventory, supply chain, and delivery status. Investigate potential listing or pricing issues.",0.0,0.0,-1236.0688865720167,910.53023603649
0d7604e3-3b74-45a8-86cd-bbd4f6b77e0e,2022-07-07,3881,HR-NCR,2546.6,3858.65,0.8358,DEMAND_DROP,MEDIUM,0.8358,isolation_forest,Smooth,"Demand flagged by Isolation Forest (score=0.8358) without crossing Modified Z-Score threshold. Observed=2546.6, expected=3858.7, residual=-1312.1, Modified Z-Score=0.00.","Check inventory, supply chain, and delivery status. Investigate potential listing or pricing issues.",0.0,0.0,-1312.0543477111496,950.3676522623582
2eeb9144-217e-49e3-a3b1-742b0dea33c7,2022-07-07,3888,Delhi,2460.24,1806.74,0.6153,DEMAND_SPIKE,MEDIUM,0.6153,isolation_forest,Smooth,"Demand flagged by Isolation Forest (score=0.6153) without crossing Modified Z-Score threshold. Observed=2460.2, expected=1806.7, residual=+653.5, Modified Z-Score=0.00.",Review inventory availability and prepare emergency replenishment. Verify promotions or seasonal factors.,0.0,0.0,653.4979973544619,472.3508593161091
01de2b15-0f24-4366-969d-6d0db88affe5,2022-07-07,3889,Delhi,2518.61,512.98,0.8676,DEMAND_SPIKE,MEDIUM,0.8676,isolation_forest,Smooth,"Demand flagged by Isolation Forest (score=0.8676) without crossing Modified Z-Score threshold. Observed=2518.6, expected=513.0, residual=+2005.6, Modified Z-Score=0.00.",Review inventory availability and prepare emergency replenishment. Verify promotions or seasonal factors.,0.0,0.0,2005.6324477878502,1109.3084290629004
7fe072c2-320c-4afd-9e2c-1c4aabdb7377,2022-07-07,3889,HR-NCR,1128.86,326.09,0.6491,DEMAND_SPIKE,MEDIUM,0.6491,isolation_forest,Smooth,"Demand flagged by Isolation Forest (score=0.6491) without crossing Modified Z-Score threshold. Observed=1128.9, expected=326.1, residual=+802.8, Modified Z-Score=0.00.",Review inventory availability and prepare emergency replenishment. Verify promotions or seasonal factors.,0.0,0.0,802.7702388407743,588.6733266591921
0b6da4b8-9934-4625-9bfb-6d285f962287,2022-07-07,3898,Delhi,3938.43,4324.91,0.7156,DEMAND_DROP,MEDIUM,0.7156,isolation_forest,Smooth,"Demand flagged by Isolation Forest (score=0.7156) without crossing Modified Z-Score threshold. Observed=3938.4, expected=4324.9, residual=-386.5, Modified Z-Score=0.00.","Check inventory, supply chain, and delivery status. Investigate potential listing or pricing issues.",0.0,0.0,-386.48048621432145,296.40645735206266
0968fa00-07aa-4985-b301-77eea33eab62,2022-07-07,391306,Bengaluru,4193.85,3750.76,0.6618,DEMAND_SPIKE,MEDIUM,0.6618,isolation_forest,Smooth,"Demand flagged by Isolation Forest (score=0.6618) without crossing Modified Z-Score threshold. Observed=4193.9, expected=3750.8, residual=+443.1, Modified Z-Score=0.00.",Review inventory availability and prepare emergency replenishment. Verify promotions or seasonal factors.,0.0,0.0,443.0896347523949,311.426009152522
016c4272-6e5e-4248-9f0e-af43b201560d,2022-07-07,391306,Delhi,4767.75,5139.9,0.8622,DEMAND_DROP,MEDIUM,0.8622,isolation_forest,Smooth,"Demand flagged by Isolation Forest (score=0.8622) without crossing Modified Z-Score threshold. Observed=4767.8, expected=5139.9, residual=-372.1, Modified Z-Score=0.00.","Check inventory, supply chain, and delivery status. Investigate potential listing or pricing issues.",0.0,0.0,-372.1453894657334,1130.9941506774767
8d05295f-9074-4258-9489-2a4397df0c00,2022-07-07,391306,HR-NCR,3464.48,3579.29,0.7773,DEMAND_DROP,MEDIUM,0.7773,isolation_forest,Smooth,"Demand flagged by Isolation Forest (score=0.7773) without crossing Modified Z-Score threshold. Observed=3464.5, expected=3579.3, residual=-114.8, Modified Z-Score=0.00.","Check inventory, supply chain, and delivery status. Investigate potential listing or pricing issues.",0.0,0.0,-114.80600026090178,733.4461686699759
6a3d8834-915f-4cc1-8943-b6946ca4697f,2022-07-07,400105,Delhi,2364.57,2661.22,0.6728,DEMAND_DROP,MEDIUM,0.6728,isolation_forest,Smooth,"Demand flagged by Isolation Forest (score=0.6728) without crossing Modified Z-Score threshold. Observed=2364.6, expected=2661.2, residual=-296.7, Modified Z-Score=0.00.","Check inventory, supply chain, and delivery status. Investigate potential listing or pricing issues.",0.0,0.0,-296.6538101916399,522.1476623587112
847b5054-6703-41d6-908b-4b50e02b82ad,2022-07-07,445675,Bengaluru,3176.36,2331.76,0.756,DEMAND_SPIKE,MEDIUM,0.756,isolation_forest,Smooth,"Demand flagged by Isolation Forest (score=0.7560) without crossing Modified Z-Score threshold. Observed=3176.4, expected=2331.8, residual=+844.6, Modified Z-Score=0.00.",Review inventory availability and prepare emergency replenishment. Verify promotions or seasonal factors.,0.0,0.0,844.5981719738247,715.4533580721154
fbef169c-013e-495d-bf2c-ce5954409a60,2022-07-07,445675,Delhi,1947.86,1339.52,0.7177,DEMAND_SPIKE,MEDIUM,0.7177,isolation_forest,Smooth,"Demand flagged by Isolation Forest (score=0.7177) without crossing Modified Z-Score threshold. Observed=1947.9, expected=1339.5, residual=+608.3, Modified Z-Score=0.00.",Review inventory availability and prepare emergency replenishment. Verify promotions or seasonal factors.,0.0,0.0,608.3374749867728,894.3669371218205
8294e25d-8aed-4e77-8f9e-77edbbf60bd5,2022-07-07,445675,HR-NCR,1757.96,1454.16,0.616,DEMAND_SPIKE,MEDIUM,0.616,isolation_forest,Smooth,"Demand flagged by Isolation Forest (score=0.6160) without crossing Modified Z-Score threshold. Observed=1758.0, expected=1454.2, residual=+303.8, Modified Z-Score=0.00.",Review inventory availability and prepare emergency replenishment. Verify promotions or seasonal factors.,0.0,0.0,303.8001186192573,646.8680230077848
d1a8b2ed-2dea-4042-8f40-84e89828e909,2022-07-07,52,Delhi,3364.46,2115.01,0.7984,DEMAND_SPIKE,MEDIUM,0.7984,isolation_forest,Smooth,"Demand flagged by Isolation Forest (score=0.7984) without crossing Modified Z-Score threshold. Observed=3364.5, expected=2115.0, residual=+1249.4, Modified Z-Score=0.00.",Review inventory availability and prepare emergency replenishment. Verify promotions or seasonal factors.,0.0,0.0,1249.4494760300508,621.4851839183294
06882132-8f93-42f8-8729-cab970e31ded,2022-07-06,105,Delhi,1561.04,1811.56,0.6674,DEMAND_DROP,MEDIUM,0.6674,isolation_forest,Smooth,"Demand flagged by Isolation Forest (score=0.6674) without crossing Modified Z-Score threshold. Observed=1561.0, expected=1811.6, residual=-250.5, Modified Z-Score=0.00.","Check inventory, supply chain, and delivery status. Investigate potential listing or pricing issues.",0.0,0.0,-250.5186982912321,831.0279579653142
4d49f3f6-4cda-4616-badc-4fbfb30a56c0,2022-07-06,12872,Delhi,6972.11,6223.65,0.9065,DEMAND_SPIKE,MEDIUM,0.9065,isolation_forest,Smooth,"Demand flagged by Isolation Forest (score=0.9065) without crossing Modified Z-Score threshold. Observed=6972.1, expected=6223.7, residual=+748.5, Modified Z-Score=0.00.",Review inventory availability and prepare emergency replenishment. Verify promotions or seasonal factors.,0.0,0.0,748.4580902531334,1557.1747821391152
fc2fde9a-402f-4ed1-bf63-eb547f85f428,2022-07-06,12872,HR-NCR,4543.7,4300.83,0.6195,DEMAND_SPIKE,MEDIUM,0.6195,isolation_forest,Smooth,"Demand flagged by Isolation Forest (score=0.6195) without crossing Modified Z-Score threshold. Observed=4543.7, expected=4300.8, residual=+242.9, Modified Z-Score=0.00.",Review inventory availability and prepare emergency replenishment. Verify promotions or seasonal factors.,0.0,0.0,242.87299201414862,146.95334763114448
fa191f94-8704-459a-932d-c87fc5125a1c,2022-07-06,15907,Delhi,1153.49,1618.89,0.6448,DEMAND_DROP,MEDIUM,0.6448,isolation_forest,Smooth,"Demand flagged by Isolation Forest (score=0.6448) without crossing Modified Z-Score threshold. Observed=1153.5, expected=1618.9, residual=-465.4, Modified Z-Score=0.00.","Check inventory, supply chain, and delivery status. Investigate potential listing or pricing issues.",0.0,0.0,-465.4008724634748,590.5181900077254
10e8d64b-60fd-4285-b291-f18e87a4dad9,2022-07-06,19512,Delhi,9027.89,7845.92,0.9397,DEMAND_SPIKE,MEDIUM,0.9397,isolation_forest,Smooth,"Demand flagged by Isolation Forest (score=0.9397) without crossing Modified Z-Score threshold. Observed=9027.9, expected=7845.9, residual=+1182.0, Modified Z-Score=0.00.",Review inventory availability and prepare emergency replenishment. Verify promotions or seasonal factors.,0.0,0.0,1181.9749967834205,1715.9500294385034
a4b5e87d-27ab-4db9-b0e2-317e006e6419,2022-07-06,19512,HR-NCR,7126.29,6674.49,0.7489,DEMAND_SPIKE,MEDIUM,0.7489,isolation_forest,Smooth,"Demand flagged by Isolation Forest (score=0.7489) without crossing Modified Z-Score threshold. Observed=7126.3, expected=6674.5, residual=+451.8, Modified Z-Score=0.00.",Review inventory availability and prepare emergency replenishment. Verify promotions or seasonal factors.,0.0,0.0,451.79537781618274,316.8754411121191
15cdc12c-28d6-48e8-8611-af72d396fb0c,2022-07-06,314,Delhi,1937.95,1104.47,0.6466,DEMAND_SPIKE,MEDIUM,0.6466,isolation_forest,Smooth,"Demand flagged by Isolation Forest (score=0.6466) without crossing Modified Z-Score threshold. Observed=1938.0, expected=1104.5, residual=+833.5, Modified Z-Score=0.00.",Review inventory availability and prepare emergency replenishment. Verify promotions or seasonal factors.,0.0,0.0,833.4822224966363,536.9442442842646
9f7aa30e-0bb4-4c09-92d2-fb67d86b1ae7,2022-07-06,329500,HR-NCR,1256.01,1970.51,0.6848,DEMAND_DROP,MEDIUM,0.6848,isolation_forest,Smooth,"Demand flagged by Isolation Forest (score=0.6848) without crossing Modified Z-Score threshold. Observed=1256.0, expected=1970.5, residual=-714.5, Modified Z-Score=0.00.","Check inventory, supply chain, and delivery status. Investigate potential listing or pricing issues.",0.0,0.0,-714.4996545991316,512.8733262999743
3c312258-3f8e-4b29-8c16-5c1c960f3ab6,2022-07-06,37083,Bengaluru,3709.99,3552.31,0.6141,DEMAND_SPIKE,MEDIUM,0.6141,isolation_forest,Smooth,"Demand flagged by Isolation Forest (score=0.6141) without crossing Modified Z-Score threshold. Observed=3710.0, expected=3552.3, residual=+157.7, Modified Z-Score=0.00.",Review inventory availability and prepare emergency replenishment. Verify promotions or seasonal factors.,0.0,0.0,157.67749535498388,263.6291795685751
89c257da-63e6-4c25-bb0b-539c09e42e31,2022-07-06,3881,Delhi,4713.78,3961.73,0.8348,DEMAND_SPIKE,MEDIUM,0.8348,isolation_forest,Smooth,"Demand flagged by Isolation Forest (score=0.8348) without crossing Modified Z-Score threshold. Observed=4713.8, expected=3961.7, residual=+752.0, Modified Z-Score=0.00.",Review inventory availability and prepare emergency replenishment. Verify promotions or seasonal factors.,0.0,0.0,752.0483654710006,999.6148008508075
54e51aea-2620-4b7b-ae1f-a4adbd9ba094,2022-07-06,3889,Bengaluru,2739.64,2985.87,0.6208,DEMAND_DROP,MEDIUM,0.6208,isolation_forest,Smooth,"Demand flagged by Isolation Forest (score=0.6208) without crossing Modified Z-Score threshold. Observed=2739.6, expected=2985.9, residual=-246.2, Modified Z-Score=0.00.","Check inventory, supply chain, and delivery status. Investigate potential listing or pricing issues.",0.0,0.0,-246.22909671141042,396.2105154838776
d4ceb5f1-e4e3-41ce-9d15-828b74a14c3f,2022-07-06,3889,Delhi,898.2,670.0,0.6867,DEMAND_SPIKE,MEDIUM,0.6867,isolation_forest,Smooth,"Demand flagged by Isolation Forest (score=0.6867) without crossing Modified Z-Score threshold. Observed=898.2, expected=670.0, residual=+228.2, Modified Z-Score=0.00.",Review inventory availability and prepare emergency replenishment. Verify promotions or seasonal factors.,0.0,0.0,228.19816973822822,1180.0651200760067
1dad7605-1949-460a-9a42-21b28435ea94,2022-07-06,3889,HR-NCR,2349.22,1363.61,0.6261,DEMAND_SPIKE,MEDIUM,0.6261,isolation_forest,Smooth,"Demand flagged by Isolation Forest (score=0.6261) without crossing Modified Z-Score threshold. Observed=2349.2, expected=1363.6, residual=+985.6, Modified Z-Score=0.00.",Review inventory availability and prepare emergency replenishment. Verify promotions or seasonal factors.,0.0,0.0,985.6139967583028,286.3766444212935
e798a62d-f7cd-4a9b-92a8-d012fac5a78a,2022-07-06,391306,Bengaluru,3915.87,3559.06,0.6619,DEMAND_SPIKE,MEDIUM,0.6619,isolation_forest,Smooth,"Demand flagged by Isolation Forest (score=0.6619) without crossing Modified Z-Score threshold. Observed=3915.9, expected=3559.1, residual=+356.8, Modified Z-Score=0.00.",Review inventory availability and prepare emergency replenishment. Verify promotions or seasonal factors.,0.0,0.0,356.8141214510124,346.2893464286767
3c207384-3ef2-4feb-9ca7-6350ca051f57,2022-07-06,391306,Delhi,6037.01,3403.96,0.952,DEMAND_SPIKE,MEDIUM,0.952,isolation_forest,Smooth,"Demand flagged by Isolation Forest (score=0.9520) without crossing Modified Z-Score threshold. Observed=6037.0, expected=3404.0, residual=+2633.1, Modified Z-Score=0.00.",Review inventory availability and prepare emergency replenishment. Verify promotions or seasonal factors.,0.0,0.0,2633.0517212423574,1185.4294584664244
554635a9-5af1-4f98-9dcb-a5df88ed85b9,2022-07-06,400105,Delhi,1826.89,2645.81,0.6967,DEMAND_DROP,MEDIUM,0.6967,isolation_forest,Smooth,"Demand flagged by Isolation Forest (score=0.6967) without crossing Modified Z-Score threshold. Observed=1826.9, expected=2645.8, residual=-818.9, Modified Z-Score=0.00.","Check inventory, supply chain, and delivery status. Investigate potential listing or pricing issues.",0.0,0.0,-818.9203841254191,456.5769576971664
016de488-4757-47d7-a140-ae9567e7f7a7,2022-07-06,445675,Bengaluru,2435.84,2650.63,0.7302,DEMAND_DROP,MEDIUM,0.7302,isolation_forest,Smooth,"Demand flagged by Isolation Forest (score=0.7302) without crossing Modified Z-Score threshold. Observed=2435.8, expected=2650.6, residual=-214.8, Modified Z-Score=0.00.","Check inventory, supply chain, and delivery status. Investigate potential listing or pricing issues.",0.0,0.0,-214.78707977111299,788.725271136915
91260926-adf3-4aee-bb70-35c43f385cca,2022-07-06,445675,Delhi,3013.49,1502.33,0.8088,DEMAND_SPIKE,MEDIUM,0.8088,isolation_forest,Smooth,"Demand flagged by Isolation Forest (score=0.8088) without crossing Modified Z-Score threshold. Observed=3013.5, expected=1502.3, residual=+1511.2, Modified Z-Score=0.00.",Review inventory availability and prepare emergency replenishment. Verify promotions or seasonal factors.,0.0,0.0,1511.1631621623178,709.3335165844061
1cde4aff-b110-4781-ab23-fa6af05193f8,2022-07-06,445675,HR-NCR,1690.13,1471.5,0.6148,DEMAND_SPIKE,MEDIUM,0.6148,isolation_forest,Smooth,"Demand flagged by Isolation Forest (score=0.6148) without crossing Modified Z-Score threshold. Observed=1690.1, expected=1471.5, residual=+218.6, Modified Z-Score=0.00.",Review inventory availability and prepare emergency replenishment. Verify promotions or seasonal factors.,0.0,0.0,218.63001429475935,702.8744069746742
00f8673c-9288-49d2-a2d7-bb66e237413a,2022-07-05,105,Delhi,1332.1,2382.82,0.7909,DEMAND_DROP,MEDIUM,0.7909,isolation_forest,Smooth,"Demand flagged by Isolation Forest (score=0.7909) without crossing Modified Z-Score threshold. Observed=1332.1, expected=2382.8, residual=-1050.7, Modified Z-Score=0.00.","Check inventory, supply chain, and delivery status. Investigate potential listing or pricing issues.",0.0,0.0,-1050.7188018705315,890.5165258947567
70744613-1f21-4101-96bd-7c17dcf9f74d,2022-07-05,12872,Delhi,5581.8,6704.36,0.9375,DEMAND_DROP,MEDIUM,0.9375,isolation_forest,Smooth,"Demand flagged by Isolation Forest (score=0.9375) without crossing Modified Z-Score threshold. Observed=5581.8, expected=6704.4, residual=-1122.6, Modified Z-Score=0.00.","Check inventory, supply chain, and delivery status. Investigate potential listing or pricing issues.",0.0,0.0,-1122.5581351871197,1436.9298725291599
5151cb10-70bc-44dd-a9fd-ec665658f393,2022-07-05,12872,HR-NCR,5034.54,4414.5,0.6811,DEMAND_SPIKE,MEDIUM,0.6811,isolation_forest,Smooth,"Demand flagged by Isolation Forest (score=0.6811) without crossing Modified Z-Score threshold. Observed=5034.5, expected=4414.5, residual=+620.0, Modified Z-Score=0.00.",Review inventory availability and prepare emergency replenishment. Verify promotions or seasonal factors.,0.0,0.0,620.0389747757717,165.89921847816714
45019d1c-c89b-41bf-93a4-a7e52ed3c11f,2022-07-05,159,Delhi,1456.41,2417.5,0.6304,DEMAND_DROP,MEDIUM,0.6304,isolation_forest,Smooth,"Demand flagged by Isolation Forest (score=0.6304) without crossing Modified Z-Score threshold. Observed=1456.4, expected=2417.5, residual=-961.1, Modified Z-Score=0.00.","Check inventory, supply chain, and delivery status. Investigate potential listing or pricing issues.",0.0,0.0,-961.0890105195274,326.4096547795934
55a613e5-9da4-4893-bd23-414b238d6054,2022-07-05,15907,Delhi,1294.49,1996.52,0.7251,DEMAND_DROP,MEDIUM,0.7251,isolation_forest,Smooth,"Demand flagged by Isolation Forest (score=0.7251) without crossing Modified Z-Score threshold. Observed=1294.5, expected=1996.5, residual=-702.0, Modified Z-Score=0.00.","Check inventory, supply chain, and delivery status. Investigate potential listing or pricing issues.",0.0,0.0,-702.0298110858785,677.5645309980937
6f430054-e6a3-4e27-85e1-5a34953056d2,2022-07-05,192,HR-NCR,1609.07,470.59,0.7239,DEMAND_SPIKE,MEDIUM,0.7239,isolation_forest,Smooth,"Demand flagged by Isolation Forest (score=0.7239) without crossing Modified Z-Score threshold. Observed=1609.1, expected=470.6, residual=+1138.5, Modified Z-Score=0.00.",Review inventory availability and prepare emergency replenishment. Verify promotions or seasonal factors.,0.0,0.0,1138.4793694699565,688.6621310192685
893e3882-46dc-4279-9dc9-f27a30298faf,2022-07-05,19512,HR-NCR,6810.79,6927.85,0.7143,DEMAND_DROP,MEDIUM,0.7143,isolation_forest,Smooth,"Demand flagged by Isolation Forest (score=0.7143) without crossing Modified Z-Score threshold. Observed=6810.8, expected=6927.9, residual=-117.1, Modified Z-Score=0.00.","Check inventory, supply chain, and delivery status. Investigate potential listing or pricing issues.",0.0,0.0,-117.06281314731768,150.2415933033637
aad53229-9927-41f1-b0a9-f92b7376f66a,2022-07-05,253317,Delhi,626.92,1292.32,0.6214,DEMAND_DROP,MEDIUM,0.6214,isolation_forest,Smooth,"Demand flagged by Isolation Forest (score=0.6214) without crossing Modified Z-Score threshold. Observed=626.9, expected=1292.3, residual=-665.4, Modified Z-Score=0.00.","Check inventory, supply chain, and delivery status. Investigate potential listing or pricing issues.",0.0,0.0,-665.3989076854269,485.34098010230565
c286591c-9789-4f68-88e1-748fa8dc1e2b,2022-07-05,352443,Delhi,1503.57,1023.55,0.659,DEMAND_SPIKE,MEDIUM,0.659,isolation_forest,Smooth,"Demand flagged by Isolation Forest (score=0.6590) without crossing Modified Z-Score threshold. Observed=1503.6, expected=1023.5, residual=+480.0, Modified Z-Score=0.00.",Review inventory availability and prepare emergency replenishment. Verify promotions or seasonal factors.,0.0,0.0,480.02270934429396,908.2745130741035
78b6d884-a723-4deb-8b13-61d87e7fb1fa,2022-07-05,37083,Bengaluru,3744.75,3843.24,0.6694,DEMAND_DROP,MEDIUM,0.6694,isolation_forest,Smooth,"Demand flagged by Isolation Forest (score=0.6694) without crossing Modified Z-Score threshold. Observed=3744.8, expected=3843.2, residual=-98.5, Modified Z-Score=0.00.","Check inventory, supply chain, and delivery status. Investigate potential listing or pricing issues.",0.0,0.0,-98.49092164492868,303.1867784468842
0a3f0eb0-261b-4392-b07f-1feefaed3811,2022-07-05,3881,Delhi,4407.02,3849.98,0.8348,DEMAND_SPIKE,MEDIUM,0.8348,isolation_forest,Smooth,"Demand flagged by Isolation Forest (score=0.8348) without crossing Modified Z-Score threshold. Observed=4407.0, expected=3850.0, residual=+557.0, Modified Z-Score=0.00.",Review inventory availability and prepare emergency replenishment. Verify promotions or seasonal factors.,0.0,0.0,557.0357044511006,1151.856031176784
452b9eab-6e15-462d-b511-151dfee2f070,2022-07-05,3881,HR-NCR,3039.93,3503.18,0.8379,DEMAND_DROP,MEDIUM,0.8379,isolation_forest,Smooth,"Demand flagged by Isolation Forest (score=0.8379) without crossing Modified Z-Score threshold. Observed=3039.9, expected=3503.2, residual=-463.3, Modified Z-Score=0.00.","Check inventory, supply chain, and delivery status. Investigate potential listing or pricing issues.",0.0,0.0,-463.25220905893775,1182.6845433166022
5ce27c85-4f50-403d-ad87-eefd752b2968,2022-07-05,3888,Delhi,2216.25,1063.04,0.7195,DEMAND_SPIKE,MEDIUM,0.7195,isolation_forest,Smooth,"Demand flagged by Isolation Forest (score=0.7195) without crossing Modified Z-Score threshold. Observed=2216.2, expected=1063.0, residual=+1153.2, Modified Z-Score=0.00.",Review inventory availability and prepare emergency replenishment. Verify promotions or seasonal factors.,0.0,0.0,1153.205805049604,578.1206313780889
4253218c-2088-4da6-b227-204030f37c92,2022-07-05,3889,Delhi,3417.66,2547.55,0.7872,DEMAND_SPIKE,MEDIUM,0.7872,isolation_forest,Smooth,"Demand flagged by Isolation Forest (score=0.7872) without crossing Modified Z-Score threshold. Observed=3417.7, expected=2547.5, residual=+870.1, Modified Z-Score=0.00.",Review inventory availability and prepare emergency replenishment. Verify promotions or seasonal factors.,0.0,0.0,870.1102070467364,822.2459869315265
cabbbda0-eeb8-4d10-a975-82907c53ed84,2022-07-05,3898,Delhi,3428.0,3714.15,0.6191,DEMAND_DROP,MEDIUM,0.6191,isolation_forest,Smooth,"Demand flagged by Isolation Forest (score=0.6191) without crossing Modified Z-Score threshold. Observed=3428.0, expected=3714.2, residual=-286.2, Modified Z-Score=0.00.","Check inventory, supply chain, and delivery status. Investigate potential listing or pricing issues.",0.0,0.0,-286.1534783403322,114.52307318469371
4a89dfa2-cfd3-4ab4-b527-42cbdd81c6a5,2022-07-05,3898,HR-NCR,2434.28,3009.95,0.6337,DEMAND_DROP,MEDIUM,0.6337,isolation_forest,Smooth,"Demand flagged by Isolation Forest (score=0.6337) without crossing Modified Z-Score threshold. Observed=2434.3, expected=3010.0, residual=-575.7, Modified Z-Score=0.00.","Check inventory, supply chain, and delivery status. Investigate potential listing or pricing issues.",0.0,0.0,-575.6725749398797,273.3143604441597
a7944b30-2769-4df8-a04d-1f9ac6a1881f,2022-07-05,391306,Bengaluru,4086.57,3497.4,0.6834,DEMAND_SPIKE,MEDIUM,0.6834,isolation_forest,Smooth,"Demand flagged by Isolation Forest (score=0.6834) without crossing Modified Z-Score threshold. Observed=4086.6, expected=3497.4, residual=+589.2, Modified Z-Score=0.00.",Review inventory availability and prepare emergency replenishment. Verify promotions or seasonal factors.,0.0,0.0,589.1678257158951,395.5022821994838
75a29b95-6f59-45b2-a8b8-63f35944c8ce,2022-07-05,391306,Delhi,7941.7,4666.9,0.9873,DEMAND_SPIKE,MEDIUM,0.9873,isolation_forest,Smooth,"Demand flagged by Isolation Forest (score=0.9873) without crossing Modified Z-Score threshold. Observed=7941.7, expected=4666.9, residual=+3274.8, Modified Z-Score=0.00.",Review inventory availability and prepare emergency replenishment. Verify promotions or seasonal factors.,0.0,0.0,3274.8041229414102,1226.8343039268452
176e2f0d-44d6-4bc5-b0fa-05059c3bd74c,2022-07-05,391306,HR-NCR,4142.01,3527.27,0.7771,DEMAND_SPIKE,MEDIUM,0.7771,isolation_forest,Smooth,"Demand flagged by Isolation Forest (score=0.7771) without crossing Modified Z-Score threshold. Observed=4142.0, expected=3527.3, residual=+614.7, Modified Z-Score=0.00.",Review inventory availability and prepare emergency replenishment. Verify promotions or seasonal factors.,0.0,0.0,614.744312712593,728.5348608623107
17803f52-f51e-4269-a2ca-1819ccbb7070,2022-07-05,445675,Bengaluru,1787.25,2757.56,0.7663,DEMAND_DROP,MEDIUM,0.7663,isolation_forest,Smooth,"Demand flagged by Isolation Forest (score=0.7663) without crossing Modified Z-Score threshold. Observed=1787.2, expected=2757.6, residual=-970.3, Modified Z-Score=0.00.","Check inventory, supply chain, and delivery status. Investigate potential listing or pricing issues.",0.0,0.0,-970.3077231055186,678.880765304188
46c0eda9-6013-4582-8716-157170173fd7,2022-07-05,445675,Delhi,1348.17,1653.57,0.6721,DEMAND_DROP,MEDIUM,0.6721,isolation_forest,Smooth,"Demand flagged by Isolation Forest (score=0.6721) without crossing Modified Z-Score threshold. Observed=1348.2, expected=1653.6, residual=-305.4, Modified Z-Score=0.00.","Check inventory, supply chain, and delivery status. Investigate potential listing or pricing issues.",0.0,0.0,-305.40108111247105,815.3210533025215
838e36e7-432e-42bf-a07b-97a880fd0854,2022-07-05,445675,HR-NCR,2467.14,1709.44,0.7229,DEMAND_SPIKE,MEDIUM,0.7229,isolation_forest,Smooth,"Demand flagged by Isolation Forest (score=0.7229) without crossing Modified Z-Score threshold. Observed=2467.1, expected=1709.4, residual=+757.7, Modified Z-Score=0.00.",Review inventory availability and prepare emergency replenishment. Verify promotions or seasonal factors.,0.0,0.0,757.6952493974793,768.6125000284604
a918f8c8-6a79-4d4d-a140-be74d3912563,2022-07-05,52,Delhi,1398.81,2278.78,0.7183,DEMAND_DROP,MEDIUM,0.7183,isolation_forest,Smooth,"Demand flagged by Isolation Forest (score=0.7183) without crossing Modified Z-Score threshold. Observed=1398.8, expected=2278.8, residual=-880.0, Modified Z-Score=0.00.","Check inventory, supply chain, and delivery status. Investigate potential listing or pricing issues.",0.0,0.0,-879.9681759235423,583.6877492575402
bdda0447-8134-490c-8c32-a451d1d32ee0,2022-07-04,105,Delhi,1496.04,3245.01,0.8147,DEMAND_DROP,MEDIUM,0.8147,isolation_forest,Smooth,"Demand flagged by Isolation Forest (score=0.8147) without crossing Modified Z-Score threshold. Observed=1496.0, expected=3245.0, residual=-1749.0, Modified Z-Score=0.00.","Check inventory, supply chain, and delivery status. Investigate potential listing or pricing issues.",0.0,0.0,-1748.9673224497442,1001.7252413877437
65609444-b235-46d7-805a-228c5a769bb3,2022-07-04,12872,Delhi,6598.58,5205.4,0.9363,DEMAND_SPIKE,MEDIUM,0.9363,isolation_forest,Smooth,"Demand flagged by Isolation Forest (score=0.9363) without crossing Modified Z-Score threshold. Observed=6598.6, expected=5205.4, residual=+1393.2, Modified Z-Score=0.00.",Review inventory availability and prepare emergency replenishment. Verify promotions or seasonal factors.,0.0,0.0,1393.1775497528297,1524.7406940525993
d7b9574a-bcf9-47fe-a436-3824878fafd4,2022-07-04,159,Delhi,1452.89,2702.65,0.6547,DEMAND_DROP,MEDIUM,0.6547,isolation_forest,Smooth,"Demand flagged by Isolation Forest (score=0.6547) without crossing Modified Z-Score threshold. Observed=1452.9, expected=2702.6, residual=-1249.8, Modified Z-Score=0.00.","Check inventory, supply chain, and delivery status. Investigate potential listing or pricing issues.",0.0,0.0,-1249.757392744608,349.5865092267339
74237dca-c6e2-42ca-9d08-c28d9bed7284,2022-07-04,15907,Delhi,531.32,3270.05,0.7435,VOLATILITY_ANOMALY,MEDIUM,0.7435,rolling_volatility_threshold,Smooth,Demand volatility flagged: 14-day rolling std of 660.68 is 2.1x the 95th-percentile baseline (322.03) for product 15907 in Delhi.,Review recent order patterns and supply chain disruptions. Consider adjusting safety-stock buffers.,0.0,0.0,-2738.7341398073518,660.6805131327345
1bee2623-f76c-4fa7-9cd9-aceff6504ae2,2022-07-04,15907,Delhi,531.32,3270.05,0.7435,DEMAND_DROP,MEDIUM,0.7435,isolation_forest,Smooth,"Demand flagged by Isolation Forest (score=0.7435) without crossing Modified Z-Score threshold. Observed=531.3, expected=3270.1, residual=-2738.7, Modified Z-Score=0.00.","Check inventory, supply chain, and delivery status. Investigate potential listing or pricing issues.",0.0,0.0,-2738.7341398073518,660.6805131327345
f42a1ebf-33c3-4105-886a-0b43226e0c8b,2022-07-04,18546,Delhi,1220.55,1828.9,0.6408,DEMAND_DROP,MEDIUM,0.6408,isolation_forest,Smooth,"Demand flagged by Isolation Forest (score=0.6408) without crossing Modified Z-Score threshold. Observed=1220.5, expected=1828.9, residual=-608.3, Modified Z-Score=0.00.","Check inventory, supply chain, and delivery status. Investigate potential listing or pricing issues.",0.0,0.0,-608.3488026157299,505.03900077122756
877dd7a8-1564-489f-9151-37d8849b97ea,2022-07-04,192,HR-NCR,840.72,1797.11,0.7474,DEMAND_DROP,MEDIUM,0.7474,isolation_forest,Smooth,"Demand flagged by Isolation Forest (score=0.7474) without crossing Modified Z-Score threshold. Observed=840.7, expected=1797.1, residual=-956.4, Modified Z-Score=0.00.","Check inventory, supply chain, and delivery status. Investigate potential listing or pricing issues.",0.0,0.0,-956.38861135415,814.3698218254408
05fcbe8c-3477-4607-8664-7c22715a67c7,2022-07-04,19512,Delhi,8649.78,9090.55,0.9397,DEMAND_DROP,MEDIUM,0.9397,isolation_forest,Smooth,"Demand flagged by Isolation Forest (score=0.9397) without crossing Modified Z-Score threshold. Observed=8649.8, expected=9090.5, residual=-440.8, Modified Z-Score=0.00.","Check inventory, supply chain, and delivery status. Investigate potential listing or pricing issues.",0.0,0.0,-440.7691580638875,2028.0459316872812
746716fa-64f5-4544-a99c-ef404a9c848c,2022-07-04,19512,HR-NCR,7532.71,7370.03,0.7142,DEMAND_SPIKE,MEDIUM,0.7142,isolation_forest,Smooth,"Demand flagged by Isolation Forest (score=0.7142) without crossing Modified Z-Score threshold. Observed=7532.7, expected=7370.0, residual=+162.7, Modified Z-Score=0.00.",Review inventory availability and prepare emergency replenishment. Verify promotions or seasonal factors.,0.0,0.0,162.68452657798025,173.27166540820605
f7354dee-2147-4ce3-b290-656f590f054f,2022-07-04,23653,Delhi,872.22,1380.95,0.653,DEMAND_DROP,MEDIUM,0.653,isolation_forest,Smooth,"Demand flagged by Isolation Forest (score=0.6530) without crossing Modified Z-Score threshold. Observed=872.2, expected=1380.9, residual=-508.7, Modified Z-Score=0.00.","Check inventory, supply chain, and delivery status. Investigate potential listing or pricing issues.",0.0,0.0,-508.72610756619497,605.9073083401453
59cb7597-8b77-4e2f-8a24-e20a98b6a217,2022-07-04,253317,Delhi,1637.32,738.4,0.6126,DEMAND_SPIKE,MEDIUM,0.6126,isolation_forest,Smooth,"Demand flagged by Isolation Forest (score=0.6126) without crossing Modified Z-Score threshold. Observed=1637.3, expected=738.4, residual=+898.9, Modified Z-Score=0.00.",Review inventory availability and prepare emergency replenishment. Verify promotions or seasonal factors.,0.0,0.0,898.9210915693744,466.17044640345875
db977f82-2d4d-4c74-939e-36b858cdbd75,2022-07-04,309921,Bengaluru,3053.78,3331.71,0.6477,DEMAND_DROP,MEDIUM,0.6477,isolation_forest,Smooth,"Demand flagged by Isolation Forest (score=0.6477) without crossing Modified Z-Score threshold. Observed=3053.8, expected=3331.7, residual=-277.9, Modified Z-Score=0.00.","Check inventory, supply chain, and delivery status. Investigate potential listing or pricing issues.",0.0,0.0,-277.9278440722337,361.22910200222424
0f9a3476-e3b8-437a-a2d9-7d76325ca323,2022-07-04,314,Delhi,1073.31,1855.87,0.6577,DEMAND_DROP,MEDIUM,0.6577,isolation_forest,Smooth,"Demand flagged by Isolation Forest (score=0.6577) without crossing Modified Z-Score threshold. Observed=1073.3, expected=1855.9, residual=-782.6, Modified Z-Score=0.00.","Check inventory, supply chain, and delivery status. Investigate potential listing or pricing issues.",0.0,0.0,-782.5622982316161,484.3807137297411
a192ed67-d595-43e0-a279-1c283f7cdcbe,2022-07-04,34778,Delhi,1226.62,1932.94,0.7135,DEMAND_DROP,MEDIUM,0.7135,isolation_forest,Smooth,"Demand flagged by Isolation Forest (score=0.7135) without crossing Modified Z-Score threshold. Observed=1226.6, expected=1932.9, residual=-706.3, Modified Z-Score=0.00.","Check inventory, supply chain, and delivery status. Investigate potential listing or pricing issues.",0.0,0.0,-706.3194285627185,615.2125491513751
2ea97b16-4a53-4c3a-8973-cca4f0467760,2022-07-04,352443,Delhi,1881.82,1271.13,0.7444,DEMAND_SPIKE,MEDIUM,0.7444,isolation_forest,Smooth,"Demand flagged by Isolation Forest (score=0.7444) without crossing Modified Z-Score threshold. Observed=1881.8, expected=1271.1, residual=+610.7, Modified Z-Score=0.00.",Review inventory availability and prepare emergency replenishment. Verify promotions or seasonal factors.,0.0,0.0,610.6945531556264,1097.3104466072184
69b49193-ee85-4095-bba3-3335718f1a5e,2022-07-04,37083,Bengaluru,3413.41,4077.33,0.6873,DEMAND_DROP,MEDIUM,0.6873,isolation_forest,Smooth,"Demand flagged by Isolation Forest (score=0.6873) without crossing Modified Z-Score threshold. Observed=3413.4, expected=4077.3, residual=-663.9, Modified Z-Score=0.00.","Check inventory, supply chain, and delivery status. Investigate potential listing or pricing issues.",0.0,0.0,-663.9223300256531,198.6976326817543
75742d8f-a9b2-485d-9286-f62cbea74192,2022-07-04,3881,Delhi,3470.48,4602.35,0.8989,DEMAND_DROP,MEDIUM,0.8989,isolation_forest,Smooth,"Demand flagged by Isolation Forest (score=0.8989) without crossing Modified Z-Score threshold. Observed=3470.5, expected=4602.4, residual=-1131.9, Modified Z-Score=0.00.","Check inventory, supply chain, and delivery status. Investigate potential listing or pricing issues.",0.0,0.0,-1131.8721554062909,1253.5839818828783
580f9e23-5703-49c3-b859-a2809d77866a,2022-07-04,3881,HR-NCR,3570.73,4235.32,0.8804,DEMAND_DROP,MEDIUM,0.8804,isolation_forest,Smooth,"Demand flagged by Isolation Forest (score=0.8804) without crossing Modified Z-Score threshold. Observed=3570.7, expected=4235.3, residual=-664.6, Modified Z-Score=0.00.","Check inventory, supply chain, and delivery status. Investigate potential listing or pricing issues.",0.0,0.0,-664.5899472044143,1447.8235614995817
659d6f30-f670-4dea-88e9-1266230c9575,2022-07-04,3889,Delhi,1599.16,1079.42,0.694,DEMAND_SPIKE,MEDIUM,0.694,isolation_forest,Smooth,"Demand flagged by Isolation Forest (score=0.6940) without crossing Modified Z-Score threshold. Observed=1599.2, expected=1079.4, residual=+519.7, Modified Z-Score=0.00.",Review inventory availability and prepare emergency replenishment. Verify promotions or seasonal factors.,0.0,0.0,519.7390398542445,979.6613522199054
c10c9957-2398-4051-8b0e-578359295c98,2022-07-04,3898,HR-NCR,2716.93,3564.84,0.6497,DEMAND_DROP,MEDIUM,0.6497,isolation_forest,Smooth,"Demand flagged by Isolation Forest (score=0.6497) without crossing Modified Z-Score threshold. Observed=2716.9, expected=3564.8, residual=-847.9, Modified Z-Score=0.00.","Check inventory, supply chain, and delivery status. Investigate potential listing or pricing issues.",0.0,0.0,-847.9059133238202,207.74232532956145
44eed2f4-ff7a-4c5c-b381-6bd16f38dc45,2022-07-04,391306,Bengaluru,3391.3,4276.74,0.6847,DEMAND_DROP,MEDIUM,0.6847,isolation_forest,Smooth,"Demand flagged by Isolation Forest (score=0.6847) without crossing Modified Z-Score threshold. Observed=3391.3, expected=4276.7, residual=-885.4, Modified Z-Score=0.00.","Check inventory, supply chain, and delivery status. Investigate potential listing or pricing issues.",0.0,0.0,-885.4435297573818,96.91695052982203
b160b720-c880-45f2-b896-0f834453e1d6,2022-07-04,391306,Delhi,6188.58,5716.94,0.8869,DEMAND_SPIKE,MEDIUM,0.8869,isolation_forest,Smooth,"Demand flagged by Isolation Forest (score=0.8869) without crossing Modified Z-Score threshold. Observed=6188.6, expected=5716.9, residual=+471.6, Modified Z-Score=0.00.",Review inventory availability and prepare emergency replenishment. Verify promotions or seasonal factors.,0.0,0.0,471.64447218013447,1426.6467986973278
173d8061-a66b-496b-9ee9-8a1ef17c0ca7,2022-07-04,391306,HR-NCR,4527.97,4290.23,0.8057,DEMAND_SPIKE,MEDIUM,0.8057,isolation_forest,Smooth,"Demand flagged by Isolation Forest (score=0.8057) without crossing Modified Z-Score threshold. Observed=4528.0, expected=4290.2, residual=+237.7, Modified Z-Score=0.00.",Review inventory availability and prepare emergency replenishment. Verify promotions or seasonal factors.,0.0,0.0,237.73972243467506,881.0073881075001
9e1fde61-6973-4949-bedd-f0447d1cc557,2022-07-04,400105,Delhi,3096.92,3239.23,0.6925,DEMAND_DROP,MEDIUM,0.6925,isolation_forest,Smooth,"Demand flagged by Isolation Forest (score=0.6925) without crossing Modified Z-Score threshold. Observed=3096.9, expected=3239.2, residual=-142.3, Modified Z-Score=0.00.","Check inventory, supply chain, and delivery status. Investigate potential listing or pricing issues.",0.0,0.0,-142.30728767491064,520.8119411393457
af656243-6f65-4a29-b690-2571fd9af303,2022-07-04,423735,Delhi,1962.4,2691.09,0.6308,DEMAND_DROP,MEDIUM,0.6308,isolation_forest,Smooth,"Demand flagged by Isolation Forest (score=0.6308) without crossing Modified Z-Score threshold. Observed=1962.4, expected=2691.1, residual=-728.7, Modified Z-Score=0.00.","Check inventory, supply chain, and delivery status. Investigate potential listing or pricing issues.",0.0,0.0,-728.6873231949421,293.413595969921
021b160e-da80-4811-b6a5-3941d0d4e9d7,2022-07-04,425780,Delhi,244.54,923.36,0.6294,VOLATILITY_ANOMALY,MEDIUM,0.6294,rolling_volatility_threshold,Smooth,Demand volatility flagged: 14-day rolling std of 488.73 is 1.5x the 95th-percentile baseline (322.03) for product 425780 in Delhi.,Review recent order patterns and supply chain disruptions. Consider adjusting safety-stock buffers.,0.0,0.0,-678.8200212252723,488.7254251963298
b17cb6c0-3a90-4260-8fd5-db7ba7aae17f,2022-07-04,425780,Delhi,244.54,923.36,0.6294,DEMAND_DROP,MEDIUM,0.6294,isolation_forest,Smooth,"Demand flagged by Isolation Forest (score=0.6294) without crossing Modified Z-Score threshold. Observed=244.5, expected=923.4, residual=-678.8, Modified Z-Score=0.00.","Check inventory, supply chain, and delivery status. Investigate potential listing or pricing issues.",0.0,0.0,-678.8200212252723,488.7254251963298
302085fb-442d-4267-b1fb-b0e37da19023,2022-07-04,445675,Bengaluru,2137.98,2834.62,0.7109,DEMAND_DROP,MEDIUM,0.7109,isolation_forest,Smooth,"Demand flagged by Isolation Forest (score=0.7109) without crossing Modified Z-Score threshold. Observed=2138.0, expected=2834.6, residual=-696.6, Modified Z-Score=0.00.","Check inventory, supply chain, and delivery status. Investigate potential listing or pricing issues.",0.0,0.0,-696.6448534366214,487.506036304509
5fcfa48e-ba30-4e48-8b00-c876d272488c,2022-07-04,445675,Delhi,1104.61,2032.16,0.7777,DEMAND_DROP,MEDIUM,0.7777,isolation_forest,Smooth,"Demand flagged by Isolation Forest (score=0.7777) without crossing Modified Z-Score threshold. Observed=1104.6, expected=2032.2, residual=-927.6, Modified Z-Score=0.00.","Check inventory, supply chain, and delivery status. Investigate potential listing or pricing issues.",0.0,0.0,-927.5533588640137,945.0156649142558
a87a11e5-f0bb-47e1-aa03-6f817d3b372d,2022-07-04,445675,HR-NCR,1829.85,1976.29,0.7121,DEMAND_DROP,MEDIUM,0.7121,isolation_forest,Smooth,"Demand flagged by Isolation Forest (score=0.7121) without crossing Modified Z-Score threshold. Observed=1829.8, expected=1976.3, residual=-146.4, Modified Z-Score=0.00.","Check inventory, supply chain, and delivery status. Investigate potential listing or pricing issues.",0.0,0.0,-146.43968937396403,935.1149996301702
dfbfc873-e5e1-4da7-bcef-f01d982950fc,2022-07-04,52,Delhi,1863.39,3267.16,0.7497,DEMAND_DROP,MEDIUM,0.7497,isolation_forest,Smooth,"Demand flagged by Isolation Forest (score=0.7497) without crossing Modified Z-Score threshold. Observed=1863.4, expected=3267.2, residual=-1403.8, Modified Z-Score=0.00.","Check inventory, supply chain, and delivery status. Investigate potential listing or pricing issues.",0.0,0.0,-1403.774122419936,523.4044105023697
dd25ff78-a468-4a04-8dc6-96207ebbb961,2022-07-03,105,Delhi,2122.37,2831.73,0.8358,DEMAND_DROP,MEDIUM,0.8358,isolation_forest,Smooth,"Demand flagged by Isolation Forest (score=0.8358) without crossing Modified Z-Score threshold. Observed=2122.4, expected=2831.7, residual=-709.4, Modified Z-Score=0.00.","Check inventory, supply chain, and delivery status. Investigate potential listing or pricing issues.",0.0,0.0,-709.3648360492048,1413.4216027781663
fc41f4fb-b2e8-4d74-b5d3-1d3ecd9c2444,2022-07-03,12872,Delhi,8211.83,7306.45,0.9397,DEMAND_SPIKE,MEDIUM,0.9397,isolation_forest,Smooth,"Demand flagged by Isolation Forest (score=0.9397) without crossing Modified Z-Score threshold. Observed=8211.8, expected=7306.4, residual=+905.4, Modified Z-Score=0.00.",Review inventory availability and prepare emergency replenishment. Verify promotions or seasonal factors.,0.0,0.0,905.3849091011398,2145.2417659671846
ed7435ea-84bf-4aec-b68e-539ed90b6561,2022-07-03,12872,HR-NCR,5087.1,3828.79,0.7715,DEMAND_SPIKE,MEDIUM,0.7715,isolation_forest,Smooth,"Demand flagged by Isolation Forest (score=0.7715) without crossing Modified Z-Score threshold. Observed=5087.1, expected=3828.8, residual=+1258.3, Modified Z-Score=0.00.",Review inventory availability and prepare emergency replenishment. Verify promotions or seasonal factors.,0.0,0.0,1258.3091652921535,201.24258992569168
383be5c0-e854-41a5-85d0-d99d5b6b6657,2022-07-03,15907,Delhi,1972.78,2142.95,0.6251,DEMAND_DROP,MEDIUM,0.6251,isolation_forest,Smooth,"Demand flagged by Isolation Forest (score=0.6251) without crossing Modified Z-Score threshold. Observed=1972.8, expected=2142.9, residual=-170.2, Modified Z-Score=0.00.","Check inventory, supply chain, and delivery status. Investigate potential listing or pricing issues.",0.0,0.0,-170.16735871497372,541.8983528301226
2b2483e0-d6a6-4442-8082-764651c7f82f,2022-07-03,160704,Delhi,3606.39,2785.49,0.6476,DEMAND_SPIKE,MEDIUM,0.6476,isolation_forest,Smooth,"Demand flagged by Isolation Forest (score=0.6476) without crossing Modified Z-Score threshold. Observed=3606.4, expected=2785.5, residual=+820.9, Modified Z-Score=0.00.",Review inventory availability and prepare emergency replenishment. Verify promotions or seasonal factors.,0.0,0.0,820.8954421494568,104.16389993659044
55da7c24-b5a9-4efa-9866-9613a7da3cfb,2022-07-03,18546,Delhi,2041.39,1676.69,0.649,DEMAND_SPIKE,MEDIUM,0.649,isolation_forest,Smooth,"Demand flagged by Isolation Forest (score=0.6490) without crossing Modified Z-Score threshold. Observed=2041.4, expected=1676.7, residual=+364.7, Modified Z-Score=0.00.",Review inventory availability and prepare emergency replenishment. Verify promotions or seasonal factors.,0.0,0.0,364.6987797881982,676.9345348333176
9c6a46fd-9d03-41df-a98f-9e551f295e38,2022-07-03,192,Delhi,2354.36,1258.6,0.6429,DEMAND_SPIKE,MEDIUM,0.6429,isolation_forest,Smooth,"Demand flagged by Isolation Forest (score=0.6429) without crossing Modified Z-Score threshold. Observed=2354.4, expected=1258.6, residual=+1095.8, Modified Z-Score=0.00.",Review inventory availability and prepare emergency replenishment. Verify promotions or seasonal factors.,0.0,0.0,1095.7579618344307,25.123503935557935
1f967e24-7220-433b-9117-87e39e2244d4,2022-07-03,192,HR-NCR,1070.05,1698.85,0.7626,DEMAND_DROP,MEDIUM,0.7626,isolation_forest,Smooth,"Demand flagged by Isolation Forest (score=0.7626) without crossing Modified Z-Score threshold. Observed=1070.0, expected=1698.8, residual=-628.8, Modified Z-Score=0.00.","Check inventory, supply chain, and delivery status. Investigate potential listing or pricing issues.",0.0,0.0,-628.7980201819939,1140.7824411560691
9de0a627-4a93-40a4-9645-317a46e011f1,2022-07-03,19512,Delhi,12223.45,9123.3,0.9419,DEMAND_SPIKE,MEDIUM,0.9419,isolation_forest,Smooth,"Demand flagged by Isolation Forest (score=0.9419) without crossing Modified Z-Score threshold. Observed=12223.5, expected=9123.3, residual=+3100.1, Modified Z-Score=0.00.",Review inventory availability and prepare emergency replenishment. Verify promotions or seasonal factors.,0.0,0.0,3100.147311545392,541.2831699304894
e42337c5-a3ad-451b-a2d0-6d27feba2135,2022-07-03,19512,HR-NCR,7627.65,6699.54,0.796,DEMAND_SPIKE,MEDIUM,0.796,isolation_forest,Smooth,"Demand flagged by Isolation Forest (score=0.7960) without crossing Modified Z-Score threshold. Observed=7627.6, expected=6699.5, residual=+928.1, Modified Z-Score=0.00.",Review inventory availability and prepare emergency replenishment. Verify promotions or seasonal factors.,0.0,0.0,928.1085604585742,48.755012562812006
4d10f9ee-a26a-4495-83ab-f1d975da2a83,2022-07-03,23653,Delhi,499.85,1095.8,0.6281,DEMAND_DROP,MEDIUM,0.6281,isolation_forest,Smooth,"Demand flagged by Isolation Forest (score=0.6281) without crossing Modified Z-Score threshold. Observed=499.9, expected=1095.8, residual=-595.9, Modified Z-Score=0.00.","Check inventory, supply chain, and delivery status. Investigate potential listing or pricing issues.",0.0,0.0,-595.9477253411147,536.1283614956402
6432866e-04b3-4121-921b-22cae2b54215,2022-07-03,253317,Delhi,1013.75,434.95,0.6216,DEMAND_SPIKE,MEDIUM,0.6216,isolation_forest,Smooth,"Demand flagged by Isolation Forest (score=0.6216) without crossing Modified Z-Score threshold. Observed=1013.8, expected=434.9, residual=+578.8, Modified Z-Score=0.00.",Review inventory availability and prepare emergency replenishment. Verify promotions or seasonal factors.,0.0,0.0,578.8029172480917,658.7477484211996
b3fd1a36-33c5-4f91-a343-eecaa71afc86,2022-07-03,309921,Bengaluru,3523.41,3297.99,0.6725,DEMAND_SPIKE,MEDIUM,0.6725,isolation_forest,Smooth,"Demand flagged by Isolation Forest (score=0.6725) without crossing Modified Z-Score threshold. Observed=3523.4, expected=3298.0, residual=+225.4, Modified Z-Score=0.00.",Review inventory availability and prepare emergency replenishment. Verify promotions or seasonal factors.,0.0,0.0,225.41902544762297,485.4288052845649
fd97dcfd-e309-4657-8cee-a79750e54c27,2022-07-03,329500,HR-NCR,1624.55,331.87,0.6173,DEMAND_SPIKE,MEDIUM,0.6173,isolation_forest,Smooth,"Demand flagged by Isolation Forest (score=0.6173) without crossing Modified Z-Score threshold. Observed=1624.5, expected=331.9, residual=+1292.7, Modified Z-Score=0.00.",Review inventory availability and prepare emergency replenishment. Verify promotions or seasonal factors.,0.0,0.0,1292.6802040659416,36.15436972206821
dcb1c906-bfca-4276-9522-f1635f9d624e,2022-07-03,34778,Delhi,1691.34,969.6,0.6884,DEMAND_SPIKE,MEDIUM,0.6884,isolation_forest,Smooth,"Demand flagged by Isolation Forest (score=0.6884) without crossing Modified Z-Score threshold. Observed=1691.3, expected=969.6, residual=+721.7, Modified Z-Score=0.00.",Review inventory availability and prepare emergency replenishment. Verify promotions or seasonal factors.,0.0,0.0,721.7397005760661,784.6268976080287
b3a13f2c-2eae-4038-bd86-5896a378e272,2022-07-03,352443,Delhi,1562.2,1010.06,0.7398,DEMAND_SPIKE,MEDIUM,0.7398,isolation_forest,Smooth,"Demand flagged by Isolation Forest (score=0.7398) without crossing Modified Z-Score threshold. Observed=1562.2, expected=1010.1, residual=+552.1, Modified Z-Score=0.00.",Review inventory availability and prepare emergency replenishment. Verify promotions or seasonal factors.,0.0,0.0,552.1394571522372,1354.8307348890487
bd9cb42e-03e1-4671-9729-cf403fa8bb6d,2022-07-03,3881,Bengaluru,1881.48,1045.7,0.6313,DEMAND_SPIKE,MEDIUM,0.6313,isolation_forest,Smooth,"Demand flagged by Isolation Forest (score=0.6313) without crossing Modified Z-Score threshold. Observed=1881.5, expected=1045.7, residual=+835.8, Modified Z-Score=0.00.",Review inventory availability and prepare emergency replenishment. Verify promotions or seasonal factors.,0.0,0.0,835.775909374102,526.4692828646321
1d06fa6b-b9c3-425d-b26e-84574316f154,2022-07-03,3881,Delhi,3858.73,4328.76,0.8697,DEMAND_DROP,MEDIUM,0.8697,isolation_forest,Smooth,"Demand flagged by Isolation Forest (score=0.8697) without crossing Modified Z-Score threshold. Observed=3858.7, expected=4328.8, residual=-470.0, Modified Z-Score=0.00.","Check inventory, supply chain, and delivery status. Investigate potential listing or pricing issues.",0.0,0.0,-470.0338427308766,1572.520628545139
57730c35-81a3-4fb5-afae-d829649078f6,2022-07-03,3881,HR-NCR,2539.71,3201.66,0.8516,DEMAND_DROP,MEDIUM,0.8516,isolation_forest,Smooth,"Demand flagged by Isolation Forest (score=0.8516) without crossing Modified Z-Score threshold. Observed=2539.7, expected=3201.7, residual=-661.9, Modified Z-Score=0.00.","Check inventory, supply chain, and delivery status. Investigate potential listing or pricing issues.",0.0,0.0,-661.9470616384983,1676.7764523632839
153eac69-607c-462e-b765-c636d73b283c,2022-07-03,3898,Delhi,4212.56,3871.18,0.6216,DEMAND_SPIKE,MEDIUM,0.6216,isolation_forest,Smooth,"Demand flagged by Isolation Forest (score=0.6216) without crossing Modified Z-Score threshold. Observed=4212.6, expected=3871.2, residual=+341.4, Modified Z-Score=0.00.",Review inventory availability and prepare emergency replenishment. Verify promotions or seasonal factors.,0.0,0.0,341.38224361004677,76.67865935186957
f5d345bd-105f-48d1-88b3-7de2dcfdadae,2022-07-03,391306,Bengaluru,4262.87,3705.48,0.6339,DEMAND_SPIKE,MEDIUM,0.6339,isolation_forest,Smooth,"Demand flagged by Isolation Forest (score=0.6339) without crossing Modified Z-Score threshold. Observed=4262.9, expected=3705.5, residual=+557.4, Modified Z-Score=0.00.",Review inventory availability and prepare emergency replenishment. Verify promotions or seasonal factors.,0.0,0.0,557.3865738219174,69.28232242065859
3f066020-0092-4f6e-b702-b11c89d7dda7,2022-07-03,391306,Delhi,7605.82,5109.07,0.9862,DEMAND_SPIKE,MEDIUM,0.9862,isolation_forest,Smooth,"Demand flagged by Isolation Forest (score=0.9862) without crossing Modified Z-Score threshold. Observed=7605.8, expected=5109.1, residual=+2496.8, Modified Z-Score=0.00.",Review inventory availability and prepare emergency replenishment. Verify promotions or seasonal factors.,0.0,0.0,2496.751462666708,1855.3562699519466
294c7d5c-6e9a-466a-b725-4112c64932e0,2022-07-03,391306,HR-NCR,5765.39,3797.96,0.8284,DEMAND_SPIKE,MEDIUM,0.8284,isolation_forest,Smooth,"Demand flagged by Isolation Forest (score=0.8284) without crossing Modified Z-Score threshold. Observed=5765.4, expected=3798.0, residual=+1967.4, Modified Z-Score=0.00.",Review inventory availability and prepare emergency replenishment. Verify promotions or seasonal factors.,0.0,0.0,1967.4260174245942,179.81018338792683
f0d17de3-35f9-49ee-9baf-cf3c6911f9ca,2022-07-03,400105,Delhi,2202.18,2948.3,0.7558,DEMAND_DROP,MEDIUM,0.7558,isolation_forest,Smooth,"Demand flagged by Isolation Forest (score=0.7558) without crossing Modified Z-Score threshold. Observed=2202.2, expected=2948.3, residual=-746.1, Modified Z-Score=0.00.","Check inventory, supply chain, and delivery status. Investigate potential listing or pricing issues.",0.0,0.0,-746.1188706749981,656.7254230270061
3aa33a77-52b2-455a-bf64-de34076dbbcf,2022-07-03,445675,Bengaluru,3318.69,2602.46,0.7452,DEMAND_SPIKE,MEDIUM,0.7452,isolation_forest,Smooth,"Demand flagged by Isolation Forest (score=0.7452) without crossing Modified Z-Score threshold. Observed=3318.7, expected=2602.5, residual=+716.2, Modified Z-Score=0.00.",Review inventory availability and prepare emergency replenishment. Verify promotions or seasonal factors.,0.0,0.0,716.2298766858262,682.2944042347115
e46d026a-9f1a-4e0b-a848-f01cd92cb1c2,2022-07-03,445675,HR-NCR,2898.87,2085.15,0.7481,DEMAND_SPIKE,MEDIUM,0.7481,isolation_forest,Smooth,"Demand flagged by Isolation Forest (score=0.7481) without crossing Modified Z-Score threshold. Observed=2898.9, expected=2085.1, residual=+813.7, Modified Z-Score=0.00.",Review inventory availability and prepare emergency replenishment. Verify promotions or seasonal factors.,0.0,0.0,813.7229890333533,744.6541512675532
223b9a2f-c13d-415d-961d-2f3561d94fa0,2022-07-02,12872,Delhi,9461.52,6661.97,0.8988,DEMAND_SPIKE,MEDIUM,0.8988,isolation_forest,Smooth,"Demand flagged by Isolation Forest (score=0.8988) without crossing Modified Z-Score threshold. Observed=9461.5, expected=6662.0, residual=+2799.5, Modified Z-Score=0.00.",Review inventory availability and prepare emergency replenishment. Verify promotions or seasonal factors.,0.0,0.0,2799.5487864949873,0.0
49da2e42-1a6c-4519-9a23-37b783296b5c,2022-07-02,12872,HR-NCR,5128.3,4480.01,0.6842,DEMAND_SPIKE,MEDIUM,0.6842,isolation_forest,Smooth,"Demand flagged by Isolation Forest (score=0.6842) without crossing Modified Z-Score threshold. Observed=5128.3, expected=4480.0, residual=+648.3, Modified Z-Score=0.00.",Review inventory availability and prepare emergency replenishment. Verify promotions or seasonal factors.,0.0,0.0,648.2919139943342,0.0
6e0405db-1bce-4d2b-a43a-411a2295762b,2022-07-02,19512,Delhi,9156.64,8117.58,0.815,DEMAND_SPIKE,MEDIUM,0.815,isolation_forest,Smooth,"Demand flagged by Isolation Forest (score=0.8150) without crossing Modified Z-Score threshold. Observed=9156.6, expected=8117.6, residual=+1039.1, Modified Z-Score=0.00.",Review inventory availability and prepare emergency replenishment. Verify promotions or seasonal factors.,0.0,0.0,1039.0633623662825,0.0
037ce2e6-b935-4233-a6e4-2ec8a586171a,2022-07-02,19512,HR-NCR,7299.06,6640.78,0.7424,DEMAND_SPIKE,MEDIUM,0.7424,isolation_forest,Smooth,"Demand flagged by Isolation Forest (score=0.7424) without crossing Modified Z-Score threshold. Observed=7299.1, expected=6640.8, residual=+658.3, Modified Z-Score=0.00.",Review inventory availability and prepare emergency replenishment. Verify promotions or seasonal factors.,0.0,0.0,658.2822473360411,0.0
863f98b7-f858-43cb-acb2-40e810630ed8,2022-07-02,37083,Bengaluru,3974.1,3875.99,0.6213,DEMAND_SPIKE,MEDIUM,0.6213,isolation_forest,Smooth,"Demand flagged by Isolation Forest (score=0.6213) without crossing Modified Z-Score threshold. Observed=3974.1, expected=3876.0, residual=+98.1, Modified Z-Score=0.00.",Review inventory availability and prepare emergency replenishment. Verify promotions or seasonal factors.,0.0,0.0,98.1055479643519,0.0
e1f1088a-6269-42a3-a6b6-dd329e6df35f,2022-07-02,3881,Delhi,3749.38,4720.84,0.7485,DEMAND_DROP,MEDIUM,0.7485,isolation_forest,Smooth,"Demand flagged by Isolation Forest (score=0.7485) without crossing Modified Z-Score threshold. Observed=3749.4, expected=4720.8, residual=-971.5, Modified Z-Score=0.00.","Check inventory, supply chain, and delivery status. Investigate potential listing or pricing issues.",0.0,0.0,-971.4628682903613,0.0
9c916f7d-9149-4c82-a6a1-eebfa8977a63,2022-07-02,3881,HR-NCR,5164.54,1953.17,0.858,DEMAND_SPIKE,MEDIUM,0.858,isolation_forest,Smooth,"Demand flagged by Isolation Forest (score=0.8580) without crossing Modified Z-Score threshold. Observed=5164.5, expected=1953.2, residual=+3211.4, Modified Z-Score=0.00.",Review inventory availability and prepare emergency replenishment. Verify promotions or seasonal factors.,0.0,0.0,3211.370449725367,0.0
bcbe41f7-dee3-4879-8890-56a21c301960,2022-07-02,3898,Delhi,4021.45,3929.94,0.6213,DEMAND_SPIKE,MEDIUM,0.6213,isolation_forest,Smooth,"Demand flagged by Isolation Forest (score=0.6213) without crossing Modified Z-Score threshold. Observed=4021.4, expected=3929.9, residual=+91.5, Modified Z-Score=0.00.",Review inventory availability and prepare emergency replenishment. Verify promotions or seasonal factors.,0.0,0.0,91.50855673258047,0.0
5ab5700f-6bdb-4f6b-8a11-ed92d9b6fb52,2022-07-02,391306,Bengaluru,4069.04,3227.67,0.6789,DEMAND_SPIKE,MEDIUM,0.6789,isolation_forest,Smooth,"Demand flagged by Isolation Forest (score=0.6789) without crossing Modified Z-Score threshold. Observed=4069.0, expected=3227.7, residual=+841.4, Modified Z-Score=0.00.",Review inventory availability and prepare emergency replenishment. Verify promotions or seasonal factors.,0.0,0.0,841.3727818747548,0.0
39203d8d-ee48-451e-9e59-e8762a17f3eb,2022-07-02,391306,Delhi,7946.96,5262.24,0.875,DEMAND_SPIKE,MEDIUM,0.875,isolation_forest,Smooth,"Demand flagged by Isolation Forest (score=0.8750) without crossing Modified Z-Score threshold. Observed=7947.0, expected=5262.2, residual=+2684.7, Modified Z-Score=0.00.",Review inventory availability and prepare emergency replenishment. Verify promotions or seasonal factors.,0.0,0.0,2684.7205411336417,0.0
57881041-14b9-4a05-8d0e-2ecd3b18d471,2022-07-02,391306,HR-NCR,4382.56,3637.09,0.6623,DEMAND_SPIKE,MEDIUM,0.6623,isolation_forest,Smooth,"Demand flagged by Isolation Forest (score=0.6623) without crossing Modified Z-Score threshold. Observed=4382.6, expected=3637.1, residual=+745.5, Modified Z-Score=0.00.",Review inventory availability and prepare emergency replenishment. Verify promotions or seasonal factors.,0.0,0.0,745.4736519907715,0.0
2b1ba695-a259-4409-8b01-3d16cbaaf709,2022-07-01,10088,Bengaluru,1480.5,0.48,0.6321,DEMAND_SPIKE,MEDIUM,0.6321,isolation_forest,Smooth,"Demand flagged by Isolation Forest (score=0.6321) without crossing Modified Z-Score threshold. Observed=1480.5, expected=0.5, residual=+1480.0, Modified Z-Score=0.00.",Review inventory availability and prepare emergency replenishment. Verify promotions or seasonal factors.,0.0,0.0,1480.0188644896834,0.0
7bfd9845-21a2-4b75-afd6-d85bae54f643,2022-07-01,10088,Delhi,2353.46,0.48,0.7385,DEMAND_SPIKE,MEDIUM,0.7385,isolation_forest,Smooth,"Demand flagged by Isolation Forest (score=0.7385) without crossing Modified Z-Score threshold. Observed=2353.5, expected=0.5, residual=+2353.0, Modified Z-Score=0.00.",Review inventory availability and prepare emergency replenishment. Verify promotions or seasonal factors.,0.0,0.0,2352.9788644896835,0.0
b0222b1a-e77d-484a-8c08-a8e578aebe9d,2022-07-01,10088,HR-NCR,1659.85,0.48,0.6723,DEMAND_SPIKE,MEDIUM,0.6723,isolation_forest,Smooth,"Demand flagged by Isolation Forest (score=0.6723) without crossing Modified Z-Score threshold. Observed=1659.8, expected=0.5, residual=+1659.4, Modified Z-Score=0.00.",Review inventory availability and prepare emergency replenishment. Verify promotions or seasonal factors.,0.0,0.0,1659.3688644896833,0.0
8ba0542a-e422-47e8-ab92-d482b1b4a97b,2022-07-01,12872,Delhi,6427.69,0.48,0.8966,DEMAND_SPIKE,MEDIUM,0.8966,isolation_forest,Smooth,"Demand flagged by Isolation Forest (score=0.8966) without crossing Modified Z-Score threshold. Observed=6427.7, expected=0.5, residual=+6427.2, Modified Z-Score=0.00.",Review inventory availability and prepare emergency replenishment. Verify promotions or seasonal factors.,0.0,0.0,6427.208864489683,0.0
db42bd5d-83ff-4c74-a9c4-d7e049dd80f5,2022-07-01,12872,HR-NCR,4843.7,0.48,0.8496,DEMAND_SPIKE,MEDIUM,0.8496,isolation_forest,Smooth,"Demand flagged by Isolation Forest (score=0.8496) without crossing Modified Z-Score threshold. Observed=4843.7, expected=0.5, residual=+4843.2, Modified Z-Score=0.00.",Review inventory availability and prepare emergency replenishment. Verify promotions or seasonal factors.,0.0,0.0,4843.218864489683,0.0
e68287f0-74ca-456f-b432-166a8837c8a1,2022-07-01,160704,Delhi,2981.75,0.48,0.7783,DEMAND_SPIKE,MEDIUM,0.7783,isolation_forest,Smooth,"Demand flagged by Isolation Forest (score=0.7783) without crossing Modified Z-Score threshold. Observed=2981.8, expected=0.5, residual=+2981.3, Modified Z-Score=0.00.",Review inventory availability and prepare emergency replenishment. Verify promotions or seasonal factors.,0.0,0.0,2981.2688644896834,0.0
34901f0a-6e37-478f-913c-da6fa5587071,2022-07-01,160704,HR-NCR,1607.37,0.48,0.6505,DEMAND_SPIKE,MEDIUM,0.6505,isolation_forest,Smooth,"Demand flagged by Isolation Forest (score=0.6505) without crossing Modified Z-Score threshold. Observed=1607.4, expected=0.5, residual=+1606.9, Modified Z-Score=0.00.",Review inventory availability and prepare emergency replenishment. Verify promotions or seasonal factors.,0.0,0.0,1606.8888644896833,0.0
0b7d75bd-7467-4cb6-8e98-9cd9aa568170,2022-07-01,192,Delhi,1397.49,0.48,0.6195,DEMAND_SPIKE,MEDIUM,0.6195,isolation_forest,Smooth,"Demand flagged by Isolation Forest (score=0.6195) without crossing Modified Z-Score threshold. Observed=1397.5, expected=0.5, residual=+1397.0, Modified Z-Score=0.00.",Review inventory availability and prepare emergency replenishment. Verify promotions or seasonal factors.,0.0,0.0,1397.0088644896834,0.0
e0b6f6b2-857c-4886-8ac2-140d83f5673a,2022-07-01,19512,Delhi,8391.15,0.48,0.913,DEMAND_SPIKE,MEDIUM,0.913,isolation_forest,Smooth,"Demand flagged by Isolation Forest (score=0.9130) without crossing Modified Z-Score threshold. Observed=8391.1, expected=0.5, residual=+8390.7, Modified Z-Score=0.00.",Review inventory availability and prepare emergency replenishment. Verify promotions or seasonal factors.,0.0,0.0,8390.668864489684,0.0
692865b2-d757-4214-a57a-5ac2a51aaed5,2022-07-01,19512,HR-NCR,7368.01,0.48,0.9053,DEMAND_SPIKE,MEDIUM,0.9053,isolation_forest,Smooth,"Demand flagged by Isolation Forest (score=0.9053) without crossing Modified Z-Score threshold. Observed=7368.0, expected=0.5, residual=+7367.5, Modified Z-Score=0.00.",Review inventory availability and prepare emergency replenishment. Verify promotions or seasonal factors.,0.0,0.0,7367.528864489684,0.0
01f64b0c-f9ba-4ded-b572-a4cba73bb8d2,2022-07-01,19512,Mumbai,2581.01,0.48,0.7414,DEMAND_SPIKE,MEDIUM,0.7414,isolation_forest,Smooth,"Demand flagged by Isolation Forest (score=0.7414) without crossing Modified Z-Score threshold. Observed=2581.0, expected=0.5, residual=+2580.5, Modified Z-Score=0.00.",Review inventory availability and prepare emergency replenishment. Verify promotions or seasonal factors.,0.0,0.0,2580.5288644896837,0.0
7559638f-aeca-4bd0-a687-5986ca949055,2022-07-01,19924,Delhi,1927.08,0.48,0.6952,DEMAND_SPIKE,MEDIUM,0.6952,isolation_forest,Smooth,"Demand flagged by Isolation Forest (score=0.6952) without crossing Modified Z-Score threshold. Observed=1927.1, expected=0.5, residual=+1926.6, Modified Z-Score=0.00.",Review inventory availability and prepare emergency replenishment. Verify promotions or seasonal factors.,0.0,0.0,1926.5988644896834,0.0
a9dbcd2c-fd4d-4c12-a6c8-950b0499487c,2022-07-01,19925,Delhi,3017.01,0.48,0.7813,DEMAND_SPIKE,MEDIUM,0.7813,isolation_forest,Smooth,"Demand flagged by Isolation Forest (score=0.7813) without crossing Modified Z-Score threshold. Observed=3017.0, expected=0.5, residual=+3016.5, Modified Z-Score=0.00.",Review inventory availability and prepare emergency replenishment. Verify promotions or seasonal factors.,0.0,0.0,3016.5288644896837,0.0
06cfa559-ea61-48d9-9b0b-5a836a5e1fb8,2022-07-01,23383,Bengaluru,1413.26,0.48,0.6204,DEMAND_SPIKE,MEDIUM,0.6204,isolation_forest,Smooth,"Demand flagged by Isolation Forest (score=0.6204) without crossing Modified Z-Score threshold. Observed=1413.3, expected=0.5, residual=+1412.8, Modified Z-Score=0.00.",Review inventory availability and prepare emergency replenishment. Verify promotions or seasonal factors.,0.0,0.0,1412.7788644896834,0.0
af9c3558-135b-45dc-a0a5-2ec86f985bc3,2022-07-01,237680,Bengaluru,1646.98,0.48,0.6616,DEMAND_SPIKE,MEDIUM,0.6616,isolation_forest,Smooth,"Demand flagged by Isolation Forest (score=0.6616) without crossing Modified Z-Score threshold. Observed=1647.0, expected=0.5, residual=+1646.5, Modified Z-Score=0.00.",Review inventory availability and prepare emergency replenishment. Verify promotions or seasonal factors.,0.0,0.0,1646.4988644896835,0.0
94d2bd76-b26a-4da1-8cd2-d3225ce631cd,2022-07-01,309921,Bengaluru,2985.23,0.48,0.7783,DEMAND_SPIKE,MEDIUM,0.7783,isolation_forest,Smooth,"Demand flagged by Isolation Forest (score=0.7783) without crossing Modified Z-Score threshold. Observed=2985.2, expected=0.5, residual=+2984.7, Modified Z-Score=0.00.",Review inventory availability and prepare emergency replenishment. Verify promotions or seasonal factors.,0.0,0.0,2984.7488644896835,0.0
c6a14d7e-b5e9-4249-bcaa-730d7be85e04,2022-07-01,329500,Delhi,1955.0,0.48,0.6942,DEMAND_SPIKE,MEDIUM,0.6942,isolation_forest,Smooth,"Demand flagged by Isolation Forest (score=0.6942) without crossing Modified Z-Score threshold. Observed=1955.0, expected=0.5, residual=+1954.5, Modified Z-Score=0.00.",Review inventory availability and prepare emergency replenishment. Verify promotions or seasonal factors.,0.0,0.0,1954.5188644896834,0.0
22bb8739-5d38-4e2e-9057-057361a18431,2022-07-01,339309,Delhi,1497.94,0.48,0.6385,DEMAND_SPIKE,MEDIUM,0.6385,isolation_forest,Smooth,"Demand flagged by Isolation Forest (score=0.6385) without crossing Modified Z-Score threshold. Observed=1497.9, expected=0.5, residual=+1497.5, Modified Z-Score=0.00.",Review inventory availability and prepare emergency replenishment. Verify promotions or seasonal factors.,0.0,0.0,1497.4588644896835,0.0
93338551-d621-4f9f-a6bc-b74f40230f38,2022-07-01,34778,Delhi,1785.72,0.48,0.6827,DEMAND_SPIKE,MEDIUM,0.6827,isolation_forest,Smooth,"Demand flagged by Isolation Forest (score=0.6827) without crossing Modified Z-Score threshold. Observed=1785.7, expected=0.5, residual=+1785.2, Modified Z-Score=0.00.",Review inventory availability and prepare emergency replenishment. Verify promotions or seasonal factors.,0.0,0.0,1785.2388644896835,0.0
d202f36c-73b5-4aeb-8df9-6819f249b8d0,2022-07-01,352443,Delhi,3446.99,0.48,0.8027,DEMAND_SPIKE,MEDIUM,0.8027,isolation_forest,Smooth,"Demand flagged by Isolation Forest (score=0.8027) without crossing Modified Z-Score threshold. Observed=3447.0, expected=0.5, residual=+3446.5, Modified Z-Score=0.00.",Review inventory availability and prepare emergency replenishment. Verify promotions or seasonal factors.,0.0,0.0,3446.508864489683,0.0
2fde2eaf-a9ed-4f98-a26f-5aa2d9ccd6be,2022-07-01,37083,Bengaluru,3707.23,0.48,0.813,DEMAND_SPIKE,MEDIUM,0.813,isolation_forest,Smooth,"Demand flagged by Isolation Forest (score=0.8130) without crossing Modified Z-Score threshold. Observed=3707.2, expected=0.5, residual=+3706.7, Modified Z-Score=0.00.",Review inventory availability and prepare emergency replenishment. Verify promotions or seasonal factors.,0.0,0.0,3706.7488644896835,0.0
b7e33d77-31e1-440c-9270-161f81a6e360,2022-07-01,3881,Delhi,5973.26,0.48,0.8794,DEMAND_SPIKE,MEDIUM,0.8794,isolation_forest,Smooth,"Demand flagged by Isolation Forest (score=0.8794) without crossing Modified Z-Score threshold. Observed=5973.3, expected=0.5, residual=+5972.8, Modified Z-Score=0.00.",Review inventory availability and prepare emergency replenishment. Verify promotions or seasonal factors.,0.0,0.0,5972.778864489684,0.0
0fbe0b13-45f6-476a-8c1d-fb65d8bdfcd3,2022-07-01,3881,HR-NCR,2793.22,0.48,0.7613,DEMAND_SPIKE,MEDIUM,0.7613,isolation_forest,Smooth,"Demand flagged by Isolation Forest (score=0.7613) without crossing Modified Z-Score threshold. Observed=2793.2, expected=0.5, residual=+2792.7, Modified Z-Score=0.00.",Review inventory availability and prepare emergency replenishment. Verify promotions or seasonal factors.,0.0,0.0,2792.7388644896832,0.0
dcebe301-23a3-4c68-891e-aee230d9df77,2022-07-01,3888,Delhi,1803.94,0.48,0.6855,DEMAND_SPIKE,MEDIUM,0.6855,isolation_forest,Smooth,"Demand flagged by Isolation Forest (score=0.6855) without crossing Modified Z-Score threshold. Observed=1803.9, expected=0.5, residual=+1803.5, Modified Z-Score=0.00.",Review inventory availability and prepare emergency replenishment. Verify promotions or seasonal factors.,0.0,0.0,1803.4588644896835,0.0
b88efaf4-77f1-4967-b819-ae3ba25b7d3b,2022-07-01,3888,HR-NCR,1562.34,0.48,0.6422,DEMAND_SPIKE,MEDIUM,0.6422,isolation_forest,Smooth,"Demand flagged by Isolation Forest (score=0.6422) without crossing Modified Z-Score threshold. Observed=1562.3, expected=0.5, residual=+1561.9, Modified Z-Score=0.00.",Review inventory availability and prepare emergency replenishment. Verify promotions or seasonal factors.,0.0,0.0,1561.8588644896834,0.0
69310ab9-b6f5-4265-8f8f-955746da2d1c,2022-07-01,3889,Bengaluru,3161.08,0.48,0.7986,DEMAND_SPIKE,MEDIUM,0.7986,isolation_forest,Smooth,"Demand flagged by Isolation Forest (score=0.7986) without crossing Modified Z-Score threshold. Observed=3161.1, expected=0.5, residual=+3160.6, Modified Z-Score=0.00.",Review inventory availability and prepare emergency replenishment. Verify promotions or seasonal factors.,0.0,0.0,3160.5988644896834,0.0
d250c892-4a10-4b4c-aa6b-d4d2c3acae50,2022-07-01,3898,Delhi,4129.89,0.48,0.8296,DEMAND_SPIKE,MEDIUM,0.8296,isolation_forest,Smooth,"Demand flagged by Isolation Forest (score=0.8296) without crossing Modified Z-Score threshold. Observed=4129.9, expected=0.5, residual=+4129.4, Modified Z-Score=0.00.",Review inventory availability and prepare emergency replenishment. Verify promotions or seasonal factors.,0.0,0.0,4129.408864489684,0.0
52059c68-b6cc-4823-8c30-a67f9c0da618,2022-07-01,3898,HR-NCR,2921.62,0.48,0.7693,DEMAND_SPIKE,MEDIUM,0.7693,isolation_forest,Smooth,"Demand flagged by Isolation Forest (score=0.7693) without crossing Modified Z-Score threshold. Observed=2921.6, expected=0.5, residual=+2921.1, Modified Z-Score=0.00.",Review inventory availability and prepare emergency replenishment. Verify promotions or seasonal factors.,0.0,0.0,2921.1388644896833,0.0
96bbef93-59cb-4669-b7be-028feb671166,2022-07-01,391305,Bengaluru,3012.42,0.48,0.7813,DEMAND_SPIKE,MEDIUM,0.7813,isolation_forest,Smooth,"Demand flagged by Isolation Forest (score=0.7813) without crossing Modified Z-Score threshold. Observed=3012.4, expected=0.5, residual=+3011.9, Modified Z-Score=0.00.",Review inventory availability and prepare emergency replenishment. Verify promotions or seasonal factors.,0.0,0.0,3011.9388644896835,0.0
76544dd7-d075-45ed-b44c-68788f77abcc,2022-07-01,391306,Bengaluru,4167.02,0.48,0.8296,DEMAND_SPIKE,MEDIUM,0.8296,isolation_forest,Smooth,"Demand flagged by Isolation Forest (score=0.8296) without crossing Modified Z-Score threshold. Observed=4167.0, expected=0.5, residual=+4166.5, Modified Z-Score=0.00.",Review inventory availability and prepare emergency replenishment. Verify promotions or seasonal factors.,0.0,0.0,4166.538864489684,0.0
6b867f9a-df37-484b-a238-ac0f15ad8fa1,2022-07-01,391306,Delhi,5323.09,0.48,0.8665,DEMAND_SPIKE,MEDIUM,0.8665,isolation_forest,Smooth,"Demand flagged by Isolation Forest (score=0.8665) without crossing Modified Z-Score threshold. Observed=5323.1, expected=0.5, residual=+5322.6, Modified Z-Score=0.00.",Review inventory availability and prepare emergency replenishment. Verify promotions or seasonal factors.,0.0,0.0,5322.608864489684,0.0
14d2c504-2dc6-4dbc-b9f9-23f298449612,2022-07-01,391306,HR-NCR,4128.27,0.48,0.8296,DEMAND_SPIKE,MEDIUM,0.8296,isolation_forest,Smooth,"Demand flagged by Isolation Forest (score=0.8296) without crossing Modified Z-Score threshold. Observed=4128.3, expected=0.5, residual=+4127.8, Modified Z-Score=0.00.",Review inventory availability and prepare emergency replenishment. Verify promotions or seasonal factors.,0.0,0.0,4127.788864489684,0.0
5a2043c5-12b5-4148-b8a5-5004d5893bb7,2022-07-01,400105,Delhi,2146.22,0.48,0.7181,DEMAND_SPIKE,MEDIUM,0.7181,isolation_forest,Smooth,"Demand flagged by Isolation Forest (score=0.7181) without crossing Modified Z-Score threshold. Observed=2146.2, expected=0.5, residual=+2145.7, Modified Z-Score=0.00.",Review inventory availability and prepare emergency replenishment. Verify promotions or seasonal factors.,0.0,0.0,2145.7388644896832,0.0
43c7b563-f1c0-4b76-ad2c-f60161dcf0db,2022-07-01,423735,Bengaluru,1816.57,0.48,0.6855,DEMAND_SPIKE,MEDIUM,0.6855,isolation_forest,Smooth,"Demand flagged by Isolation Forest (score=0.6855) without crossing Modified Z-Score threshold. Observed=1816.6, expected=0.5, residual=+1816.1, Modified Z-Score=0.00.",Review inventory availability and prepare emergency replenishment. Verify promotions or seasonal factors.,0.0,0.0,1816.0888644896834,0.0
0c32e2dd-a45e-4d11-ad5c-11e3a685c2cf,2022-07-01,423735,Delhi,1899.39,0.48,0.6914,DEMAND_SPIKE,MEDIUM,0.6914,isolation_forest,Smooth,"Demand flagged by Isolation Forest (score=0.6914) without crossing Modified Z-Score threshold. Observed=1899.4, expected=0.5, residual=+1898.9, Modified Z-Score=0.00.",Review inventory availability and prepare emergency replenishment. Verify promotions or seasonal factors.,0.0,0.0,1898.9088644896835,0.0
184ab275-c759-46e0-8386-878409168dc9,2022-07-01,423735,HR-NCR,1625.33,0.48,0.6579,DEMAND_SPIKE,MEDIUM,0.6579,isolation_forest,Smooth,"Demand flagged by Isolation Forest (score=0.6579) without crossing Modified Z-Score threshold. Observed=1625.3, expected=0.5, residual=+1624.8, Modified Z-Score=0.00.",Review inventory availability and prepare emergency replenishment. Verify promotions or seasonal factors.,0.0,0.0,1624.8488644896834,0.0
04195b5a-2a58-43be-bc37-5ebb65c34928,2022-07-01,445675,Bengaluru,3679.91,0.48,0.8109,DEMAND_SPIKE,MEDIUM,0.8109,isolation_forest,Smooth,"Demand flagged by Isolation Forest (score=0.8109) without crossing Modified Z-Score threshold. Observed=3679.9, expected=0.5, residual=+3679.4, Modified Z-Score=0.00.",Review inventory availability and prepare emergency replenishment. Verify promotions or seasonal factors.,0.0,0.0,3679.4288644896833,0.0
24803021-5fd4-4e76-ba5e-63d9c2f9616f,2022-07-01,445675,HR-NCR,2086.93,0.48,0.7045,DEMAND_SPIKE,MEDIUM,0.7045,isolation_forest,Smooth,"Demand flagged by Isolation Forest (score=0.7045) without crossing Modified Z-Score threshold. Observed=2086.9, expected=0.5, residual=+2086.4, Modified Z-Score=0.00.",Review inventory availability and prepare emergency replenishment. Verify promotions or seasonal factors.,0.0,0.0,2086.4488644896833,0.0
d678519e-5977-4689-8082-e66c541614ce,2022-07-01,470636,Delhi,1601.79,0.48,0.6505,DEMAND_SPIKE,MEDIUM,0.6505,isolation_forest,Smooth,"Demand flagged by Isolation Forest (score=0.6505) without crossing Modified Z-Score threshold. Observed=1601.8, expected=0.5, residual=+1601.3, Modified Z-Score=0.00.",Review inventory availability and prepare emergency replenishment. Verify promotions or seasonal factors.,0.0,0.0,1601.3088644896834,0.0
6c1c6e6f-8498-4718-8f87-b214027ff07f,2022-07-01,470636,HR-NCR,1756.45,0.48,0.678,DEMAND_SPIKE,MEDIUM,0.678,isolation_forest,Smooth,"Demand flagged by Isolation Forest (score=0.6780) without crossing Modified Z-Score threshold. Observed=1756.5, expected=0.5, residual=+1756.0, Modified Z-Score=0.00.",Review inventory availability and prepare emergency replenishment. Verify promotions or seasonal factors.,0.0,0.0,1755.9688644896835,0.0
66fa9720-ba00-469a-9918-8184bdd3574e,2022-07-01,52,Delhi,2626.95,0.48,0.7414,DEMAND_SPIKE,MEDIUM,0.7414,isolation_forest,Smooth,"Demand flagged by Isolation Forest (score=0.7414) without crossing Modified Z-Score threshold. Observed=2626.9, expected=0.5, residual=+2626.5, Modified Z-Score=0.00.",Review inventory availability and prepare emergency replenishment. Verify promotions or seasonal factors.,0.0,0.0,2626.4688644896833,0.0
2435a02d-6a6d-4803-a1a7-8195a7eb9c72,2022-07-01,86446,Delhi,1781.89,0.48,0.6827,DEMAND_SPIKE,MEDIUM,0.6827,isolation_forest,Smooth,"Demand flagged by Isolation Forest (score=0.6827) without crossing Modified Z-Score threshold. Observed=1781.9, expected=0.5, residual=+1781.4, Modified Z-Score=0.00.",Review inventory availability and prepare emergency replenishment. Verify promotions or seasonal factors.,0.0,0.0,1781.4088644896835,0.0
b7b4675c-fde8-4914-8360-85eac88af82d,2022-07-10,105,Delhi,2315.43,2384.67,0.6732,VOLATILITY_ANOMALY,LOW,0.6732,rolling_volatility_threshold,Smooth,Demand volatility flagged: 14-day rolling std of 674.49 is 2.1x the 95th-percentile baseline (322.03) for product 105 in Delhi.,Review recent order patterns and supply chain disruptions. Consider adjusting safety-stock buffers.,1.4562,1.4562,-69.23528020821004,674.4947271620769
6d2affa5-4665-4bed-9acc-cdac2f380287,2022-07-10,105,Delhi,2315.43,2384.67,0.6732,DEMAND_DROP,LOW,0.6732,isolation_forest,Smooth,"Demand flagged by Isolation Forest (score=0.6732) without crossing Modified Z-Score threshold. Observed=2315.4, expected=2384.7, residual=-69.2, Modified Z-Score=1.46.","Check inventory, supply chain, and delivery status. Investigate potential listing or pricing issues.",1.4562,1.4562,-69.23528020821004,674.4947271620769
988a8c6e-1fd4-4ea5-ac69-f7d2f5a2c5b2,2022-07-10,12872,Delhi,8265.18,5981.14,0.9724,VOLATILITY_ANOMALY,LOW,0.9724,rolling_volatility_threshold,Smooth,Demand volatility flagged: 14-day rolling std of 1144.36 is 3.6x the 95th-percentile baseline (322.03) for product 12872 in Delhi.,Review recent order patterns and supply chain disruptions. Consider adjusting safety-stock buffers.,1.2509,1.2509,2284.0369347366823,1144.3612314300062
d00f02c5-079a-4fe1-9143-9f8098d448c4,2022-07-10,17643,Delhi,715.55,497.3,1.0013,DEMAND_SPIKE,LOW,1.0,intermittent_percentile,Intermittent,Demand was flagged as unusual because the non-zero demand of 715.5 units exceeded the 99th percentile (714.6) of the intermittent-demand distribution for product 17643 in Delhi.,Review inventory availability and prepare emergency replenishment. Verify promotions or seasonal factors.,0.0,0.0,218.24758331975028,93.9939605033808
fa53d36d-126c-4c5f-ab54-8afd062a94e8,2022-07-10,19512,Delhi,10276.6,7309.3,0.9908,VOLATILITY_ANOMALY,LOW,0.9908,rolling_volatility_threshold,Smooth,Demand volatility flagged: 14-day rolling std of 1354.98 is 4.2x the 95th-percentile baseline (322.03) for product 19512 in Delhi.,Review recent order patterns and supply chain disruptions. Consider adjusting safety-stock buffers.,1.2686,1.2686,2967.2985187661316,1354.9834042843886
ec201769-698c-4400-a2af-846854bb9597,2022-07-10,201,Delhi,387.12,198.56,1.0009,DEMAND_SPIKE,LOW,1.0,intermittent_percentile,Intermittent,Demand was flagged as unusual because the non-zero demand of 387.1 units exceeded the 99th percentile (386.8) of the intermittent-demand distribution for product 201 in Delhi.,Review inventory availability and prepare emergency replenishment. Verify promotions or seasonal factors.,0.0,0.0,188.5649487739638,67.12488549545375
86e77603-0279-48d5-8ba9-428710005117,2022-07-10,221973,HR-NCR,303.35,140.07,1.0186,DEMAND_SPIKE,LOW,1.0,intermittent_percentile,Intermittent,Demand was flagged as unusual because the non-zero demand of 303.4 units exceeded the 99th percentile (297.8) of the intermittent-demand distribution for product 221973 in HR-NCR.,Review inventory availability and prepare emergency replenishment. Verify promotions or seasonal factors.,0.0,0.0,163.2803317674841,35.87083146513334
6ba4c980-ed22-4de2-9a23-a47bd808e51b,2022-07-10,283,Bengaluru,380.27,223.09,1.0113,DEMAND_SPIKE,LOW,1.0,intermittent_percentile,Intermittent,Demand was flagged as unusual because the non-zero demand of 380.3 units exceeded the 99th percentile (376.0) of the intermittent-demand distribution for product 283 in Bengaluru.,Review inventory availability and prepare emergency replenishment. Verify promotions or seasonal factors.,0.0,0.0,157.18150838050866,60.43156124447262
09f2373d-084a-41f6-acb2-465b198af62b,2022-07-10,285131,Delhi,691.4,18.68,1.0006,DEMAND_SPIKE,LOW,1.0,intermittent_percentile,Intermittent,Demand was flagged as unusual because the non-zero demand of 691.4 units exceeded the 99th percentile (691.0) of the intermittent-demand distribution for product 285131 in Delhi.,Review inventory availability and prepare emergency replenishment. Verify promotions or seasonal factors.,0.0,0.0,672.7213048396653,148.31644649195178
da82928d-8c57-49c6-b86f-51fe3bc91d83,2022-07-10,314,Delhi,1967.87,1888.99,0.6295,VOLATILITY_ANOMALY,LOW,0.6295,rolling_volatility_threshold,Smooth,Demand volatility flagged: 14-day rolling std of 613.31 is 1.9x the 95th-percentile baseline (322.03) for product 314 in Delhi.,Review recent order patterns and supply chain disruptions. Consider adjusting safety-stock buffers.,0.4784,0.4784,78.87758290464149,613.3055245507287
7c1edc56-ea8a-4126-8ec1-00ffe000f19d,2022-07-10,339153,Mumbai,220.54,10.07,1.0034,DEMAND_SPIKE,LOW,1.0,intermittent_percentile,Intermittent,Demand was flagged as unusual because the non-zero demand of 220.5 units exceeded the 99th percentile (219.8) of the intermittent-demand distribution for product 339153 in Mumbai.,Review inventory availability and prepare emergency replenishment. Verify promotions or seasonal factors.,0.0,0.0,210.46843693065702,50.63589901882305
413c7a00-3591-44cf-8868-b30b8c313a09,2022-07-10,341746,Delhi,704.0,217.16,1.0184,DEMAND_SPIKE,LOW,1.0,intermittent_percentile,Lumpy,Demand was flagged as unusual because the non-zero demand of 704.0 units exceeded the 99th percentile (691.3) of the intermittent-demand distribution for product 341746 in Delhi.,Review inventory availability and prepare emergency replenishment. Verify promotions or seasonal factors.,0.0,0.0,486.8431043124787,126.01482612287246
ae44a1a5-c626-455b-92f0-b717dd2b6a3e,2022-07-10,34778,Delhi,1447.48,1885.11,0.6355,VOLATILITY_ANOMALY,LOW,0.6355,rolling_volatility_threshold,Smooth,Demand volatility flagged: 14-day rolling std of 549.71 is 1.7x the 95th-percentile baseline (322.03) for product 34778 in Delhi.,Review recent order patterns and supply chain disruptions. Consider adjusting safety-stock buffers.,-0.4529,-0.4529,-437.6342734279781,549.7085827736365
04d863c5-3956-4ec9-98bc-6087771c93c3,2022-07-10,352443,Delhi,1683.31,1117.55,0.6462,VOLATILITY_ANOMALY,LOW,0.6462,rolling_volatility_threshold,Smooth,Demand volatility flagged: 14-day rolling std of 748.36 is 2.3x the 95th-percentile baseline (322.03) for product 352443 in Delhi.,Review recent order patterns and supply chain disruptions. Consider adjusting safety-stock buffers.,0.8063,0.8063,565.7641528379224,748.3623365222222
1b498689-2cf3-4936-b759-8055fa4e34bc,2022-07-10,368933,Delhi,448.46,0.0,1.0042,DEMAND_SPIKE,LOW,1.0,intermittent_percentile,Intermittent,Demand was flagged as unusual because the non-zero demand of 448.5 units exceeded the 99th percentile (446.6) of the intermittent-demand distribution for product 368933 in Delhi.,Review inventory availability and prepare emergency replenishment. Verify promotions or seasonal factors.,0.0,0.0,448.46,54.20043790823505
8b07182d-d509-48c6-a1d9-9e74d5fc34a1,2022-07-10,369752,Delhi,906.5,824.83,0.598,VOLATILITY_ANOMALY,LOW,0.598,rolling_volatility_threshold,Smooth,Demand volatility flagged: 14-day rolling std of 819.34 is 2.5x the 95th-percentile baseline (322.03) for product 369752 in Delhi.,Review recent order patterns and supply chain disruptions. Consider adjusting safety-stock buffers.,-2.0819,-2.0819,81.67074989087769,819.3395885118562
e4662803-31b3-4c8a-8fcc-0ef7918a8cc9,2022-07-10,388080,HR-NCR,430.6,76.25,1.0281,DEMAND_SPIKE,LOW,1.0,intermittent_percentile,Intermittent,Demand was flagged as unusual because the non-zero demand of 430.6 units exceeded the 99th percentile (418.8) of the intermittent-demand distribution for product 388080 in HR-NCR.,Review inventory availability and prepare emergency replenishment. Verify promotions or seasonal factors.,0.0,0.0,354.34501392601715,74.58799084154082
1b615139-c047-4225-9cd9-11e57d3a3179,2022-07-10,3881,Delhi,3141.04,3182.84,0.8248,VOLATILITY_ANOMALY,LOW,0.8248,rolling_volatility_threshold,Smooth,Demand volatility flagged: 14-day rolling std of 1771.88 is 5.5x the 95th-percentile baseline (322.03) for product 3881 in Delhi.,Review recent order patterns and supply chain disruptions. Consider adjusting safety-stock buffers.,-1.9376,-1.9376,-41.7968545703543,1771.8777541706988
a4aaaec0-4327-4ef1-bcff-1a73a24ecbd7,2022-07-10,3881,HR-NCR,4326.16,2700.32,0.8569,VOLATILITY_ANOMALY,LOW,0.8569,rolling_volatility_threshold,Smooth,Demand volatility flagged: 14-day rolling std of 814.10 is 2.5x the 95th-percentile baseline (322.03) for product 3881 in HR-NCR.,Review recent order patterns and supply chain disruptions. Consider adjusting safety-stock buffers.,2.19,2.19,1625.8380003223715,814.0952216895624
60bea578-ca60-471f-9dc3-d774f692a73f,2022-07-10,3881,Delhi,3141.04,3182.84,0.8248,RESIDUAL_ANOMALY,LOW,0.8248,isolation_forest,Smooth,"Demand flagged by Isolation Forest (score=0.8248) without crossing Modified Z-Score threshold. Observed=3141.0, expected=3182.8, residual=-41.8, Modified Z-Score=-1.94.",Investigate demand deviation against operational baseline. Check for data quality issues or one-off events.,-1.9376,-1.9376,-41.7968545703543,1771.8777541706988
0a6eb036-0883-41bc-a3a5-5cfa57e8133f,2022-07-10,3889,Delhi,870.82,47.34,0.7387,VOLATILITY_ANOMALY,LOW,0.7387,rolling_volatility_threshold,Smooth,Demand volatility flagged: 14-day rolling std of 1020.83 is 3.2x the 95th-percentile baseline (322.03) for product 3889 in Delhi.,Review recent order patterns and supply chain disruptions. Consider adjusting safety-stock buffers.,-2.7776,-2.7776,823.4822672734349,1020.8327231902939
7038c99b-d377-4708-ac69-60ebebea48a9,2022-07-10,3889,HR-NCR,1303.87,387.34,0.6738,VOLATILITY_ANOMALY,LOW,0.6738,rolling_volatility_threshold,Smooth,Demand volatility flagged: 14-day rolling std of 573.86 is 1.8x the 95th-percentile baseline (322.03) for product 3889 in HR-NCR.,Review recent order patterns and supply chain disruptions. Consider adjusting safety-stock buffers.,1.0457,1.0457,916.5308749737269,573.8584452197248
807f3d9b-5b63-41f0-add2-b16d556cd256,2022-07-10,389686,Delhi,314.79,190.53,1.0006,DEMAND_SPIKE,LOW,1.0,intermittent_percentile,Intermittent,Demand was flagged as unusual because the non-zero demand of 314.8 units exceeded the 99th percentile (314.6) of the intermittent-demand distribution for product 389686 in Delhi.,Review inventory availability and prepare emergency replenishment. Verify promotions or seasonal factors.,0.0,0.0,124.26279512936992,18.043769700370262
3209bca7-6f69-4128-99ed-c050f2471043,2022-07-10,391306,Delhi,7579.73,6278.65,0.9419,VOLATILITY_ANOMALY,LOW,0.9419,rolling_volatility_threshold,Smooth,Demand volatility flagged: 14-day rolling std of 1356.71 is 4.2x the 95th-percentile baseline (322.03) for product 391306 in Delhi.,Review recent order patterns and supply chain disruptions. Consider adjusting safety-stock buffers.,1.5162,1.5162,1301.0796685463993,1356.7141743514405
397e63ca-0f2e-4a46-a4b0-f58695ab3012,2022-07-10,391306,HR-NCR,5649.07,4074.99,0.8934,VOLATILITY_ANOMALY,LOW,0.8934,rolling_volatility_threshold,Smooth,Demand volatility flagged: 14-day rolling std of 861.46 is 2.7x the 95th-percentile baseline (322.03) for product 391306 in HR-NCR.,Review recent order patterns and supply chain disruptions. Consider adjusting safety-stock buffers.,2.4542,2.4542,1574.0807238862885,861.464188329962
c37a9e71-916b-41c5-a4c3-9dd8129a2ed9,2022-07-10,392399,Delhi,426.59,18.7,1.0095,DEMAND_SPIKE,LOW,1.0,intermittent_percentile,Intermittent,Demand was flagged as unusual because the non-zero demand of 426.6 units exceeded the 99th percentile (422.6) of the intermittent-demand distribution for product 392399 in Delhi.,Review inventory availability and prepare emergency replenishment. Verify promotions or seasonal factors.,0.0,0.0,407.89146716981406,98.3382908778558
0737206d-273d-45d2-80fa-1b8479d8fd35,2022-07-10,395336,HR-NCR,618.72,309.51,1.0005,DEMAND_SPIKE,LOW,1.0,intermittent_percentile,Lumpy,Demand was flagged as unusual because the non-zero demand of 618.7 units exceeded the 99th percentile (618.4) of the intermittent-demand distribution for product 395336 in HR-NCR.,Review inventory availability and prepare emergency replenishment. Verify promotions or seasonal factors.,0.0,0.0,309.2146033013081,99.77979051112727
98b36861-ac67-405b-8b87-98c545dd0075,2022-07-10,405587,Delhi,271.72,117.96,1.003,DEMAND_SPIKE,LOW,1.0,intermittent_percentile,Intermittent,Demand was flagged as unusual because the non-zero demand of 271.7 units exceeded the 99th percentile (270.9) of the intermittent-demand distribution for product 405587 in Delhi.,Review inventory availability and prepare emergency replenishment. Verify promotions or seasonal factors.,0.0,0.0,153.75786531981663,51.077598753704585
6172a42c-507f-408f-8f66-45900ab4085c,2022-07-10,405595,Delhi,380.06,88.88,1.0136,DEMAND_SPIKE,LOW,1.0,intermittent_percentile,Lumpy,Demand was flagged as unusual because the non-zero demand of 380.1 units exceeded the 99th percentile (375.0) of the intermittent-demand distribution for product 405595 in Delhi.,Review inventory availability and prepare emergency replenishment. Verify promotions or seasonal factors.,0.0,0.0,291.18207944102653,15.969344677989904
8d1506d1-75fd-4864-aa05-293ef93ebbb3,2022-07-10,410950,Bengaluru,325.07,41.75,1.028,DEMAND_SPIKE,LOW,1.0,intermittent_percentile,Intermittent,Demand was flagged as unusual because the non-zero demand of 325.1 units exceeded the 99th percentile (316.2) of the intermittent-demand distribution for product 410950 in Bengaluru.,Review inventory availability and prepare emergency replenishment. Verify promotions or seasonal factors.,0.0,0.0,283.32138190180103,40.54838800056599
d3337f4d-0348-4c1d-8af2-ac516a495ac5,2022-07-10,421687,Delhi,313.78,2.52,1.0076,DEMAND_SPIKE,LOW,1.0,intermittent_percentile,Intermittent,Demand was flagged as unusual because the non-zero demand of 313.8 units exceeded the 99th percentile (311.4) of the intermittent-demand distribution for product 421687 in Delhi.,Review inventory availability and prepare emergency replenishment. Verify promotions or seasonal factors.,0.0,0.0,311.2587930065567,36.81689218280109
e724eac7-74a1-4362-bc49-0b1919820d8a,2022-07-10,445396,HR-NCR,884.34,317.73,1.0008,DEMAND_SPIKE,LOW,1.0,intermittent_percentile,Lumpy,Demand was flagged as unusual because the non-zero demand of 884.3 units exceeded the 99th percentile (883.6) of the intermittent-demand distribution for product 445396 in HR-NCR.,Review inventory availability and prepare emergency replenishment. Verify promotions or seasonal factors.,0.0,0.0,566.6054096989126,141.26212441572736
74bf6a2b-e428-4a4c-be21-60288ba0d54c,2022-07-10,445675,Bengaluru,3301.88,2711.37,0.7935,VOLATILITY_ANOMALY,LOW,0.7935,rolling_volatility_threshold,Smooth,Demand volatility flagged: 14-day rolling std of 1061.77 is 3.3x the 95th-percentile baseline (322.03) for product 445675 in Bengaluru.,Review recent order patterns and supply chain disruptions. Consider adjusting safety-stock buffers.,0.2665,0.2665,590.5107634355991,1061.7674952853117
5cf9713a-71e3-438a-a6a3-cb1c611f6abf,2022-07-10,445675,HR-NCR,1528.23,1797.44,0.5975,VOLATILITY_ANOMALY,LOW,0.5975,rolling_volatility_threshold,Smooth,Demand volatility flagged: 14-day rolling std of 520.37 is 1.6x the 95th-percentile baseline (322.03) for product 445675 in HR-NCR.,Review recent order patterns and supply chain disruptions. Consider adjusting safety-stock buffers.,-1.3471,-1.3471,-269.2064699040095,520.3666028654969
3ccc4c63-34da-4276-af68-4f75c7ababf0,2022-07-10,468137,Bengaluru,248.15,3.02,1.0244,DEMAND_SPIKE,LOW,1.0,intermittent_percentile,Lumpy,Demand was flagged as unusual because the non-zero demand of 248.2 units exceeded the 99th percentile (242.2) of the intermittent-demand distribution for product 468137 in Bengaluru.,Review inventory availability and prepare emergency replenishment. Verify promotions or seasonal factors.,0.0,0.0,245.13342941949264,31.03171401969283
065ec547-b25e-4388-8258-23bd766533f5,2022-07-10,469737,Delhi,313.85,131.37,1.0135,DEMAND_SPIKE,LOW,1.0,intermittent_percentile,Intermittent,Demand was flagged as unusual because the non-zero demand of 313.9 units exceeded the 99th percentile (309.7) of the intermittent-demand distribution for product 469737 in Delhi.,Review inventory availability and prepare emergency replenishment. Verify promotions or seasonal factors.,0.0,0.0,182.48083077161868,60.62227377604521
e13bd1b5-a3b5-4622-b9c7-ffca77fb2108,2022-07-10,475461,Delhi,225.45,14.1,1.0142,DEMAND_SPIKE,LOW,1.0,intermittent_percentile,Intermittent,Demand was flagged as unusual because the non-zero demand of 225.4 units exceeded the 99th percentile (222.3) of the intermittent-demand distribution for product 475461 in Delhi.,Review inventory availability and prepare emergency replenishment. Verify promotions or seasonal factors.,0.0,0.0,211.34838644971305,31.522633138746514
bdd265b0-0788-49e3-9183-7643cfd687c4,2022-07-10,475802,Delhi,1589.03,99.1,1.0193,DEMAND_SPIKE,LOW,1.0,intermittent_percentile,Intermittent,Demand was flagged as unusual because the non-zero demand of 1589.0 units exceeded the 99th percentile (1558.9) of the intermittent-demand distribution for product 475802 in Delhi.,Review inventory availability and prepare emergency replenishment. Verify promotions or seasonal factors.,0.0,0.0,1489.932948843196,359.6074363107638
429e28d6-7e0b-4960-951f-5a07d8e9f9fd,2022-07-10,477788,HR-NCR,280.89,109.49,1.0127,DEMAND_SPIKE,LOW,1.0,intermittent_percentile,Lumpy,Demand was flagged as unusual because the non-zero demand of 280.9 units exceeded the 99th percentile (277.4) of the intermittent-demand distribution for product 477788 in HR-NCR.,Review inventory availability and prepare emergency replenishment. Verify promotions or seasonal factors.,0.0,0.0,171.39895112196848,29.40266475074061
7633243e-136b-4b10-ae3b-729775c43b64,2022-07-10,478703,Bengaluru,396.46,161.29,1.0096,DEMAND_SPIKE,LOW,1.0,intermittent_percentile,Intermittent,Demand was flagged as unusual because the non-zero demand of 396.5 units exceeded the 99th percentile (392.7) of the intermittent-demand distribution for product 478703 in Bengaluru.,Review inventory availability and prepare emergency replenishment. Verify promotions or seasonal factors.,0.0,0.0,235.17391368468034,28.28477068632125
04f8ee2d-1fc3-4f35-a962-30b7383686e2,2022-07-10,480595,Bengaluru,302.79,92.79,1.0144,DEMAND_SPIKE,LOW,1.0,intermittent_percentile,Intermittent,Demand was flagged as unusual because the non-zero demand of 302.8 units exceeded the 99th percentile (298.5) of the intermittent-demand distribution for product 480595 in Bengaluru.,Review inventory availability and prepare emergency replenishment. Verify promotions or seasonal factors.,0.0,0.0,209.99842176991146,25.273756645975684
2353cbb1-6c72-4b88-85dc-add0cfa30705,2022-07-10,480925,Delhi,1244.6,148.98,1.0285,DEMAND_SPIKE,LOW,1.0,intermittent_percentile,Lumpy,Demand was flagged as unusual because the non-zero demand of 1244.6 units exceeded the 99th percentile (1210.2) of the intermittent-demand distribution for product 480925 in Delhi.,Review inventory availability and prepare emergency replenishment. Verify promotions or seasonal factors.,0.0,0.0,1095.6182485380864,192.69088030516073
68a42e3f-a7b2-4492-8f46-5a047f546e46,2022-07-10,482755,Delhi,292.47,107.24,1.0208,DEMAND_SPIKE,LOW,1.0,intermittent_percentile,Lumpy,Demand was flagged as unusual because the non-zero demand of 292.5 units exceeded the 99th percentile (286.5) of the intermittent-demand distribution for product 482755 in Delhi.,Review inventory availability and prepare emergency replenishment. Verify promotions or seasonal factors.,0.0,0.0,185.23391509606614,41.98328281722514
fc5a8346-34b1-4628-af52-0bb1b9697fed,2022-07-10,483032,Delhi,245.2,129.2,1.0115,DEMAND_SPIKE,LOW,1.0,intermittent_percentile,Intermittent,Demand was flagged as unusual because the non-zero demand of 245.2 units exceeded the 99th percentile (242.4) of the intermittent-demand distribution for product 483032 in Delhi.,Review inventory availability and prepare emergency replenishment. Verify promotions or seasonal factors.,0.0,0.0,115.99784034935053,27.280547760466824
9871114f-7400-4775-8f78-5f9dbff8c248,2022-07-10,483224,Delhi,372.18,7.26,1.0282,DEMAND_SPIKE,LOW,1.0,intermittent_percentile,Intermittent,Demand was flagged as unusual because the non-zero demand of 372.2 units exceeded the 99th percentile (362.0) of the intermittent-demand distribution for product 483224 in Delhi.,Review inventory availability and prepare emergency replenishment. Verify promotions or seasonal factors.,0.0,0.0,364.9162109321991,76.45111157537941
cdc24341-02cf-4581-a554-dd75b4ba99ed,2022-07-10,483694,Delhi,832.98,0.0,1.0063,DEMAND_SPIKE,LOW,1.0,intermittent_percentile,Intermittent,Demand was flagged as unusual because the non-zero demand of 833.0 units exceeded the 99th percentile (827.8) of the intermittent-demand distribution for product 483694 in Delhi.,Review inventory availability and prepare emergency replenishment. Verify promotions or seasonal factors.,0.0,0.0,832.98,162.9908064892005
a9fb868c-fc6a-49c9-b110-8ea6f1614393,2022-07-10,484056,Delhi,421.12,56.13,1.0214,DEMAND_SPIKE,LOW,1.0,intermittent_percentile,Intermittent,Demand was flagged as unusual because the non-zero demand of 421.1 units exceeded the 99th percentile (412.3) of the intermittent-demand distribution for product 484056 in Delhi.,Review inventory availability and prepare emergency replenishment. Verify promotions or seasonal factors.,0.0,0.0,364.98726518246,43.95634703253269
6cc8aec6-c4ee-4121-bee4-fcb1ae88bb11,2022-07-10,484067,Delhi,558.79,63.64,1.0031,DEMAND_SPIKE,LOW,1.0,intermittent_percentile,Intermittent,Demand was flagged as unusual because the non-zero demand of 558.8 units exceeded the 99th percentile (557.1) of the intermittent-demand distribution for product 484067 in Delhi.,Review inventory availability and prepare emergency replenishment. Verify promotions or seasonal factors.,0.0,0.0,495.14782653857776,131.4437062015523
e5ba2b6e-d41c-4893-9ccc-e0b5548add8b,2022-07-10,485160,Delhi,182.33,0.0,1.0044,DEMAND_SPIKE,LOW,1.0,intermittent_percentile,Intermittent,Demand was flagged as unusual because the non-zero demand of 182.3 units exceeded the 99th percentile (181.5) of the intermittent-demand distribution for product 485160 in Delhi.,Review inventory availability and prepare emergency replenishment. Verify promotions or seasonal factors.,0.0,0.0,182.33,22.62268336819878
4f32471b-94d9-40e4-84fa-db31f457361b,2022-07-10,486016,Delhi,1216.62,0.0,1.0559,DEMAND_SPIKE,LOW,1.0,intermittent_percentile,Intermittent,Demand was flagged as unusual because the non-zero demand of 1216.6 units exceeded the 99th percentile (1152.2) of the intermittent-demand distribution for product 486016 in Delhi.,Review inventory availability and prepare emergency replenishment. Verify promotions or seasonal factors.,0.0,0.0,1216.62,191.57456734331356
e102180c-ab94-47c2-9652-922574207369,2022-07-10,486339,Bengaluru,391.97,2.93,1.0072,DEMAND_SPIKE,LOW,1.0,intermittent_percentile,Intermittent,Demand was flagged as unusual because the non-zero demand of 392.0 units exceeded the 99th percentile (389.1) of the intermittent-demand distribution for product 486339 in Bengaluru.,Review inventory availability and prepare emergency replenishment. Verify promotions or seasonal factors.,0.0,0.0,389.0390378553306,100.99073026768347
3d9f2c88-6535-4435-99d2-6b84997fac1b,2022-07-10,486377,HR-NCR,235.22,0.0,1.0027,DEMAND_SPIKE,LOW,1.0,intermittent_percentile,Intermittent,Demand was flagged as unusual because the non-zero demand of 235.2 units exceeded the 99th percentile (234.6) of the intermittent-demand distribution for product 486377 in HR-NCR.,Review inventory availability and prepare emergency replenishment. Verify promotions or seasonal factors.,0.0,0.0,235.22,28.574783366535677
c7516b98-97cb-400a-9412-f45ddac5414d,2022-07-10,487712,Delhi,944.06,0.0,1.0158,DEMAND_SPIKE,LOW,1.0,intermittent_percentile,Intermittent,Demand was flagged as unusual because the non-zero demand of 944.1 units exceeded the 99th percentile (929.4) of the intermittent-demand distribution for product 487712 in Delhi.,Review inventory availability and prepare emergency replenishment. Verify promotions or seasonal factors.,0.0,0.0,944.06,150.07641959829812
f99ff7fa-a311-456d-abb4-6d75f1db983d,2022-07-10,488115,Delhi,313.32,0.0,1.0027,DEMAND_SPIKE,LOW,1.0,intermittent_percentile,Intermittent,Demand was flagged as unusual because the non-zero demand of 313.3 units exceeded the 99th percentile (312.5) of the intermittent-demand distribution for product 488115 in Delhi.,Review inventory availability and prepare emergency replenishment. Verify promotions or seasonal factors.,0.0,0.0,313.32,52.543666945799586
0c3545ba-fbb7-4cab-a665-487826131208,2022-07-10,52,Delhi,2994.84,2703.52,0.6939,VOLATILITY_ANOMALY,LOW,0.6939,rolling_volatility_threshold,Smooth,Demand volatility flagged: 14-day rolling std of 646.48 is 2.0x the 95th-percentile baseline (322.03) for product 52 in Delhi.,Review recent order patterns and supply chain disruptions. Consider adjusting safety-stock buffers.,2.6434,2.6434,291.31659435271513,646.4759040946537
c15179d3-c3c9-481f-9d4b-4551781cf068,2022-07-09,105,Delhi,1904.31,1806.79,0.6398,VOLATILITY_ANOMALY,LOW,0.6398,rolling_volatility_threshold,Smooth,Demand volatility flagged: 14-day rolling std of 720.12 is 2.2x the 95th-percentile baseline (322.03) for product 105 in Delhi.,Review recent order patterns and supply chain disruptions. Consider adjusting safety-stock buffers.,0.2293,0.2293,97.5152761787615,720.1177892130366
3f8ded41-62c3-488b-b579-8e1030939fd3,2022-07-09,12872,Delhi,6491.51,6094.14,0.8837,VOLATILITY_ANOMALY,LOW,0.8837,rolling_volatility_threshold,Smooth,Demand volatility flagged: 14-day rolling std of 1190.98 is 3.7x the 95th-percentile baseline (322.03) for product 12872 in Delhi.,Review recent order patterns and supply chain disruptions. Consider adjusting safety-stock buffers.,-0.6158,-0.6158,397.36867719767633,1190.9750683218715
541ce070-2bd0-4943-b166-9325d430d006,2022-07-09,15907,Delhi,856.85,1756.92,0.6879,VOLATILITY_ANOMALY,LOW,0.6879,rolling_volatility_threshold,Smooth,Demand volatility flagged: 14-day rolling std of 534.01 is 1.7x the 95th-percentile baseline (322.03) for product 15907 in Delhi.,Review recent order patterns and supply chain disruptions. Consider adjusting safety-stock buffers.,-2.4927,-2.4927,-900.0726242665211,534.0144137634702
7dff9013-ec65-4b43-a151-46d4b1a3ee2d,2022-07-09,17643,HR-NCR,571.01,347.23,1.0105,DEMAND_SPIKE,LOW,1.0,intermittent_percentile,Intermittent,Demand was flagged as unusual because the non-zero demand of 571.0 units exceeded the 99th percentile (565.1) of the intermittent-demand distribution for product 17643 in HR-NCR.,Review inventory availability and prepare emergency replenishment. Verify promotions or seasonal factors.,0.0,0.0,223.78085614711728,57.185588578517134
c9e000a6-45fe-43be-a52c-7fa2b84da5f4,2022-07-09,192,HR-NCR,697.49,978.69,0.5767,VOLATILITY_ANOMALY,LOW,0.5767,rolling_volatility_threshold,Smooth,Demand volatility flagged: 14-day rolling std of 570.46 is 1.8x the 95th-percentile baseline (322.03) for product 192 in HR-NCR.,Review recent order patterns and supply chain disruptions. Consider adjusting safety-stock buffers.,-2.2913,-2.2913,-281.1974438790128,570.4557390602585
29f14163-55fb-4954-b971-ea4fa699fe9d,2022-07-09,19512,Delhi,10195.57,7082.91,1.0,VOLATILITY_ANOMALY,LOW,1.0,rolling_volatility_threshold,Smooth,Demand volatility flagged: 14-day rolling std of 1381.34 is 4.3x the 95th-percentile baseline (322.03) for product 19512 in Delhi.,Review recent order patterns and supply chain disruptions. Consider adjusting safety-stock buffers.,1.3261,1.3261,3112.663748652846,1381.3431295915013
90655ce7-e999-4138-b888-04c4feb84cd1,2022-07-09,265382,Delhi,457.68,140.32,1.0251,DEMAND_SPIKE,LOW,1.0,intermittent_percentile,Lumpy,Demand was flagged as unusual because the non-zero demand of 457.7 units exceeded the 99th percentile (446.5) of the intermittent-demand distribution for product 265382 in Delhi.,Review inventory availability and prepare emergency replenishment. Verify promotions or seasonal factors.,0.0,0.0,317.3559227858715,87.2474248494312
ea0ff8f6-3492-4829-b40e-a5b49a11004b,2022-07-09,287644,Bengaluru,319.28,134.49,1.0002,DEMAND_SPIKE,LOW,1.0,intermittent_percentile,Intermittent,Demand was flagged as unusual because the non-zero demand of 319.3 units exceeded the 99th percentile (319.2) of the intermittent-demand distribution for product 287644 in Bengaluru.,Review inventory availability and prepare emergency replenishment. Verify promotions or seasonal factors.,0.0,0.0,184.79442615316756,112.95862023641351
cd464291-2372-4f5e-8d89-c8240650e998,2022-07-09,329500,HR-NCR,862.9,1328.82,0.676,VOLATILITY_ANOMALY,LOW,0.676,rolling_volatility_threshold,Smooth,Demand volatility flagged: 14-day rolling std of 780.85 is 2.4x the 95th-percentile baseline (322.03) for product 329500 in HR-NCR.,Review recent order patterns and supply chain disruptions. Consider adjusting safety-stock buffers.,-1.447,-1.447,-465.91920984415253,780.8508819859361
69540415-085e-4ba3-a219-efa2494a476c,2022-07-09,333785,HR-NCR,3673.43,2471.83,1.0018,DEMAND_SPIKE,LOW,1.0,intermittent_percentile,Intermittent,Demand was flagged as unusual because the non-zero demand of 3673.4 units exceeded the 99th percentile (3666.8) of the intermittent-demand distribution for product 333785 in HR-NCR.,Review inventory availability and prepare emergency replenishment. Verify promotions or seasonal factors.,0.0,0.0,1201.6047257921596,259.90159181271997
f66fc72a-1cf4-47dd-9f38-e71f03ab9919,2022-07-09,352443,Delhi,1459.05,1085.84,0.6203,VOLATILITY_ANOMALY,LOW,0.6203,rolling_volatility_threshold,Smooth,Demand volatility flagged: 14-day rolling std of 797.70 is 2.5x the 95th-percentile baseline (322.03) for product 352443 in Delhi.,Review recent order patterns and supply chain disruptions. Consider adjusting safety-stock buffers.,-0.2588,-0.2588,373.21037762608216,797.7037868861472
0cfd42df-345e-45b1-b943-f2154f7ed928,2022-07-09,353470,Delhi,396.98,128.56,1.0102,DEMAND_SPIKE,LOW,1.0,intermittent_percentile,Intermittent,Demand was flagged as unusual because the non-zero demand of 397.0 units exceeded the 99th percentile (393.0) of the intermittent-demand distribution for product 353470 in Delhi.,Review inventory availability and prepare emergency replenishment. Verify promotions or seasonal factors.,0.0,0.0,268.4206253495321,99.07244159668507
52d4b936-2303-4b90-8200-d9cc2bd21437,2022-07-09,357316,HR-NCR,414.57,31.46,1.009,DEMAND_SPIKE,LOW,1.0,intermittent_percentile,Intermittent,Demand was flagged as unusual because the non-zero demand of 414.6 units exceeded the 99th percentile (410.9) of the intermittent-demand distribution for product 357316 in HR-NCR.,Review inventory availability and prepare emergency replenishment. Verify promotions or seasonal factors.,0.0,0.0,383.1079368325685,70.17100671879072
6453bbef-7984-43c5-a0b6-bf7b1225f433,2022-07-09,360216,Delhi,288.0,175.39,1.0022,DEMAND_SPIKE,LOW,1.0,intermittent_percentile,Lumpy,Demand was flagged as unusual because the non-zero demand of 288.0 units exceeded the 99th percentile (287.4) of the intermittent-demand distribution for product 360216 in Delhi.,Review inventory availability and prepare emergency replenishment. Verify promotions or seasonal factors.,0.0,0.0,112.61190801737973,33.32615703703539
62268491-b8de-4037-910c-ee2b5377ec43,2022-07-09,365534,Delhi,477.79,23.87,1.0038,DEMAND_SPIKE,LOW,1.0,intermittent_percentile,Intermittent,Demand was flagged as unusual because the non-zero demand of 477.8 units exceeded the 99th percentile (476.0) of the intermittent-demand distribution for product 365534 in Delhi.,Review inventory availability and prepare emergency replenishment. Verify promotions or seasonal factors.,0.0,0.0,453.92100450786387,155.07778268961857
a348a700-34d0-44ad-82ac-245d02f8bd18,2022-07-09,365534,HR-NCR,611.44,16.75,1.0392,DEMAND_SPIKE,LOW,1.0,intermittent_percentile,Intermittent,Demand was flagged as unusual because the non-zero demand of 611.4 units exceeded the 99th percentile (588.4) of the intermittent-demand distribution for product 365534 in HR-NCR.,Review inventory availability and prepare emergency replenishment. Verify promotions or seasonal factors.,0.0,0.0,594.6911959569059,105.02658295301106
ce598e01-c1e3-4958-87d3-7dd097007afc,2022-07-09,366654,HR-NCR,236.37,16.12,1.0081,DEMAND_SPIKE,LOW,1.0,intermittent_percentile,Intermittent,Demand was flagged as unusual because the non-zero demand of 236.4 units exceeded the 99th percentile (234.5) of the intermittent-demand distribution for product 366654 in HR-NCR.,Review inventory availability and prepare emergency replenishment. Verify promotions or seasonal factors.,0.0,0.0,220.25465778817926,50.900791110888306
838f9a0a-969c-4c5c-bd63-a5d46446ae95,2022-07-09,374079,Delhi,1291.99,680.2,1.0058,DEMAND_SPIKE,LOW,1.0,intermittent_percentile,Lumpy,Demand was flagged as unusual because the non-zero demand of 1292.0 units exceeded the 99th percentile (1284.5) of the intermittent-demand distribution for product 374079 in Delhi.,Review inventory availability and prepare emergency replenishment. Verify promotions or seasonal factors.,0.0,0.0,611.7909668697034,177.8363859553012
eb9c2f73-34b3-4123-8c7e-ca9c03bb6e98,2022-07-09,3881,HR-NCR,3265.82,3577.29,0.8027,VOLATILITY_ANOMALY,LOW,0.8027,rolling_volatility_threshold,Smooth,Demand volatility flagged: 14-day rolling std of 869.50 is 2.7x the 95th-percentile baseline (322.03) for product 3881 in HR-NCR.,Review recent order patterns and supply chain disruptions. Consider adjusting safety-stock buffers.,0.009,0.009,-311.4730648543641,869.5012443595795
4fe33455-fb84-4a07-9767-614a3d27aded,2022-07-09,391306,Delhi,8117.62,5362.71,0.9793,VOLATILITY_ANOMALY,LOW,0.9793,rolling_volatility_threshold,Smooth,Demand volatility flagged: 14-day rolling std of 1308.21 is 4.1x the 95th-percentile baseline (322.03) for product 391306 in Delhi.,Review recent order patterns and supply chain disruptions. Consider adjusting safety-stock buffers.,2.2122,2.2122,2754.9096717052507,1308.208331355058
18da2075-04a0-446e-a270-099c85b87457,2022-07-09,391306,HR-NCR,5806.05,4426.77,0.8794,VOLATILITY_ANOMALY,LOW,0.8794,rolling_volatility_threshold,Smooth,Demand volatility flagged: 14-day rolling std of 727.29 is 2.3x the 95th-percentile baseline (322.03) for product 391306 in HR-NCR.,Review recent order patterns and supply chain disruptions. Consider adjusting safety-stock buffers.,2.7255,2.7255,1379.2836138247358,727.2932545391951
12e3f02e-683a-4f52-b620-a3b2aea5316f,2022-07-09,392375,Delhi,259.55,51.02,1.0046,DEMAND_SPIKE,LOW,1.0,intermittent_percentile,Intermittent,Demand was flagged as unusual because the non-zero demand of 259.6 units exceeded the 99th percentile (258.4) of the intermittent-demand distribution for product 392375 in Delhi.,Review inventory availability and prepare emergency replenishment. Verify promotions or seasonal factors.,0.0,0.0,208.52845147502714,30.780979255517064
f6670dc8-4703-4633-b798-8e2c1cc6a950,2022-07-09,394617,Delhi,781.48,449.02,1.0081,DEMAND_SPIKE,LOW,1.0,intermittent_percentile,Lumpy,Demand was flagged as unusual because the non-zero demand of 781.5 units exceeded the 99th percentile (775.2) of the intermittent-demand distribution for product 394617 in Delhi.,Review inventory availability and prepare emergency replenishment. Verify promotions or seasonal factors.,0.0,0.0,332.4615801717465,76.00478724349259
05c42e6b-06e7-4550-8aa6-0220a2331dd7,2022-07-09,394617,HR-NCR,324.83,208.09,1.0085,DEMAND_SPIKE,LOW,1.0,intermittent_percentile,Lumpy,Demand was flagged as unusual because the non-zero demand of 324.8 units exceeded the 99th percentile (322.1) of the intermittent-demand distribution for product 394617 in HR-NCR.,Review inventory availability and prepare emergency replenishment. Verify promotions or seasonal factors.,0.0,0.0,116.74441047947903,34.39091314784848
1cd1297d-78bc-4fed-a4c4-6ad8fff7b432,2022-07-09,403077,Delhi,312.13,56.92,1.0335,DEMAND_SPIKE,LOW,1.0,intermittent_percentile,Lumpy,Demand was flagged as unusual because the non-zero demand of 312.1 units exceeded the 99th percentile (302.0) of the intermittent-demand distribution for product 403077 in Delhi.,Review inventory availability and prepare emergency replenishment. Verify promotions or seasonal factors.,0.0,0.0,255.20776099510846,33.6482768609967
3115d229-d3df-45e5-a0be-338b4a77730a,2022-07-09,421687,HR-NCR,323.38,2.21,1.0091,DEMAND_SPIKE,LOW,1.0,intermittent_percentile,Intermittent,Demand was flagged as unusual because the non-zero demand of 323.4 units exceeded the 99th percentile (320.5) of the intermittent-demand distribution for product 421687 in HR-NCR.,Review inventory availability and prepare emergency replenishment. Verify promotions or seasonal factors.,0.0,0.0,321.17484260777024,51.211763366856026
c3323798-5ad1-4efb-a439-b3392a572633,2022-07-09,428608,Delhi,220.68,151.31,1.0017,DEMAND_SPIKE,LOW,1.0,intermittent_percentile,Intermittent,Demand was flagged as unusual because the non-zero demand of 220.7 units exceeded the 99th percentile (220.3) of the intermittent-demand distribution for product 428608 in Delhi.,Review inventory availability and prepare emergency replenishment. Verify promotions or seasonal factors.,0.0,0.0,69.3738061077847,24.927207596749138
87d49704-a54d-4f6f-b756-20d4a129b8a6,2022-07-09,428741,Delhi,331.39,200.06,1.0007,DEMAND_SPIKE,LOW,1.0,intermittent_percentile,Lumpy,Demand was flagged as unusual because the non-zero demand of 331.4 units exceeded the 99th percentile (331.2) of the intermittent-demand distribution for product 428741 in Delhi.,Review inventory availability and prepare emergency replenishment. Verify promotions or seasonal factors.,0.0,0.0,131.32633756001292,45.35263010171357
270c76ee-ce3d-4e57-808e-19f69ffc803a,2022-07-09,439144,Delhi,325.17,146.99,1.0151,DEMAND_SPIKE,LOW,1.0,intermittent_percentile,Lumpy,Demand was flagged as unusual because the non-zero demand of 325.2 units exceeded the 99th percentile (320.3) of the intermittent-demand distribution for product 439144 in Delhi.,Review inventory availability and prepare emergency replenishment. Verify promotions or seasonal factors.,0.0,0.0,178.17942678231873,43.91414895647447
86dc3792-fa55-4af8-af24-518ae617ba32,2022-07-09,441688,Delhi,226.25,14.26,1.0022,DEMAND_SPIKE,LOW,1.0,intermittent_percentile,Intermittent,Demand was flagged as unusual because the non-zero demand of 226.2 units exceeded the 99th percentile (225.7) of the intermittent-demand distribution for product 441688 in Delhi.,Review inventory availability and prepare emergency replenishment. Verify promotions or seasonal factors.,0.0,0.0,211.9888891152951,31.005403647705393
f1d7df19-7c2a-4e4d-b400-727efe7c6b85,2022-07-09,445675,HR-NCR,1909.6,1783.91,0.5796,VOLATILITY_ANOMALY,LOW,0.5796,rolling_volatility_threshold,Smooth,Demand volatility flagged: 14-day rolling std of 555.65 is 1.7x the 95th-percentile baseline (322.03) for product 445675 in HR-NCR.,Review recent order patterns and supply chain disruptions. Consider adjusting safety-stock buffers.,-0.168,-0.168,125.68528975447362,555.6544880058754
ed96efed-de8a-41e5-ac80-c965e731a89d,2022-07-09,447189,Delhi,264.01,0.0,1.0115,DEMAND_SPIKE,LOW,1.0,intermittent_percentile,Intermittent,Demand was flagged as unusual because the non-zero demand of 264.0 units exceeded the 99th percentile (261.0) of the intermittent-demand distribution for product 447189 in Delhi.,Review inventory availability and prepare emergency replenishment. Verify promotions or seasonal factors.,0.0,0.0,264.01,25.741437099132046
f56a11a3-c44d-4a26-ab9c-627f27297859,2022-07-09,458952,HR-NCR,406.53,57.83,1.0127,DEMAND_SPIKE,LOW,1.0,intermittent_percentile,Intermittent,Demand was flagged as unusual because the non-zero demand of 406.5 units exceeded the 99th percentile (401.4) of the intermittent-demand distribution for product 458952 in HR-NCR.,Review inventory availability and prepare emergency replenishment. Verify promotions or seasonal factors.,0.0,0.0,348.7014510364924,32.68183831055319
69a5d439-ff7b-459c-92e7-400314bb2ae0,2022-07-09,467653,HR-NCR,294.63,89.58,1.0088,DEMAND_SPIKE,LOW,1.0,intermittent_percentile,Intermittent,Demand was flagged as unusual because the non-zero demand of 294.6 units exceeded the 99th percentile (292.1) of the intermittent-demand distribution for product 467653 in HR-NCR.,Review inventory availability and prepare emergency replenishment. Verify promotions or seasonal factors.,0.0,0.0,205.04629365675544,50.51448927570896
63c730cc-1e6f-45e5-ae45-d4c739ece388,2022-07-09,468128,Delhi,512.95,52.31,1.0252,DEMAND_SPIKE,LOW,1.0,intermittent_percentile,Intermittent,Demand was flagged as unusual because the non-zero demand of 513.0 units exceeded the 99th percentile (500.4) of the intermittent-demand distribution for product 468128 in Delhi.,Review inventory availability and prepare emergency replenishment. Verify promotions or seasonal factors.,0.0,0.0,460.64306379135854,83.74646771868734
d087088d-9cfc-4af9-b7ab-5723dfefc050,2022-07-09,478702,Bengaluru,265.34,138.5,1.0003,DEMAND_SPIKE,LOW,1.0,intermittent_percentile,Intermittent,Demand was flagged as unusual because the non-zero demand of 265.3 units exceeded the 99th percentile (265.3) of the intermittent-demand distribution for product 478702 in Bengaluru.,Review inventory availability and prepare emergency replenishment. Verify promotions or seasonal factors.,0.0,0.0,126.83910717846624,19.84116140033858
7b8ed349-26ef-4017-a1c4-30fa93b1f133,2022-07-09,481202,Bengaluru,321.13,180.2,1.0159,DEMAND_SPIKE,LOW,1.0,intermittent_percentile,Lumpy,Demand was flagged as unusual because the non-zero demand of 321.1 units exceeded the 99th percentile (316.1) of the intermittent-demand distribution for product 481202 in Bengaluru.,Review inventory availability and prepare emergency replenishment. Verify promotions or seasonal factors.,0.0,0.0,140.93387229384754,18.89058944667575
ca148a5d-fbc9-48dd-863f-702bcc8854f6,2022-07-09,482620,Delhi,564.29,106.91,1.0413,DEMAND_SPIKE,LOW,1.0,intermittent_percentile,Lumpy,Demand was flagged as unusual because the non-zero demand of 564.3 units exceeded the 99th percentile (541.9) of the intermittent-demand distribution for product 482620 in Delhi.,Review inventory availability and prepare emergency replenishment. Verify promotions or seasonal factors.,0.0,0.0,457.379375709668,70.01645152339965
5308939a-d12d-464a-bdcb-53684a591b22,2022-07-09,483166,Delhi,742.85,4.09,1.042,DEMAND_SPIKE,LOW,1.0,intermittent_percentile,Intermittent,Demand was flagged as unusual because the non-zero demand of 742.9 units exceeded the 99th percentile (712.9) of the intermittent-demand distribution for product 483166 in Delhi.,Review inventory availability and prepare emergency replenishment. Verify promotions or seasonal factors.,0.0,0.0,738.7632898178687,106.89711621628128
b0237dd4-9d45-405a-9045-cd5813b01cb9,2022-07-09,483409,Delhi,387.33,14.28,1.0254,DEMAND_SPIKE,LOW,1.0,intermittent_percentile,Intermittent,Demand was flagged as unusual because the non-zero demand of 387.3 units exceeded the 99th percentile (377.7) of the intermittent-demand distribution for product 483409 in Delhi.,Review inventory availability and prepare emergency replenishment. Verify promotions or seasonal factors.,0.0,0.0,373.04506680176485,83.8610469339439
585e6e33-a9ae-4dde-a912-ec1484493159,2022-07-09,483694,Mumbai,317.09,0.0,1.0031,DEMAND_SPIKE,LOW,1.0,intermittent_percentile,Intermittent,Demand was flagged as unusual because the non-zero demand of 317.1 units exceeded the 99th percentile (316.1) of the intermittent-demand distribution for product 483694 in Mumbai.,Review inventory availability and prepare emergency replenishment. Verify promotions or seasonal factors.,0.0,0.0,317.09,54.77394264481188
59e72f03-5d0c-43e4-adf2-7c7bcb95fb5d,2022-07-09,483854,Delhi,2347.16,522.16,1.0165,DEMAND_SPIKE,LOW,1.0,intermittent_percentile,Intermittent,Demand was flagged as unusual because the non-zero demand of 2347.2 units exceeded the 99th percentile (2309.0) of the intermittent-demand distribution for product 483854 in Delhi.,Review inventory availability and prepare emergency replenishment. Verify promotions or seasonal factors.,0.0,0.0,1825.000183080956,339.62852498565036
3a9ed2d2-fa1a-4625-b700-71220e944565,2022-07-09,483855,Delhi,265.42,51.72,1.0034,DEMAND_SPIKE,LOW,1.0,intermittent_percentile,Intermittent,Demand was flagged as unusual because the non-zero demand of 265.4 units exceeded the 99th percentile (264.5) of the intermittent-demand distribution for product 483855 in Delhi.,Review inventory availability and prepare emergency replenishment. Verify promotions or seasonal factors.,0.0,0.0,213.703548265733,51.786756149618014
5e9e8284-3ccc-4e8f-b1ec-4947f2d75982,2022-07-09,483951,Bengaluru,283.02,24.23,1.0056,DEMAND_SPIKE,LOW,1.0,intermittent_percentile,Intermittent,Demand was flagged as unusual because the non-zero demand of 283.0 units exceeded the 99th percentile (281.4) of the intermittent-demand distribution for product 483951 in Bengaluru.,Review inventory availability and prepare emergency replenishment. Verify promotions or seasonal factors.,0.0,0.0,258.7945532050066,29.41712414321194
8ae5db7a-a517-4425-973a-2a991bc3864a,2022-07-09,484060,Delhi,336.29,39.72,1.0009,DEMAND_SPIKE,LOW,1.0,intermittent_percentile,Intermittent,Demand was flagged as unusual because the non-zero demand of 336.3 units exceeded the 99th percentile (336.0) of the intermittent-demand distribution for product 484060 in Delhi.,Review inventory availability and prepare emergency replenishment. Verify promotions or seasonal factors.,0.0,0.0,296.56864579767705,111.82064931174385
0d99e5fa-0f72-40cc-90ba-0e3e07caced6,2022-07-09,485516,Delhi,263.62,13.59,1.0055,DEMAND_SPIKE,LOW,1.0,intermittent_percentile,Intermittent,Demand was flagged as unusual because the non-zero demand of 263.6 units exceeded the 99th percentile (262.2) of the intermittent-demand distribution for product 485516 in Delhi.,Review inventory availability and prepare emergency replenishment. Verify promotions or seasonal factors.,0.0,0.0,250.02952355665164,56.054523648217476
db5d1dcf-21b0-4fcc-8ddf-7d0b95173952,2022-07-09,486125,Mumbai,643.06,16.0,1.0031,DEMAND_SPIKE,LOW,1.0,intermittent_percentile,Intermittent,Demand was flagged as unusual because the non-zero demand of 643.1 units exceeded the 99th percentile (641.1) of the intermittent-demand distribution for product 486125 in Mumbai.,Review inventory availability and prepare emergency replenishment. Verify promotions or seasonal factors.,0.0,0.0,627.06226405109,84.45386702429403
1862e358-f681-4034-95f2-960e3f226a82,2022-07-09,487659,HR-NCR,295.4,0.0,1.0084,DEMAND_SPIKE,LOW,1.0,intermittent_percentile,Intermittent,Demand was flagged as unusual because the non-zero demand of 295.4 units exceeded the 99th percentile (292.9) of the intermittent-demand distribution for product 487659 in HR-NCR.,Review inventory availability and prepare emergency replenishment. Verify promotions or seasonal factors.,0.0,0.0,295.4,34.519038121841454
e7f66c3a-9a4f-40c2-a10c-6f8ef8d6d728,2022-07-09,487707,Delhi,279.32,0.0,1.0039,DEMAND_SPIKE,LOW,1.0,intermittent_percentile,Intermittent,Demand was flagged as unusual because the non-zero demand of 279.3 units exceeded the 99th percentile (278.2) of the intermittent-demand distribution for product 487707 in Delhi.,Review inventory availability and prepare emergency replenishment. Verify promotions or seasonal factors.,0.0,0.0,279.32,25.055324462648077
350c3843-4d0d-415f-a6d8-50aa29728ce1,2022-07-09,487707,HR-NCR,205.51,0.0,1.0004,DEMAND_SPIKE,LOW,1.0,intermittent_percentile,Intermittent,Demand was flagged as unusual because the non-zero demand of 205.5 units exceeded the 99th percentile (205.4) of the intermittent-demand distribution for product 487707 in HR-NCR.,Review inventory availability and prepare emergency replenishment. Verify promotions or seasonal factors.,0.0,0.0,205.51,25.26150710213919
b3b02fc8-09ff-43ee-a8a4-ee0c7294db4d,2022-07-09,487713,Bengaluru,1157.37,0.0,1.0011,DEMAND_SPIKE,LOW,1.0,intermittent_percentile,Intermittent,Demand was flagged as unusual because the non-zero demand of 1157.4 units exceeded the 99th percentile (1156.2) of the intermittent-demand distribution for product 487713 in Bengaluru.,Review inventory availability and prepare emergency replenishment. Verify promotions or seasonal factors.,0.0,0.0,1157.37,136.9851929889296
3a76bbd8-16a7-40f4-855a-0bfa96518c28,2022-07-09,487713,Delhi,579.99,0.0,1.008,DEMAND_SPIKE,LOW,1.0,intermittent_percentile,Intermittent,Demand was flagged as unusual because the non-zero demand of 580.0 units exceeded the 99th percentile (575.4) of the intermittent-demand distribution for product 487713 in Delhi.,Review inventory availability and prepare emergency replenishment. Verify promotions or seasonal factors.,0.0,0.0,579.99,134.88573772297585
9255cb7e-1f5a-48ab-a1be-c49da1a320a7,2022-07-09,487714,Bengaluru,786.63,0.0,1.0081,DEMAND_SPIKE,LOW,1.0,intermittent_percentile,Intermittent,Demand was flagged as unusual because the non-zero demand of 786.6 units exceeded the 99th percentile (780.3) of the intermittent-demand distribution for product 487714 in Bengaluru.,Review inventory availability and prepare emergency replenishment. Verify promotions or seasonal factors.,0.0,0.0,786.63,106.6606308411336
e3d87de7-590a-4956-b602-540753ca5f13,2022-07-09,488111,Bengaluru,262.49,0.0,1.0127,DEMAND_SPIKE,LOW,1.0,intermittent_percentile,Intermittent,Demand was flagged as unusual because the non-zero demand of 262.5 units exceeded the 99th percentile (259.2) of the intermittent-demand distribution for product 488111 in Bengaluru.,Review inventory availability and prepare emergency replenishment. Verify promotions or seasonal factors.,0.0,0.0,262.49,45.536158925
81707260-5109-4b2e-96fd-83a71d6b92a6,2022-07-09,488115,Bengaluru,358.9,0.0,1.0256,DEMAND_SPIKE,LOW,1.0,intermittent_percentile,Intermittent,Demand was flagged as unusual because the non-zero demand of 358.9 units exceeded the 99th percentile (349.9) of the intermittent-demand distribution for product 488115 in Bengaluru.,Review inventory availability and prepare emergency replenishment. Verify promotions or seasonal factors.,0.0,0.0,358.9,66.61532930350405
2f197a69-3126-47bd-97cb-5ea8be3cbd6e,2022-07-09,52,Delhi,1804.86,2484.99,0.7517,VOLATILITY_ANOMALY,LOW,0.7517,rolling_volatility_threshold,Smooth,Demand volatility flagged: 14-day rolling std of 660.95 is 2.1x the 95th-percentile baseline (322.03) for product 52 in Delhi.,Review recent order patterns and supply chain disruptions. Consider adjusting safety-stock buffers.,-1.1813,-1.1813,-680.1279494500257,660.9539486173428
0076c60f-4dcb-4b45-be98-2e1ee38d3761,2022-07-08,12872,Delhi,7315.4,5986.45,0.9363,VOLATILITY_ANOMALY,LOW,0.9363,rolling_volatility_threshold,Smooth,Demand volatility flagged: 14-day rolling std of 1286.29 is 4.0x the 95th-percentile baseline (322.03) for product 12872 in Delhi.,Review recent order patterns and supply chain disruptions. Consider adjusting safety-stock buffers.,0.3321,0.3321,1328.9453771124445,1286.2872711393977
e40377e7-6967-4b30-86e8-15d5d1a30043,2022-07-08,159,Bengaluru,814.43,187.12,1.0155,DEMAND_SPIKE,LOW,1.0,intermittent_percentile,Intermittent,Demand was flagged as unusual because the non-zero demand of 814.4 units exceeded the 99th percentile (802.0) of the intermittent-demand distribution for product 159 in Bengaluru.,Review inventory availability and prepare emergency replenishment. Verify promotions or seasonal factors.,0.0,0.0,627.3054979268795,146.19682035171758
9c350e35-969f-45c8-b54e-e7dbf02c41a9,2022-07-08,15907,Delhi,1674.74,923.59,0.6254,VOLATILITY_ANOMALY,LOW,0.6254,rolling_volatility_threshold,Smooth,Demand volatility flagged: 14-day rolling std of 556.46 is 1.7x the 95th-percentile baseline (322.03) for product 15907 in Delhi.,Review recent order patterns and supply chain disruptions. Consider adjusting safety-stock buffers.,1.9813,1.9813,751.1509589887836,556.4597407676839
51179b4d-05a7-447d-825b-6ac50594c28c,2022-07-08,18546,Delhi,1075.82,1352.54,0.5411,VOLATILITY_ANOMALY,LOW,0.5411,rolling_volatility_threshold,Smooth,Demand volatility flagged: 14-day rolling std of 495.35 is 1.5x the 95th-percentile baseline (322.03) for product 18546 in Delhi.,Review recent order patterns and supply chain disruptions. Consider adjusting safety-stock buffers.,-1.0487,-1.0487,-276.7192464736488,495.3496776015908
2ae5f90a-944e-4658-9d22-f085812408ad,2022-07-08,192,HR-NCR,1042.59,904.74,0.5608,VOLATILITY_ANOMALY,LOW,0.5608,rolling_volatility_threshold,Smooth,Demand volatility flagged: 14-day rolling std of 610.59 is 1.9x the 95th-percentile baseline (322.03) for product 192 in HR-NCR.,Review recent order patterns and supply chain disruptions. Consider adjusting safety-stock buffers.,-0.1731,-0.1731,137.84728952568787,610.5935938475109
ba37338c-ae34-48ab-8502-97147a51c55d,2022-07-08,19512,Delhi,8253.79,7050.48,0.9352,VOLATILITY_ANOMALY,LOW,0.9352,rolling_volatility_threshold,Smooth,Demand volatility flagged: 14-day rolling std of 1458.74 is 4.5x the 95th-percentile baseline (322.03) for product 19512 in Delhi.,Review recent order patterns and supply chain disruptions. Consider adjusting safety-stock buffers.,-0.3088,-0.3088,1203.3138067252976,1458.7365919831027
216ed0e8-75b6-4282-a844-7eb30bf9161e,2022-07-08,283763,HR-NCR,457.31,0.0,1.0075,DEMAND_SPIKE,LOW,1.0,intermittent_percentile,Intermittent,Demand was flagged as unusual because the non-zero demand of 457.3 units exceeded the 99th percentile (453.9) of the intermittent-demand distribution for product 283763 in HR-NCR.,Review inventory availability and prepare emergency replenishment. Verify promotions or seasonal factors.,0.0,0.0,457.31,85.52460873923948
7ccaa90d-3efd-4ad2-b43a-a5099dc92a29,2022-07-08,314,Delhi,1089.37,1187.8,0.4949,VOLATILITY_ANOMALY,LOW,0.4949,rolling_volatility_threshold,Smooth,Demand volatility flagged: 14-day rolling std of 503.13 is 1.6x the 95th-percentile baseline (322.03) for product 314 in Delhi.,Review recent order patterns and supply chain disruptions. Consider adjusting safety-stock buffers.,-2.7463,-2.7463,-98.42617165488923,503.1307168406353
d1647ec8-bff6-4884-a9c1-a92b890127ea,2022-07-08,352443,Delhi,1069.81,1215.72,0.6094,VOLATILITY_ANOMALY,LOW,0.6094,rolling_volatility_threshold,Smooth,Demand volatility flagged: 14-day rolling std of 826.17 is 2.6x the 95th-percentile baseline (322.03) for product 352443 in Delhi.,Review recent order patterns and supply chain disruptions. Consider adjusting safety-stock buffers.,-2.0317,-2.0317,-145.90658491249246,826.1726119827963
3dda6284-f0ea-4c33-b61f-9c782a29ea9f,2022-07-08,353470,HR-NCR,278.01,94.79,1.0119,DEMAND_SPIKE,LOW,1.0,intermittent_percentile,Intermittent,Demand was flagged as unusual because the non-zero demand of 278.0 units exceeded the 99th percentile (274.7) of the intermittent-demand distribution for product 353470 in HR-NCR.,Review inventory availability and prepare emergency replenishment. Verify promotions or seasonal factors.,0.0,0.0,183.2204979537796,61.157335735672106
50421d98-4fa7-4dbf-a346-c6168f9f14d9,2022-07-08,366704,Delhi,247.94,60.68,1.0061,DEMAND_SPIKE,LOW,1.0,intermittent_percentile,Intermittent,Demand was flagged as unusual because the non-zero demand of 247.9 units exceeded the 99th percentile (246.4) of the intermittent-demand distribution for product 366704 in Delhi.,Review inventory availability and prepare emergency replenishment. Verify promotions or seasonal factors.,0.0,0.0,187.26073920919995,55.244025576570365
1878fcb1-5fb8-4665-a31d-1b96c0af9573,2022-07-08,374079,HR-NCR,627.21,257.47,1.0037,DEMAND_SPIKE,LOW,1.0,intermittent_percentile,Lumpy,Demand was flagged as unusual because the non-zero demand of 627.2 units exceeded the 99th percentile (624.9) of the intermittent-demand distribution for product 374079 in HR-NCR.,Review inventory availability and prepare emergency replenishment. Verify promotions or seasonal factors.,0.0,0.0,369.7366905548544,63.25002514586364
b438a806-2bc0-4c93-b179-7e8d652be53d,2022-07-08,3881,HR-NCR,3482.98,3651.87,0.8078,VOLATILITY_ANOMALY,LOW,0.8078,rolling_volatility_threshold,Smooth,Demand volatility flagged: 14-day rolling std of 937.89 is 2.9x the 95th-percentile baseline (322.03) for product 3881 in HR-NCR.,Review recent order patterns and supply chain disruptions. Consider adjusting safety-stock buffers.,0.983,0.983,-168.89172964141744,937.8898531937583
e49ad961-51cb-4f4b-bbe9-088472f201d1,2022-07-08,3889,Delhi,1480.48,662.41,0.742,VOLATILITY_ANOMALY,LOW,0.742,rolling_volatility_threshold,Smooth,Demand volatility flagged: 14-day rolling std of 1071.14 is 3.3x the 95th-percentile baseline (322.03) for product 3889 in Delhi.,Review recent order patterns and supply chain disruptions. Consider adjusting safety-stock buffers.,-0.5006,-0.5006,818.0714330761163,1071.1395858683804
dae97857-c79a-451f-a79c-844bba9f200f,2022-07-08,3889,HR-NCR,874.49,1300.43,0.5978,VOLATILITY_ANOMALY,LOW,0.5978,rolling_volatility_threshold,Smooth,Demand volatility flagged: 14-day rolling std of 539.92 is 1.7x the 95th-percentile baseline (322.03) for product 3889 in HR-NCR.,Review recent order patterns and supply chain disruptions. Consider adjusting safety-stock buffers.,-1.5199,-1.5199,-425.9440375085785,539.9246069106491
d3e7a880-229f-49c5-a515-a9ad7dae77b4,2022-07-08,38910,Bengaluru,491.85,231.74,1.0149,DEMAND_SPIKE,LOW,1.0,intermittent_percentile,Intermittent,Demand was flagged as unusual because the non-zero demand of 491.9 units exceeded the 99th percentile (484.6) of the intermittent-demand distribution for product 38910 in Bengaluru.,Review inventory availability and prepare emergency replenishment. Verify promotions or seasonal factors.,0.0,0.0,260.1056725605423,89.60032355383757
9d2e3d1d-35cb-40d8-ae79-a98f131e4fb7,2022-07-08,391306,Delhi,5070.26,6188.24,0.9186,VOLATILITY_ANOMALY,LOW,0.9186,rolling_volatility_threshold,Smooth,Demand volatility flagged: 14-day rolling std of 1296.04 is 4.0x the 95th-percentile baseline (322.03) for product 391306 in Delhi.,Review recent order patterns and supply chain disruptions. Consider adjusting safety-stock buffers.,-1.2189,-1.2189,-1117.9826975044225,1296.0433429848083
c7cc8fc9-440c-45d0-b742-9c065a8cc201,2022-07-08,391306,HR-NCR,3773.52,4210.07,0.8027,VOLATILITY_ANOMALY,LOW,0.8027,rolling_volatility_threshold,Smooth,Demand volatility flagged: 14-day rolling std of 760.95 is 2.4x the 95th-percentile baseline (322.03) for product 391306 in HR-NCR.,Review recent order patterns and supply chain disruptions. Consider adjusting safety-stock buffers.,-0.6001,-0.6001,-436.5468252963833,760.9450351247142
d89c7eca-7400-454a-8523-483b2fdf1aec,2022-07-08,405109,HR-NCR,369.24,36.93,1.0014,DEMAND_SPIKE,LOW,1.0,intermittent_percentile,Lumpy,Demand was flagged as unusual because the non-zero demand of 369.2 units exceeded the 99th percentile (368.7) of the intermittent-demand distribution for product 405109 in HR-NCR.,Review inventory availability and prepare emergency replenishment. Verify promotions or seasonal factors.,0.0,0.0,332.31334968204703,104.87935906146097
5b380a61-cdb8-4f01-aeac-80805f85a448,2022-07-08,415984,Delhi,547.77,255.47,1.0064,DEMAND_SPIKE,LOW,1.0,intermittent_percentile,Lumpy,Demand was flagged as unusual because the non-zero demand of 547.8 units exceeded the 99th percentile (544.3) of the intermittent-demand distribution for product 415984 in Delhi.,Review inventory availability and prepare emergency replenishment. Verify promotions or seasonal factors.,0.0,0.0,292.29818027968,107.68001496939685
b361df2a-459a-4a55-a079-80b99f82c72c,2022-07-08,445675,Bengaluru,3635.29,2573.69,0.7963,VOLATILITY_ANOMALY,LOW,0.7963,rolling_volatility_threshold,Smooth,Demand volatility flagged: 14-day rolling std of 679.62 is 2.1x the 95th-percentile baseline (322.03) for product 445675 in Bengaluru.,Review recent order patterns and supply chain disruptions. Consider adjusting safety-stock buffers.,2.2863,2.2863,1061.599559698575,679.6201354117923
c9057d51-4241-4f46-8ceb-500a0ff18d9d,2022-07-08,445675,Delhi,1545.47,1869.9,0.6852,VOLATILITY_ANOMALY,LOW,0.6852,rolling_volatility_threshold,Smooth,Demand volatility flagged: 14-day rolling std of 820.71 is 2.5x the 95th-percentile baseline (322.03) for product 445675 in Delhi.,Review recent order patterns and supply chain disruptions. Consider adjusting safety-stock buffers.,0.9871,0.9871,-324.4251166563495,820.7077354100572
b2105ac5-77ab-4235-8c83-2c80e22b02b8,2022-07-08,445675,HR-NCR,2111.36,1922.52,0.6336,VOLATILITY_ANOMALY,LOW,0.6336,rolling_volatility_threshold,Smooth,Demand volatility flagged: 14-day rolling std of 597.62 is 1.9x the 95th-percentile baseline (322.03) for product 445675 in HR-NCR.,Review recent order patterns and supply chain disruptions. Consider adjusting safety-stock buffers.,1.0377,1.0377,188.83754653412802,597.6165691231093
cbc8db03-29ec-4b63-b3fb-282df1d71bd0,2022-07-08,446799,Delhi,220.91,0.04,1.0042,DEMAND_SPIKE,LOW,1.0,intermittent_percentile,Intermittent,Demand was flagged as unusual because the non-zero demand of 220.9 units exceeded the 99th percentile (220.0) of the intermittent-demand distribution for product 446799 in Delhi.,Review inventory availability and prepare emergency replenishment. Verify promotions or seasonal factors.,0.0,0.0,220.87056532911643,17.757193311041977
e380e136-d606-4e94-a948-a79ada8cde0d,2022-07-08,467653,Delhi,344.92,48.13,1.0135,DEMAND_SPIKE,LOW,1.0,intermittent_percentile,Intermittent,Demand was flagged as unusual because the non-zero demand of 344.9 units exceeded the 99th percentile (340.3) of the intermittent-demand distribution for product 467653 in Delhi.,Review inventory availability and prepare emergency replenishment. Verify promotions or seasonal factors.,0.0,0.0,296.7933750648822,47.38062714413381
03eec54a-05f7-4e50-ab10-b710d8354089,2022-07-08,477789,Delhi,318.37,158.07,1.001,DEMAND_SPIKE,LOW,1.0,intermittent_percentile,Lumpy,Demand was flagged as unusual because the non-zero demand of 318.4 units exceeded the 99th percentile (318.1) of the intermittent-demand distribution for product 477789 in Delhi.,Review inventory availability and prepare emergency replenishment. Verify promotions or seasonal factors.,0.0,0.0,160.2970165555319,80.63968002936329
40a2855f-b9fa-409c-8870-0e625a4fc676,2022-07-08,481495,Delhi,471.03,85.32,1.0097,DEMAND_SPIKE,LOW,1.0,intermittent_percentile,Intermittent,Demand was flagged as unusual because the non-zero demand of 471.0 units exceeded the 99th percentile (466.5) of the intermittent-demand distribution for product 481495 in Delhi.,Review inventory availability and prepare emergency replenishment. Verify promotions or seasonal factors.,0.0,0.0,385.70722847908235,47.716172560354465
314a9531-4636-4f1a-b07a-44a5fd5205d8,2022-07-08,483357,HR-NCR,316.02,9.29,1.0201,DEMAND_SPIKE,LOW,1.0,intermittent_percentile,Intermittent,Demand was flagged as unusual because the non-zero demand of 316.0 units exceeded the 99th percentile (309.8) of the intermittent-demand distribution for product 483357 in HR-NCR.,Review inventory availability and prepare emergency replenishment. Verify promotions or seasonal factors.,0.0,0.0,306.72664257881553,35.67215413950188
60832df1-0954-4e85-8169-8de32772782d,2022-07-08,486016,Mumbai,777.09,0.0,1.0161,DEMAND_SPIKE,LOW,1.0,intermittent_percentile,Intermittent,Demand was flagged as unusual because the non-zero demand of 777.1 units exceeded the 99th percentile (764.8) of the intermittent-demand distribution for product 486016 in Mumbai.,Review inventory availability and prepare emergency replenishment. Verify promotions or seasonal factors.,0.0,0.0,777.09,182.41306988992503
c5c683e8-3201-44b4-a04d-749228a55098,2022-07-08,486018,Delhi,827.19,0.0,1.0135,DEMAND_SPIKE,LOW,1.0,intermittent_percentile,Intermittent,Demand was flagged as unusual because the non-zero demand of 827.2 units exceeded the 99th percentile (816.2) of the intermittent-demand distribution for product 486018 in Delhi.,Review inventory availability and prepare emergency replenishment. Verify promotions or seasonal factors.,0.0,0.0,827.19,124.58733519293283
932e6336-531b-4180-bf2b-5966a2301244,2022-07-08,486124,Delhi,3006.94,62.69,1.0205,DEMAND_SPIKE,LOW,1.0,intermittent_percentile,Lumpy,Demand was flagged as unusual because the non-zero demand of 3006.9 units exceeded the 99th percentile (2946.6) of the intermittent-demand distribution for product 486124 in Delhi.,Review inventory availability and prepare emergency replenishment. Verify promotions or seasonal factors.,0.0,0.0,2944.2547714866478,754.9904103522174
f20462bd-d206-4920-8c3d-686e45af61a5,2022-07-08,487714,Delhi,1199.31,0.0,1.0014,DEMAND_SPIKE,LOW,1.0,intermittent_percentile,Intermittent,Demand was flagged as unusual because the non-zero demand of 1199.3 units exceeded the 99th percentile (1197.6) of the intermittent-demand distribution for product 487714 in Delhi.,Review inventory availability and prepare emergency replenishment. Verify promotions or seasonal factors.,0.0,0.0,1199.31,46.61854903668404
181d2cf4-310c-4682-90a7-899514f0d4f9,2022-07-08,52,Delhi,2224.57,2055.34,0.6534,VOLATILITY_ANOMALY,LOW,0.6534,rolling_volatility_threshold,Smooth,Demand volatility flagged: 14-day rolling std of 711.03 is 2.2x the 95th-percentile baseline (322.03) for product 52 in Delhi.,Review recent order patterns and supply chain disruptions. Consider adjusting safety-stock buffers.,0.2287,0.2287,169.22975294894604,711.0251768598432
fb99bede-e276-44b9-a275-90347b9a5b15,2022-07-07,105,Delhi,2667.34,1335.67,0.7935,VOLATILITY_ANOMALY,LOW,0.7935,rolling_volatility_threshold,Smooth,Demand volatility flagged: 14-day rolling std of 755.03 is 2.3x the 95th-percentile baseline (322.03) for product 105 in Delhi.,Review recent order patterns and supply chain disruptions. Consider adjusting safety-stock buffers.,0.0,0.0,1331.670831503328,755.0332399150826
1145faba-cec2-4e71-8823-228e0faa57e4,2022-07-07,12872,Delhi,7641.97,4791.17,0.9804,VOLATILITY_ANOMALY,LOW,0.9804,rolling_volatility_threshold,Smooth,Demand volatility flagged: 14-day rolling std of 1397.60 is 4.3x the 95th-percentile baseline (322.03) for product 12872 in Delhi.,Review recent order patterns and supply chain disruptions. Consider adjusting safety-stock buffers.,0.0,0.0,2850.8033752825077,1397.602871139247
499daca1-1159-4951-95a4-2312a4a6e6df,2022-07-07,15907,Delhi,1906.86,1198.88,0.6062,VOLATILITY_ANOMALY,LOW,0.6062,rolling_volatility_threshold,Smooth,Demand volatility flagged: 14-day rolling std of 528.26 is 1.6x the 95th-percentile baseline (322.03) for product 15907 in Delhi.,Review recent order patterns and supply chain disruptions. Consider adjusting safety-stock buffers.,0.0,0.0,707.984987841035,528.2550818559786
951a7734-45fc-4363-b433-167fe5b5349f,2022-07-07,18546,Delhi,1242.69,1405.99,0.5342,VOLATILITY_ANOMALY,LOW,0.5342,rolling_volatility_threshold,Smooth,Demand volatility flagged: 14-day rolling std of 533.07 is 1.7x the 95th-percentile baseline (322.03) for product 18546 in Delhi.,Review recent order patterns and supply chain disruptions. Consider adjusting safety-stock buffers.,0.0,0.0,-163.30292492380363,533.0716287579622
06992650-a0c6-4405-a294-dafc6a684e6e,2022-07-07,192,HR-NCR,1917.54,834.73,0.7176,VOLATILITY_ANOMALY,LOW,0.7176,rolling_volatility_threshold,Smooth,Demand volatility flagged: 14-day rolling std of 588.39 is 1.8x the 95th-percentile baseline (322.03) for product 192 in HR-NCR.,Review recent order patterns and supply chain disruptions. Consider adjusting safety-stock buffers.,0.0,0.0,1082.807178655496,588.3946678888244
dc1ba4fd-b7a4-4c2d-bb81-4c4311149618,2022-07-07,19512,Delhi,8175.28,7556.91,0.9098,VOLATILITY_ANOMALY,LOW,0.9098,rolling_volatility_threshold,Smooth,Demand volatility flagged: 14-day rolling std of 1537.81 is 4.8x the 95th-percentile baseline (322.03) for product 19512 in Delhi.,Review recent order patterns and supply chain disruptions. Consider adjusting safety-stock buffers.,0.0,0.0,618.3667355250554,1537.805699764007
ca6f81bd-7910-40f7-b722-2c6863237039,2022-07-07,314,Delhi,2117.1,1415.63,0.6029,VOLATILITY_ANOMALY,LOW,0.6029,rolling_volatility_threshold,Smooth,Demand volatility flagged: 14-day rolling std of 507.93 is 1.6x the 95th-percentile baseline (322.03) for product 314 in Delhi.,Review recent order patterns and supply chain disruptions. Consider adjusting safety-stock buffers.,0.0,0.0,701.4736837848086,507.9337343263063
0fc431ce-f49c-4fb0-b121-c8ffe5691ca4,2022-07-07,315221,Delhi,288.13,11.8,1.0047,DEMAND_SPIKE,LOW,1.0,intermittent_percentile,Lumpy,Demand was flagged as unusual because the non-zero demand of 288.1 units exceeded the 99th percentile (286.8) of the intermittent-demand distribution for product 315221 in Delhi.,Review inventory availability and prepare emergency replenishment. Verify promotions or seasonal factors.,0.0,0.0,276.3283540350641,59.49353659572329
39b435f1-a7ac-4abd-a6ce-e8320781b589,2022-07-07,352443,Delhi,956.03,1124.7,0.6032,VOLATILITY_ANOMALY,LOW,0.6032,rolling_volatility_threshold,Smooth,Demand volatility flagged: 14-day rolling std of 828.45 is 2.6x the 95th-percentile baseline (322.03) for product 352443 in Delhi.,Review recent order patterns and supply chain disruptions. Consider adjusting safety-stock buffers.,0.0,0.0,-168.66789921527834,828.446535215158
76a748ad-cdbb-4a7c-9c9d-8aaa79177b0c,2022-07-07,37076,Bengaluru,338.26,15.95,1.0018,DEMAND_SPIKE,LOW,1.0,intermittent_percentile,Lumpy,Demand was flagged as unusual because the non-zero demand of 338.3 units exceeded the 99th percentile (337.7) of the intermittent-demand distribution for product 37076 in Bengaluru.,Review inventory availability and prepare emergency replenishment. Verify promotions or seasonal factors.,0.0,0.0,322.3076318186726,40.57837240041383
95f2df90-3749-436a-8644-e6c9d01a3f83,2022-07-07,373842,Delhi,636.36,198.83,1.0022,DEMAND_SPIKE,LOW,1.0,intermittent_percentile,Lumpy,Demand was flagged as unusual because the non-zero demand of 636.4 units exceeded the 99th percentile (635.0) of the intermittent-demand distribution for product 373842 in Delhi.,Review inventory availability and prepare emergency replenishment. Verify promotions or seasonal factors.,0.0,0.0,437.52563815670817,42.97141208602143
6dbfc0ed-262d-49cc-88eb-a1daa32332a6,2022-07-07,3881,Delhi,2822.96,4059.03,0.8463,VOLATILITY_ANOMALY,LOW,0.8463,rolling_volatility_threshold,Smooth,Demand volatility flagged: 14-day rolling std of 910.53 is 2.8x the 95th-percentile baseline (322.03) for product 3881 in Delhi.,Review recent order patterns and supply chain disruptions. Consider adjusting safety-stock buffers.,0.0,0.0,-1236.0688865720167,910.53023603649
d105a92d-d656-4457-ab35-d3491e670f08,2022-07-07,3881,HR-NCR,2546.6,3858.65,0.8358,VOLATILITY_ANOMALY,LOW,0.8358,rolling_volatility_threshold,Smooth,Demand volatility flagged: 14-day rolling std of 950.37 is 3.0x the 95th-percentile baseline (322.03) for product 3881 in HR-NCR.,Review recent order patterns and supply chain disruptions. Consider adjusting safety-stock buffers.,0.0,0.0,-1312.0543477111496,950.3676522623582
1d63fae9-3311-4357-9907-0d08d80deff7,2022-07-07,3889,Delhi,2518.61,512.98,0.8676,VOLATILITY_ANOMALY,LOW,0.8676,rolling_volatility_threshold,Smooth,Demand volatility flagged: 14-day rolling std of 1109.31 is 3.4x the 95th-percentile baseline (322.03) for product 3889 in Delhi.,Review recent order patterns and supply chain disruptions. Consider adjusting safety-stock buffers.,0.0,0.0,2005.6324477878502,1109.3084290629004
b4ec845a-3857-4fdc-8d1b-677f939b82c5,2022-07-07,3889,HR-NCR,1128.86,326.09,0.6491,VOLATILITY_ANOMALY,LOW,0.6491,rolling_volatility_threshold,Smooth,Demand volatility flagged: 14-day rolling std of 588.67 is 1.8x the 95th-percentile baseline (322.03) for product 3889 in HR-NCR.,Review recent order patterns and supply chain disruptions. Consider adjusting safety-stock buffers.,0.0,0.0,802.7702388407743,588.6733266591921
4afe60ed-07e7-4a80-903c-001a7bd6da5c,2022-07-07,391306,Delhi,4767.75,5139.9,0.8622,VOLATILITY_ANOMALY,LOW,0.8622,rolling_volatility_threshold,Smooth,Demand volatility flagged: 14-day rolling std of 1130.99 is 3.5x the 95th-percentile baseline (322.03) for product 391306 in Delhi.,Review recent order patterns and supply chain disruptions. Consider adjusting safety-stock buffers.,0.0,0.0,-372.1453894657334,1130.9941506774767
3068ea39-dcef-4dc6-9129-b8c34572291f,2022-07-07,391306,HR-NCR,3464.48,3579.29,0.7773,VOLATILITY_ANOMALY,LOW,0.7773,rolling_volatility_threshold,Smooth,Demand volatility flagged: 14-day rolling std of 733.45 is 2.3x the 95th-percentile baseline (322.03) for product 391306 in HR-NCR.,Review recent order patterns and supply chain disruptions. Consider adjusting safety-stock buffers.,0.0,0.0,-114.80600026090178,733.4461686699759
6ae67998-e208-41d7-a243-9dfb7aa2d59f,2022-07-07,397485,Delhi,255.17,147.64,1.0037,DEMAND_SPIKE,LOW,1.0,intermittent_percentile,Lumpy,Demand was flagged as unusual because the non-zero demand of 255.2 units exceeded the 99th percentile (254.2) of the intermittent-demand distribution for product 397485 in Delhi.,Review inventory availability and prepare emergency replenishment. Verify promotions or seasonal factors.,0.0,0.0,107.52756223857651,36.65724835099692
31c34364-37d1-4c64-922a-a4edbe289324,2022-07-07,400105,Delhi,2364.57,2661.22,0.6728,VOLATILITY_ANOMALY,LOW,0.6728,rolling_volatility_threshold,Smooth,Demand volatility flagged: 14-day rolling std of 522.15 is 1.6x the 95th-percentile baseline (322.03) for product 400105 in Delhi.,Review recent order patterns and supply chain disruptions. Consider adjusting safety-stock buffers.,0.0,0.0,-296.6538101916399,522.1476623587112
bd20648a-cb92-4332-b5a8-e69ac53c7fb0,2022-07-07,401895,Delhi,293.7,192.03,1.0079,DEMAND_SPIKE,LOW,1.0,intermittent_percentile,Lumpy,Demand was flagged as unusual because the non-zero demand of 293.7 units exceeded the 99th percentile (291.4) of the intermittent-demand distribution for product 401895 in Delhi.,Review inventory availability and prepare emergency replenishment. Verify promotions or seasonal factors.,0.0,0.0,101.6661148532103,83.56670716659036
ab810807-26b4-4b5b-8cf2-35c73643d226,2022-07-07,445675,Bengaluru,3176.36,2331.76,0.756,VOLATILITY_ANOMALY,LOW,0.756,rolling_volatility_threshold,Smooth,Demand volatility flagged: 14-day rolling std of 715.45 is 2.2x the 95th-percentile baseline (322.03) for product 445675 in Bengaluru.,Review recent order patterns and supply chain disruptions. Consider adjusting safety-stock buffers.,0.0,0.0,844.5981719738247,715.4533580721154
7a343013-dd0c-4dbe-b870-e94ad6f18b1f,2022-07-07,445675,Delhi,1947.86,1339.52,0.7177,VOLATILITY_ANOMALY,LOW,0.7177,rolling_volatility_threshold,Smooth,Demand volatility flagged: 14-day rolling std of 894.37 is 2.8x the 95th-percentile baseline (322.03) for product 445675 in Delhi.,Review recent order patterns and supply chain disruptions. Consider adjusting safety-stock buffers.,0.0,0.0,608.3374749867728,894.3669371218205
e697b106-8c97-42ae-8a1c-b5416bbb92cc,2022-07-07,445675,HR-NCR,1757.96,1454.16,0.616,VOLATILITY_ANOMALY,LOW,0.616,rolling_volatility_threshold,Smooth,Demand volatility flagged: 14-day rolling std of 646.87 is 2.0x the 95th-percentile baseline (322.03) for product 445675 in HR-NCR.,Review recent order patterns and supply chain disruptions. Consider adjusting safety-stock buffers.,0.0,0.0,303.8001186192573,646.8680230077848
158da158-9d0c-4e99-b81f-5462c35cc452,2022-07-07,480901,Delhi,637.29,23.8,1.0437,DEMAND_SPIKE,LOW,1.0,intermittent_percentile,Lumpy,Demand was flagged as unusual because the non-zero demand of 637.3 units exceeded the 99th percentile (610.6) of the intermittent-demand distribution for product 480901 in Delhi.,Review inventory availability and prepare emergency replenishment. Verify promotions or seasonal factors.,0.0,0.0,613.4876870201888,53.02658050449791
9e477233-13f0-4eb5-bbd1-49ec88c015d1,2022-07-07,480925,HR-NCR,306.33,29.3,1.0085,DEMAND_SPIKE,LOW,1.0,intermittent_percentile,Lumpy,Demand was flagged as unusual because the non-zero demand of 306.3 units exceeded the 99th percentile (303.8) of the intermittent-demand distribution for product 480925 in HR-NCR.,Review inventory availability and prepare emergency replenishment. Verify promotions or seasonal factors.,0.0,0.0,277.02612812405994,99.20659447167142
3a1a73e8-a767-405b-93a0-b42e0a77aea8,2022-07-07,483246,Delhi,345.85,22.26,1.0179,DEMAND_SPIKE,LOW,1.0,intermittent_percentile,Intermittent,Demand was flagged as unusual because the non-zero demand of 345.9 units exceeded the 99th percentile (339.8) of the intermittent-demand distribution for product 483246 in Delhi.,Review inventory availability and prepare emergency replenishment. Verify promotions or seasonal factors.,0.0,0.0,323.5948664233188,72.3162445789326
918d5d1b-44d7-462c-82d2-bb709854361e,2022-07-07,483248,Delhi,649.81,13.45,1.0214,DEMAND_SPIKE,LOW,1.0,intermittent_percentile,Intermittent,Demand was flagged as unusual because the non-zero demand of 649.8 units exceeded the 99th percentile (636.2) of the intermittent-demand distribution for product 483248 in Delhi.,Review inventory availability and prepare emergency replenishment. Verify promotions or seasonal factors.,0.0,0.0,636.3611114005353,180.153265378862
4eb85cff-8aea-48aa-bf4c-a6babf55a3f1,2022-07-07,486339,Delhi,506.73,3.76,1.0007,DEMAND_SPIKE,LOW,1.0,intermittent_percentile,Intermittent,Demand was flagged as unusual because the non-zero demand of 506.7 units exceeded the 99th percentile (506.4) of the intermittent-demand distribution for product 486339 in Delhi.,Review inventory availability and prepare emergency replenishment. Verify promotions or seasonal factors.,0.0,0.0,502.96556924438573,50.397896550021485
81d24e4d-d3fc-473d-9a0e-6216a55e48d8,2022-07-07,52,Delhi,3364.46,2115.01,0.7984,VOLATILITY_ANOMALY,LOW,0.7984,rolling_volatility_threshold,Smooth,Demand volatility flagged: 14-day rolling std of 621.49 is 1.9x the 95th-percentile baseline (322.03) for product 52 in Delhi.,Review recent order patterns and supply chain disruptions. Consider adjusting safety-stock buffers.,0.0,0.0,1249.4494760300508,621.4851839183294
b483d11f-12d8-4183-85fe-2a6f5ebdab09,2022-07-06,105,Delhi,1561.04,1811.56,0.6674,VOLATILITY_ANOMALY,LOW,0.6674,rolling_volatility_threshold,Smooth,Demand volatility flagged: 14-day rolling std of 831.03 is 2.6x the 95th-percentile baseline (322.03) for product 105 in Delhi.,Review recent order patterns and supply chain disruptions. Consider adjusting safety-stock buffers.,0.0,0.0,-250.5186982912321,831.0279579653142
81ed90fd-66a4-476a-b2c7-262737801ede,2022-07-06,12872,Delhi,6972.11,6223.65,0.9065,VOLATILITY_ANOMALY,LOW,0.9065,rolling_volatility_threshold,Smooth,Demand volatility flagged: 14-day rolling std of 1557.17 is 4.8x the 95th-percentile baseline (322.03) for product 12872 in Delhi.,Review recent order patterns and supply chain disruptions. Consider adjusting safety-stock buffers.,0.0,0.0,748.4580902531334,1557.1747821391152
0690484e-d262-48a6-a6ad-69bbbfbc99ff,2022-07-06,15286,HR-NCR,841.34,233.62,1.0357,DEMAND_SPIKE,LOW,1.0,intermittent_percentile,Intermittent,Demand was flagged as unusual because the non-zero demand of 841.3 units exceeded the 99th percentile (812.3) of the intermittent-demand distribution for product 15286 in HR-NCR.,Review inventory availability and prepare emergency replenishment. Verify promotions or seasonal factors.,0.0,0.0,607.7217549984741,104.20213347144097
a98a5da9-f734-4bc5-9624-cf7c0f242857,2022-07-06,15907,Delhi,1153.49,1618.89,0.6448,VOLATILITY_ANOMALY,LOW,0.6448,rolling_volatility_threshold,Smooth,Demand volatility flagged: 14-day rolling std of 590.52 is 1.8x the 95th-percentile baseline (322.03) for product 15907 in Delhi.,Review recent order patterns and supply chain disruptions. Consider adjusting safety-stock buffers.,0.0,0.0,-465.4008724634748,590.5181900077254
1d4ba9a6-12f6-4e4a-83b6-7d2c5f62d7fb,2022-07-06,17748,HR-NCR,2006.13,1315.15,1.0025,DEMAND_SPIKE,LOW,1.0,intermittent_percentile,Intermittent,Demand was flagged as unusual because the non-zero demand of 2006.1 units exceeded the 99th percentile (2001.1) of the intermittent-demand distribution for product 17748 in HR-NCR.,Review inventory availability and prepare emergency replenishment. Verify promotions or seasonal factors.,0.0,0.0,690.9807389322377,152.549756800855
213e09d3-2919-4e6b-8f5a-27a863cace48,2022-07-06,18546,Delhi,864.8,1236.45,0.5301,VOLATILITY_ANOMALY,LOW,0.5301,rolling_volatility_threshold,Smooth,Demand volatility flagged: 14-day rolling std of 488.73 is 1.5x the 95th-percentile baseline (322.03) for product 18546 in Delhi.,Review recent order patterns and supply chain disruptions. Consider adjusting safety-stock buffers.,0.0,0.0,-371.6452381953775,488.72560227596017
e3fab966-cc17-461f-8ce1-69bfc3b4e5cd,2022-07-06,192,HR-NCR,848.35,790.42,0.5659,VOLATILITY_ANOMALY,LOW,0.5659,rolling_volatility_threshold,Smooth,Demand volatility flagged: 14-day rolling std of 636.86 is 2.0x the 95th-percentile baseline (322.03) for product 192 in HR-NCR.,Review recent order patterns and supply chain disruptions. Consider adjusting safety-stock buffers.,0.0,0.0,57.930778595880156,636.861599588168
e9f8d57d-6318-4e4f-99f5-5ee9ec7eabb2,2022-07-06,19512,Delhi,9027.89,7845.92,0.9397,VOLATILITY_ANOMALY,LOW,0.9397,rolling_volatility_threshold,Smooth,Demand volatility flagged: 14-day rolling std of 1715.95 is 5.3x the 95th-percentile baseline (322.03) for product 19512 in Delhi.,Review recent order patterns and supply chain disruptions. Consider adjusting safety-stock buffers.,0.0,0.0,1181.9749967834205,1715.9500294385034
f1038cbc-c806-4898-a19d-b49ad891e421,2022-07-06,253317,Delhi,1071.57,1010.06,0.4653,VOLATILITY_ANOMALY,LOW,0.4653,rolling_volatility_threshold,Smooth,Demand volatility flagged: 14-day rolling std of 488.98 is 1.5x the 95th-percentile baseline (322.03) for product 253317 in Delhi.,Review recent order patterns and supply chain disruptions. Consider adjusting safety-stock buffers.,0.0,0.0,61.50945715223713,488.9756186457562
f436efac-b5d2-4030-a603-62d59549bf3c,2022-07-06,259923,Bengaluru,2264.98,859.31,1.0003,DEMAND_SPIKE,LOW,1.0,intermittent_percentile,Intermittent,Demand was flagged as unusual because the non-zero demand of 2265.0 units exceeded the 99th percentile (2264.4) of the intermittent-demand distribution for product 259923 in Bengaluru.,Review inventory availability and prepare emergency replenishment. Verify promotions or seasonal factors.,0.0,0.0,1405.6658672279027,181.76561905376957
7d6c9f0a-48d3-4c36-8448-ad8e0d401162,2022-07-06,314,Delhi,1937.95,1104.47,0.6466,VOLATILITY_ANOMALY,LOW,0.6466,rolling_volatility_threshold,Smooth,Demand volatility flagged: 14-day rolling std of 536.94 is 1.7x the 95th-percentile baseline (322.03) for product 314 in Delhi.,Review recent order patterns and supply chain disruptions. Consider adjusting safety-stock buffers.,0.0,0.0,833.4822224966363,536.9442442842646
3accbfde-22c6-4862-b6ce-9311fa08ac04,2022-07-06,314,HR-NCR,1430.56,820.41,1.0053,DEMAND_SPIKE,LOW,1.0,intermittent_percentile,Intermittent,Demand was flagged as unusual because the non-zero demand of 1430.6 units exceeded the 99th percentile (1423.0) of the intermittent-demand distribution for product 314 in HR-NCR.,Review inventory availability and prepare emergency replenishment. Verify promotions or seasonal factors.,0.0,0.0,610.1466912608648,386.9660553588648
72edd821-9f84-4d95-80f4-b8cb31862108,2022-07-06,329500,HR-NCR,1256.01,1970.51,0.6848,VOLATILITY_ANOMALY,LOW,0.6848,rolling_volatility_threshold,Smooth,Demand volatility flagged: 14-day rolling std of 512.87 is 1.6x the 95th-percentile baseline (322.03) for product 329500 in HR-NCR.,Review recent order patterns and supply chain disruptions. Consider adjusting safety-stock buffers.,0.0,0.0,-714.4996545991316,512.8733262999743
5e521c8a-5540-4a64-aa55-492038878af5,2022-07-06,352443,Delhi,1090.54,1036.07,0.597,VOLATILITY_ANOMALY,LOW,0.597,rolling_volatility_threshold,Smooth,Demand volatility flagged: 14-day rolling std of 831.38 is 2.6x the 95th-percentile baseline (322.03) for product 352443 in Delhi.,Review recent order patterns and supply chain disruptions. Consider adjusting safety-stock buffers.,0.0,0.0,54.469300665489754,831.3751767102502
fa33fd24-8606-4538-ba59-b11c1628fb50,2022-07-06,366654,Bengaluru,226.82,27.72,1.0044,DEMAND_SPIKE,LOW,1.0,intermittent_percentile,Intermittent,Demand was flagged as unusual because the non-zero demand of 226.8 units exceeded the 99th percentile (225.8) of the intermittent-demand distribution for product 366654 in Bengaluru.,Review inventory availability and prepare emergency replenishment. Verify promotions or seasonal factors.,0.0,0.0,199.09728447644937,41.40592143643225
5f61f1ab-e843-415b-9b32-7f27ee45f3d8,2022-07-06,374067,Delhi,220.78,90.95,1.0115,DEMAND_SPIKE,LOW,1.0,intermittent_percentile,Lumpy,Demand was flagged as unusual because the non-zero demand of 220.8 units exceeded the 99th percentile (218.3) of the intermittent-demand distribution for product 374067 in Delhi.,Review inventory availability and prepare emergency replenishment. Verify promotions or seasonal factors.,0.0,0.0,129.82860759673906,13.453507721036923
09ed56d9-9145-4e45-8fec-794a98b05b81,2022-07-06,388080,Delhi,922.34,182.64,1.0289,DEMAND_SPIKE,LOW,1.0,intermittent_percentile,Intermittent,Demand was flagged as unusual because the non-zero demand of 922.3 units exceeded the 99th percentile (896.4) of the intermittent-demand distribution for product 388080 in Delhi.,Review inventory availability and prepare emergency replenishment. Verify promotions or seasonal factors.,0.0,0.0,739.6972436676286,138.91652918209553
b365d7a5-16cd-4688-b3d0-2fa0b9964693,2022-07-06,3881,Delhi,4713.78,3961.73,0.8348,VOLATILITY_ANOMALY,LOW,0.8348,rolling_volatility_threshold,Smooth,Demand volatility flagged: 14-day rolling std of 999.61 is 3.1x the 95th-percentile baseline (322.03) for product 3881 in Delhi.,Review recent order patterns and supply chain disruptions. Consider adjusting safety-stock buffers.,0.0,0.0,752.0483654710006,999.6148008508075
2bd3ac60-41fd-496a-b4d1-922683c93bea,2022-07-06,3881,HR-NCR,3828.05,3832.64,0.815,VOLATILITY_ANOMALY,LOW,0.815,rolling_volatility_threshold,Smooth,Demand volatility flagged: 14-day rolling std of 1046.22 is 3.2x the 95th-percentile baseline (322.03) for product 3881 in HR-NCR.,Review recent order patterns and supply chain disruptions. Consider adjusting safety-stock buffers.,0.0,0.0,-4.594191224402039,1046.2245197040643
667ed3ff-6b77-44e1-a4d6-336d36ce32d2,2022-07-06,3881,HR-NCR,3828.05,3832.64,0.815,RESIDUAL_ANOMALY,LOW,0.815,isolation_forest,Smooth,"Demand flagged by Isolation Forest (score=0.8150) without crossing Modified Z-Score threshold. Observed=3828.1, expected=3832.6, residual=-4.6, Modified Z-Score=0.00.",Investigate demand deviation against operational baseline. Check for data quality issues or one-off events.,0.0,0.0,-4.594191224402039,1046.2245197040643
5b1965ab-b7b5-4ef4-a236-422d671f2625,2022-07-06,3888,Delhi,1774.09,1329.89,0.5481,VOLATILITY_ANOMALY,LOW,0.5481,rolling_volatility_threshold,Smooth,Demand volatility flagged: 14-day rolling std of 521.67 is 1.6x the 95th-percentile baseline (322.03) for product 3888 in Delhi.,Review recent order patterns and supply chain disruptions. Consider adjusting safety-stock buffers.,0.0,0.0,444.2008662781602,521.6736698837694
5f33e140-3eee-48bc-b235-b065cb7c6b10,2022-07-06,3889,Delhi,898.2,670.0,0.6867,VOLATILITY_ANOMALY,LOW,0.6867,rolling_volatility_threshold,Smooth,Demand volatility flagged: 14-day rolling std of 1180.07 is 3.7x the 95th-percentile baseline (322.03) for product 3889 in Delhi.,Review recent order patterns and supply chain disruptions. Consider adjusting safety-stock buffers.,0.0,0.0,228.19816973822822,1180.0651200760067
d238dbd4-91c8-49ea-828c-a2d3be71bad5,2022-07-06,3898,Delhi,3680.01,3609.15,0.628,DEMAND_SPIKE,LOW,0.628,isolation_forest,Smooth,"Demand flagged by Isolation Forest (score=0.6280) without crossing Modified Z-Score threshold. Observed=3680.0, expected=3609.1, residual=+70.9, Modified Z-Score=0.00.",Review inventory availability and prepare emergency replenishment. Verify promotions or seasonal factors.,0.0,0.0,70.86048673579626,307.77450549062723
3c30cd29-0ebc-46b4-8435-f307fa288405,2022-07-06,391306,Delhi,6037.01,3403.96,0.952,VOLATILITY_ANOMALY,LOW,0.952,rolling_volatility_threshold,Smooth,Demand volatility flagged: 14-day rolling std of 1185.43 is 3.7x the 95th-percentile baseline (322.03) for product 391306 in Delhi.,Review recent order patterns and supply chain disruptions. Consider adjusting safety-stock buffers.,0.0,0.0,2633.0517212423574,1185.4294584664244
3920d74f-9192-4dd3-b680-9c483c79b022,2022-07-06,391306,HR-NCR,3580.83,3508.0,0.7493,VOLATILITY_ANOMALY,LOW,0.7493,rolling_volatility_threshold,Smooth,Demand volatility flagged: 14-day rolling std of 678.66 is 2.1x the 95th-percentile baseline (322.03) for product 391306 in HR-NCR.,Review recent order patterns and supply chain disruptions. Consider adjusting safety-stock buffers.,0.0,0.0,72.83109529536841,678.6581377247309
091d24b3-b5ca-4f10-a16d-159ab9bff850,2022-07-06,391306,HR-NCR,3580.83,3508.0,0.7493,DEMAND_SPIKE,LOW,0.7493,isolation_forest,Smooth,"Demand flagged by Isolation Forest (score=0.7493) without crossing Modified Z-Score threshold. Observed=3580.8, expected=3508.0, residual=+72.8, Modified Z-Score=0.00.",Review inventory availability and prepare emergency replenishment. Verify promotions or seasonal factors.,0.0,0.0,72.83109529536841,678.6581377247309
7cfddea0-a8b9-4af4-bdd9-ecf456736b72,2022-07-06,395336,Delhi,1011.99,609.86,1.0027,DEMAND_SPIKE,LOW,1.0,intermittent_percentile,Lumpy,Demand was flagged as unusual because the non-zero demand of 1012.0 units exceeded the 99th percentile (1009.3) of the intermittent-demand distribution for product 395336 in Delhi.,Review inventory availability and prepare emergency replenishment. Verify promotions or seasonal factors.,0.0,0.0,402.1289366759281,86.48488613624926
17d85ed2-2bda-415f-ad5c-c956537e7eff,2022-07-06,399908,HR-NCR,306.62,169.82,1.0075,DEMAND_SPIKE,LOW,1.0,intermittent_percentile,Lumpy,Demand was flagged as unusual because the non-zero demand of 306.6 units exceeded the 99th percentile (304.3) of the intermittent-demand distribution for product 399908 in HR-NCR.,Review inventory availability and prepare emergency replenishment. Verify promotions or seasonal factors.,0.0,0.0,136.79718051528835,15.005864853449792
c4d241f0-ead7-4e09-8634-71f2b83e24a2,2022-07-06,405109,Delhi,764.73,61.8,1.0339,DEMAND_SPIKE,LOW,1.0,intermittent_percentile,Lumpy,Demand was flagged as unusual because the non-zero demand of 764.7 units exceeded the 99th percentile (739.7) of the intermittent-demand distribution for product 405109 in Delhi.,Review inventory availability and prepare emergency replenishment. Verify promotions or seasonal factors.,0.0,0.0,702.9282714916659,151.10163500108132
f67106da-d8a0-4758-96b1-7cd02b5b6e67,2022-07-06,409341,Delhi,235.85,147.75,1.0139,DEMAND_SPIKE,LOW,1.0,intermittent_percentile,Lumpy,Demand was flagged as unusual because the non-zero demand of 235.8 units exceeded the 99th percentile (232.6) of the intermittent-demand distribution for product 409341 in Delhi.,Review inventory availability and prepare emergency replenishment. Verify promotions or seasonal factors.,0.0,0.0,88.09594196304468,15.069269391712393
d0a9b990-f829-4285-8f1a-1f3dc5687d15,2022-07-06,445675,Bengaluru,2435.84,2650.63,0.7302,VOLATILITY_ANOMALY,LOW,0.7302,rolling_volatility_threshold,Smooth,Demand volatility flagged: 14-day rolling std of 788.73 is 2.4x the 95th-percentile baseline (322.03) for product 445675 in Bengaluru.,Review recent order patterns and supply chain disruptions. Consider adjusting safety-stock buffers.,0.0,0.0,-214.78707977111299,788.725271136915
308a0f1e-ef48-44a8-ba22-21beba9c113b,2022-07-06,445675,Delhi,3013.49,1502.33,0.8088,VOLATILITY_ANOMALY,LOW,0.8088,rolling_volatility_threshold,Smooth,Demand volatility flagged: 14-day rolling std of 709.33 is 2.2x the 95th-percentile baseline (322.03) for product 445675 in Delhi.,Review recent order patterns and supply chain disruptions. Consider adjusting safety-stock buffers.,0.0,0.0,1511.1631621623178,709.3335165844061
0b673c95-2cf9-4007-8377-367ed3954572,2022-07-06,445675,HR-NCR,1690.13,1471.5,0.6148,VOLATILITY_ANOMALY,LOW,0.6148,rolling_volatility_threshold,Smooth,Demand volatility flagged: 14-day rolling std of 702.87 is 2.2x the 95th-percentile baseline (322.03) for product 445675 in HR-NCR.,Review recent order patterns and supply chain disruptions. Consider adjusting safety-stock buffers.,0.0,0.0,218.63001429475935,702.8744069746742
9dd0e2fb-5a68-44c2-8ef5-7bc39065bace,2022-07-06,467648,Delhi,366.3,12.31,1.0064,DEMAND_SPIKE,LOW,1.0,intermittent_percentile,Lumpy,Demand was flagged as unusual because the non-zero demand of 366.3 units exceeded the 99th percentile (364.0) of the intermittent-demand distribution for product 467648 in Delhi.,Review inventory availability and prepare emergency replenishment. Verify promotions or seasonal factors.,0.0,0.0,353.98630772013456,109.40248571216286
0f9eaa69-f3a0-46f9-9302-bf683cba3e40,2022-07-06,478882,Bengaluru,323.66,20.66,1.0022,DEMAND_SPIKE,LOW,1.0,intermittent_percentile,Intermittent,Demand was flagged as unusual because the non-zero demand of 323.7 units exceeded the 99th percentile (323.0) of the intermittent-demand distribution for product 478882 in Bengaluru.,Review inventory availability and prepare emergency replenishment. Verify promotions or seasonal factors.,0.0,0.0,302.99846454220847,63.84907736216711
a4103fb6-d03a-4085-8f47-45c89e2095b4,2022-07-06,483187,Delhi,804.04,15.32,1.0206,DEMAND_SPIKE,LOW,1.0,intermittent_percentile,Intermittent,Demand was flagged as unusual because the non-zero demand of 804.0 units exceeded the 99th percentile (787.8) of the intermittent-demand distribution for product 483187 in Delhi.,Review inventory availability and prepare emergency replenishment. Verify promotions or seasonal factors.,0.0,0.0,788.7166120127599,172.08975936992883
4834c683-a1aa-4c21-af81-a14d61066b8b,2022-07-06,484064,Delhi,675.72,133.96,1.0112,DEMAND_SPIKE,LOW,1.0,intermittent_percentile,Intermittent,Demand was flagged as unusual because the non-zero demand of 675.7 units exceeded the 99th percentile (668.2) of the intermittent-demand distribution for product 484064 in Delhi.,Review inventory availability and prepare emergency replenishment. Verify promotions or seasonal factors.,0.0,0.0,541.761507153578,58.069292401406116
8acb81b6-3cda-4924-a851-66ee9f1a32ba,2022-07-06,488111,Delhi,298.73,0.0,1.0037,DEMAND_SPIKE,LOW,1.0,intermittent_percentile,Intermittent,Demand was flagged as unusual because the non-zero demand of 298.7 units exceeded the 99th percentile (297.6) of the intermittent-demand distribution for product 488111 in Delhi.,Review inventory availability and prepare emergency replenishment. Verify promotions or seasonal factors.,0.0,0.0,298.73,67.99961007241144
e7b1293f-1c98-4c18-9cfd-5602026f0edb,2022-07-06,52,Delhi,2145.4,2134.28,0.6568,VOLATILITY_ANOMALY,LOW,0.6568,rolling_volatility_threshold,Smooth,Demand volatility flagged: 14-day rolling std of 693.28 is 2.2x the 95th-percentile baseline (322.03) for product 52 in Delhi.,Review recent order patterns and supply chain disruptions. Consider adjusting safety-stock buffers.,0.0,0.0,11.122693447275196,693.2754954561713
eaa70a3f-5d8e-4968-9b66-86df84817d44,2022-07-06,52,Delhi,2145.4,2134.28,0.6568,RESIDUAL_ANOMALY,LOW,0.6568,isolation_forest,Smooth,"Demand flagged by Isolation Forest (score=0.6568) without crossing Modified Z-Score threshold. Observed=2145.4, expected=2134.3, residual=+11.1, Modified Z-Score=0.00.",Investigate demand deviation against operational baseline. Check for data quality issues or one-off events.,0.0,0.0,11.122693447275196,693.2754954561713
bfd8ac5c-f1d9-41be-9650-34ac5a9da6ad,2022-07-06,9098,Delhi,636.29,369.43,1.0052,DEMAND_SPIKE,LOW,1.0,intermittent_percentile,Intermittent,Demand was flagged as unusual because the non-zero demand of 636.3 units exceeded the 99th percentile (633.0) of the intermittent-demand distribution for product 9098 in Delhi.,Review inventory availability and prepare emergency replenishment. Verify promotions or seasonal factors.,0.0,0.0,266.8633962163105,120.30371162187807
87060745-9794-4679-acf1-124dc7492a7e,2022-07-06,94410,Mumbai,272.72,100.63,1.0079,DEMAND_SPIKE,LOW,1.0,intermittent_percentile,Lumpy,Demand was flagged as unusual because the non-zero demand of 272.7 units exceeded the 99th percentile (270.6) of the intermittent-demand distribution for product 94410 in Mumbai.,Review inventory availability and prepare emergency replenishment. Verify promotions or seasonal factors.,0.0,0.0,172.09092643328756,35.12874720225588
b99aad48-375b-413f-ac58-6fe8014d0179,2022-07-05,105,Delhi,1332.1,2382.82,0.7909,VOLATILITY_ANOMALY,LOW,0.7909,rolling_volatility_threshold,Smooth,Demand volatility flagged: 14-day rolling std of 890.52 is 2.8x the 95th-percentile baseline (322.03) for product 105 in Delhi.,Review recent order patterns and supply chain disruptions. Consider adjusting safety-stock buffers.,0.0,0.0,-1050.7188018705315,890.5165258947567
2acc4b88-cbb9-4752-94fa-1930e7c13d0c,2022-07-05,12872,Delhi,5581.8,6704.36,0.9375,VOLATILITY_ANOMALY,LOW,0.9375,rolling_volatility_threshold,Smooth,Demand volatility flagged: 14-day rolling std of 1436.93 is 4.5x the 95th-percentile baseline (322.03) for product 12872 in Delhi.,Review recent order patterns and supply chain disruptions. Consider adjusting safety-stock buffers.,0.0,0.0,-1122.5581351871197,1436.9298725291599
f4052f9f-2d2e-42f2-bebe-42e7f979c86e,2022-07-05,15907,Delhi,1294.49,1996.52,0.7251,VOLATILITY_ANOMALY,LOW,0.7251,rolling_volatility_threshold,Smooth,Demand volatility flagged: 14-day rolling std of 677.56 is 2.1x the 95th-percentile baseline (322.03) for product 15907 in Delhi.,Review recent order patterns and supply chain disruptions. Consider adjusting safety-stock buffers.,0.0,0.0,-702.0298110858785,677.5645309980937
6219514c-1420-4fee-9fef-cd31184c7167,2022-07-05,160704,Delhi,2583.73,2368.37,0.5794,VOLATILITY_ANOMALY,LOW,0.5794,rolling_volatility_threshold,Smooth,Demand volatility flagged: 14-day rolling std of 485.24 is 1.5x the 95th-percentile baseline (322.03) for product 160704 in Delhi.,Review recent order patterns and supply chain disruptions. Consider adjusting safety-stock buffers.,0.0,0.0,215.3612850665504,485.2423763010948
b371ee3b-e3b7-4a07-938e-a213a7e7eb03,2022-07-05,176,Delhi,829.96,995.61,0.4728,VOLATILITY_ANOMALY,LOW,0.4728,rolling_volatility_threshold,Smooth,Demand volatility flagged: 14-day rolling std of 485.81 is 1.5x the 95th-percentile baseline (322.03) for product 176 in Delhi.,Review recent order patterns and supply chain disruptions. Consider adjusting safety-stock buffers.,0.0,0.0,-165.650455910681,485.81333845933057
41b1d3b1-f4ef-4671-afa9-d0bc6160937e,2022-07-05,18546,Delhi,1273.89,1119.88,0.5126,VOLATILITY_ANOMALY,LOW,0.5126,rolling_volatility_threshold,Smooth,Demand volatility flagged: 14-day rolling std of 520.39 is 1.6x the 95th-percentile baseline (322.03) for product 18546 in Delhi.,Review recent order patterns and supply chain disruptions. Consider adjusting safety-stock buffers.,0.0,0.0,154.0087964304157,520.385971010941
e3161e02-32c2-4bd6-8704-47a4422b6009,2022-07-05,192,HR-NCR,1609.07,470.59,0.7239,VOLATILITY_ANOMALY,LOW,0.7239,rolling_volatility_threshold,Smooth,Demand volatility flagged: 14-day rolling std of 688.66 is 2.1x the 95th-percentile baseline (322.03) for product 192 in HR-NCR.,Review recent order patterns and supply chain disruptions. Consider adjusting safety-stock buffers.,0.0,0.0,1138.4793694699565,688.6621310192685
698acdf5-ea2a-4803-a20d-c681f4d02cb4,2022-07-05,19512,Delhi,7896.91,7940.32,0.9021,VOLATILITY_ANOMALY,LOW,0.9021,rolling_volatility_threshold,Smooth,Demand volatility flagged: 14-day rolling std of 1774.18 is 5.5x the 95th-percentile baseline (322.03) for product 19512 in Delhi.,Review recent order patterns and supply chain disruptions. Consider adjusting safety-stock buffers.,0.0,0.0,-43.41223787218041,1774.1837468631406
dd9bacb3-c422-4a7f-81a0-59263feea77c,2022-07-05,19512,Delhi,7896.91,7940.32,0.9021,RESIDUAL_ANOMALY,LOW,0.9021,isolation_forest,Smooth,"Demand flagged by Isolation Forest (score=0.9021) without crossing Modified Z-Score threshold. Observed=7896.9, expected=7940.3, residual=-43.4, Modified Z-Score=0.00.",Investigate demand deviation against operational baseline. Check for data quality issues or one-off events.,0.0,0.0,-43.41223787218041,1774.1837468631406
c0f9dd63-b3dc-42a2-ada5-732de1e97b41,2022-07-05,19925,Delhi,2647.67,2585.12,0.5945,VOLATILITY_ANOMALY,LOW,0.5945,rolling_volatility_threshold,Smooth,Demand volatility flagged: 14-day rolling std of 491.38 is 1.5x the 95th-percentile baseline (322.03) for product 19925 in Delhi.,Review recent order patterns and supply chain disruptions. Consider adjusting safety-stock buffers.,0.0,0.0,62.549981010324245,491.38215633727157
8873599c-0545-414e-aa4b-a9e87ce11814,2022-07-05,216251,Delhi,285.72,166.31,1.0009,DEMAND_SPIKE,LOW,1.0,intermittent_percentile,Lumpy,Demand was flagged as unusual because the non-zero demand of 285.7 units exceeded the 99th percentile (285.5) of the intermittent-demand distribution for product 216251 in Delhi.,Review inventory availability and prepare emergency replenishment. Verify promotions or seasonal factors.,0.0,0.0,119.41107751529714,25.98806200290178
2afe28f9-ff32-4044-8e35-326e8daf14b2,2022-07-05,23653,Delhi,818.83,872.3,0.4643,VOLATILITY_ANOMALY,LOW,0.4643,rolling_volatility_threshold,Smooth,Demand volatility flagged: 14-day rolling std of 502.26 is 1.6x the 95th-percentile baseline (322.03) for product 23653 in Delhi.,Review recent order patterns and supply chain disruptions. Consider adjusting safety-stock buffers.,0.0,0.0,-53.47304738091657,502.26175236789294
5f892794-a6ab-4796-8558-fbe52af4d525,2022-07-05,253317,Delhi,626.92,1292.32,0.6214,VOLATILITY_ANOMALY,LOW,0.6214,rolling_volatility_threshold,Smooth,Demand volatility flagged: 14-day rolling std of 485.34 is 1.5x the 95th-percentile baseline (322.03) for product 253317 in Delhi.,Review recent order patterns and supply chain disruptions. Consider adjusting safety-stock buffers.,0.0,0.0,-665.3989076854269,485.34098010230565
3bb6b5ee-0007-46ab-bb83-4ec1472cda80,2022-07-05,314,Delhi,1086.5,1183.46,0.5246,VOLATILITY_ANOMALY,LOW,0.5246,rolling_volatility_threshold,Smooth,Demand volatility flagged: 14-day rolling std of 549.00 is 1.7x the 95th-percentile baseline (322.03) for product 314 in Delhi.,Review recent order patterns and supply chain disruptions. Consider adjusting safety-stock buffers.,0.0,0.0,-96.96158609274448,548.9953527656982
93780f6f-736c-47b1-9664-2ea4c92011a1,2022-07-05,325764,Delhi,310.09,138.98,1.0134,DEMAND_SPIKE,LOW,1.0,intermittent_percentile,Lumpy,Demand was flagged as unusual because the non-zero demand of 310.1 units exceeded the 99th percentile (306.0) of the intermittent-demand distribution for product 325764 in Delhi.,Review inventory availability and prepare emergency replenishment. Verify promotions or seasonal factors.,0.0,0.0,171.11078785566806,30.087656799203675
dbfbe89d-7c8f-407b-988a-283133d73434,2022-07-05,34778,Delhi,1252.1,1168.05,0.4874,VOLATILITY_ANOMALY,LOW,0.4874,rolling_volatility_threshold,Smooth,Demand volatility flagged: 14-day rolling std of 508.47 is 1.6x the 95th-percentile baseline (322.03) for product 34778 in Delhi.,Review recent order patterns and supply chain disruptions. Consider adjusting safety-stock buffers.,0.0,0.0,84.05183997347626,508.47481526456477
c3ae7e20-1564-4bb6-beff-ea3324056d70,2022-07-05,352443,Delhi,1503.57,1023.55,0.659,VOLATILITY_ANOMALY,LOW,0.659,rolling_volatility_threshold,Smooth,Demand volatility flagged: 14-day rolling std of 908.27 is 2.8x the 95th-percentile baseline (322.03) for product 352443 in Delhi.,Review recent order patterns and supply chain disruptions. Consider adjusting safety-stock buffers.,0.0,0.0,480.02270934429396,908.2745130741035
b590255f-e304-468d-a20b-84de5db55a29,2022-07-05,3881,Delhi,4407.02,3849.98,0.8348,VOLATILITY_ANOMALY,LOW,0.8348,rolling_volatility_threshold,Smooth,Demand volatility flagged: 14-day rolling std of 1151.86 is 3.6x the 95th-percentile baseline (322.03) for product 3881 in Delhi.,Review recent order patterns and supply chain disruptions. Consider adjusting safety-stock buffers.,0.0,0.0,557.0357044511006,1151.856031176784
2abcc163-61be-4df1-9fcf-db6b42696e21,2022-07-05,3881,HR-NCR,3039.93,3503.18,0.8379,VOLATILITY_ANOMALY,LOW,0.8379,rolling_volatility_threshold,Smooth,Demand volatility flagged: 14-day rolling std of 1182.68 is 3.7x the 95th-percentile baseline (322.03) for product 3881 in HR-NCR.,Review recent order patterns and supply chain disruptions. Consider adjusting safety-stock buffers.,0.0,0.0,-463.25220905893775,1182.6845433166022
db96eb45-9b32-4012-a58a-44d4c6fd2858,2022-07-05,3888,Delhi,2216.25,1063.04,0.7195,VOLATILITY_ANOMALY,LOW,0.7195,rolling_volatility_threshold,Smooth,Demand volatility flagged: 14-day rolling std of 578.12 is 1.8x the 95th-percentile baseline (322.03) for product 3888 in Delhi.,Review recent order patterns and supply chain disruptions. Consider adjusting safety-stock buffers.,0.0,0.0,1153.205805049604,578.1206313780889
14370700-4f7d-4c34-863a-e1559adf35c0,2022-07-05,3889,Delhi,3417.66,2547.55,0.7872,VOLATILITY_ANOMALY,LOW,0.7872,rolling_volatility_threshold,Smooth,Demand volatility flagged: 14-day rolling std of 822.25 is 2.6x the 95th-percentile baseline (322.03) for product 3889 in Delhi.,Review recent order patterns and supply chain disruptions. Consider adjusting safety-stock buffers.,0.0,0.0,870.1102070467364,822.2459869315265
7785dde6-8850-4eb6-8fa1-f7643742ae68,2022-07-05,391306,Delhi,7941.7,4666.9,0.9873,VOLATILITY_ANOMALY,LOW,0.9873,rolling_volatility_threshold,Smooth,Demand volatility flagged: 14-day rolling std of 1226.83 is 3.8x the 95th-percentile baseline (322.03) for product 391306 in Delhi.,Review recent order patterns and supply chain disruptions. Consider adjusting safety-stock buffers.,0.0,0.0,3274.8041229414102,1226.8343039268452
40b69d35-622e-4004-9b24-12419d4e3da7,2022-07-05,391306,HR-NCR,4142.01,3527.27,0.7771,VOLATILITY_ANOMALY,LOW,0.7771,rolling_volatility_threshold,Smooth,Demand volatility flagged: 14-day rolling std of 728.53 is 2.3x the 95th-percentile baseline (322.03) for product 391306 in HR-NCR.,Review recent order patterns and supply chain disruptions. Consider adjusting safety-stock buffers.,0.0,0.0,614.744312712593,728.5348608623107
0a68ac16-1d71-4983-9df2-298b30b66abe,2022-07-05,400105,Delhi,2599.16,2382.82,0.6039,VOLATILITY_ANOMALY,LOW,0.6039,rolling_volatility_threshold,Smooth,Demand volatility flagged: 14-day rolling std of 526.97 is 1.6x the 95th-percentile baseline (322.03) for product 400105 in Delhi.,Review recent order patterns and supply chain disruptions. Consider adjusting safety-stock buffers.,0.0,0.0,216.34119812946847,526.9679329507
6e37ff8b-2637-42c7-9019-a10c93a5b4b4,2022-07-05,404347,Delhi,514.92,25.08,1.0016,DEMAND_SPIKE,LOW,1.0,intermittent_percentile,Intermittent,Demand was flagged as unusual because the non-zero demand of 514.9 units exceeded the 99th percentile (514.1) of the intermittent-demand distribution for product 404347 in Delhi.,Review inventory availability and prepare emergency replenishment. Verify promotions or seasonal factors.,0.0,0.0,489.843848158609,108.30020529374202
dc7aae30-131a-4798-b393-58d274254106,2022-07-05,425780,Delhi,843.69,887.72,0.4948,VOLATILITY_ANOMALY,LOW,0.4948,rolling_volatility_threshold,Smooth,Demand volatility flagged: 14-day rolling std of 533.19 is 1.7x the 95th-percentile baseline (322.03) for product 425780 in Delhi.,Review recent order patterns and supply chain disruptions. Consider adjusting safety-stock buffers.,0.0,0.0,-44.026473447137164,533.185565133441
23e73906-0e6c-44cc-ac27-7f15d9a38f54,2022-07-05,445675,Bengaluru,1787.25,2757.56,0.7663,VOLATILITY_ANOMALY,LOW,0.7663,rolling_volatility_threshold,Smooth,Demand volatility flagged: 14-day rolling std of 678.88 is 2.1x the 95th-percentile baseline (322.03) for product 445675 in Bengaluru.,Review recent order patterns and supply chain disruptions. Consider adjusting safety-stock buffers.,0.0,0.0,-970.3077231055186,678.880765304188
e235900e-7ef3-4f88-a318-a70f48734a98,2022-07-05,445675,Delhi,1348.17,1653.57,0.6721,VOLATILITY_ANOMALY,LOW,0.6721,rolling_volatility_threshold,Smooth,Demand volatility flagged: 14-day rolling std of 815.32 is 2.5x the 95th-percentile baseline (322.03) for product 445675 in Delhi.,Review recent order patterns and supply chain disruptions. Consider adjusting safety-stock buffers.,0.0,0.0,-305.40108111247105,815.3210533025215
8c3a7d28-17dc-494b-b228-01e1c3608207,2022-07-05,445675,HR-NCR,2467.14,1709.44,0.7229,VOLATILITY_ANOMALY,LOW,0.7229,rolling_volatility_threshold,Smooth,Demand volatility flagged: 14-day rolling std of 768.61 is 2.4x the 95th-percentile baseline (322.03) for product 445675 in HR-NCR.,Review recent order patterns and supply chain disruptions. Consider adjusting safety-stock buffers.,0.0,0.0,757.6952493974793,768.6125000284604
220d1bd5-d56a-4106-915e-7b70c17bd72f,2022-07-05,458952,Delhi,515.39,83.83,1.005,DEMAND_SPIKE,LOW,1.0,intermittent_percentile,Intermittent,Demand was flagged as unusual because the non-zero demand of 515.4 units exceeded the 99th percentile (512.8) of the intermittent-demand distribution for product 458952 in Delhi.,Review inventory availability and prepare emergency replenishment. Verify promotions or seasonal factors.,0.0,0.0,431.56452414238026,60.48429024686215
ef681a7e-3149-48dd-8fdf-ddce63914831,2022-07-05,483695,Mumbai,581.15,0.0,1.0002,DEMAND_SPIKE,LOW,1.0,intermittent_percentile,Intermittent,Demand was flagged as unusual because the non-zero demand of 581.1 units exceeded the 99th percentile (581.0) of the intermittent-demand distribution for product 483695 in Mumbai.,Review inventory availability and prepare emergency replenishment. Verify promotions or seasonal factors.,0.0,0.0,581.15,108.9266280576058
4babb84e-3858-4404-b828-f74abce8859b,2022-07-05,483705,Delhi,315.07,48.81,1.0162,DEMAND_SPIKE,LOW,1.0,intermittent_percentile,Intermittent,Demand was flagged as unusual because the non-zero demand of 315.1 units exceeded the 99th percentile (310.0) of the intermittent-demand distribution for product 483705 in Delhi.,Review inventory availability and prepare emergency replenishment. Verify promotions or seasonal factors.,0.0,0.0,266.255812465494,56.96152180785436
3fb9f3b5-e458-40e9-b63b-b9f41f0e518d,2022-07-05,486377,Delhi,458.84,0.0,1.019,DEMAND_SPIKE,LOW,1.0,intermittent_percentile,Intermittent,Demand was flagged as unusual because the non-zero demand of 458.8 units exceeded the 99th percentile (450.3) of the intermittent-demand distribution for product 486377 in Delhi.,Review inventory availability and prepare emergency replenishment. Verify promotions or seasonal factors.,0.0,0.0,458.84,64.27578775609574
5d6f48ab-6cca-4331-b9ba-3e891db21172,2022-07-05,52,Delhi,1398.81,2278.78,0.7183,VOLATILITY_ANOMALY,LOW,0.7183,rolling_volatility_threshold,Smooth,Demand volatility flagged: 14-day rolling std of 583.69 is 1.8x the 95th-percentile baseline (322.03) for product 52 in Delhi.,Review recent order patterns and supply chain disruptions. Consider adjusting safety-stock buffers.,0.0,0.0,-879.9681759235423,583.6877492575402
0b01ba7e-e6d7-4139-a00a-ba5f294f78e0,2022-07-05,9483,HR-NCR,970.4,484.88,1.004,DEMAND_SPIKE,LOW,1.0,intermittent_percentile,Intermittent,Demand was flagged as unusual because the non-zero demand of 970.4 units exceeded the 99th percentile (966.5) of the intermittent-demand distribution for product 9483 in HR-NCR.,Review inventory availability and prepare emergency replenishment. Verify promotions or seasonal factors.,0.0,0.0,485.5241574323251,126.86437019510244
7c09df92-cfc0-4da4-9ea7-f4aab98e28c2,2022-07-04,105,Delhi,1496.04,3245.01,0.8147,VOLATILITY_ANOMALY,LOW,0.8147,rolling_volatility_threshold,Smooth,Demand volatility flagged: 14-day rolling std of 1001.73 is 3.1x the 95th-percentile baseline (322.03) for product 105 in Delhi.,Review recent order patterns and supply chain disruptions. Consider adjusting safety-stock buffers.,0.0,0.0,-1748.9673224497442,1001.7252413877437
d107fc20-25a5-4f5c-be08-f3f92482124d,2022-07-04,12872,Delhi,6598.58,5205.4,0.9363,VOLATILITY_ANOMALY,LOW,0.9363,rolling_volatility_threshold,Smooth,Demand volatility flagged: 14-day rolling std of 1524.74 is 4.7x the 95th-percentile baseline (322.03) for product 12872 in Delhi.,Review recent order patterns and supply chain disruptions. Consider adjusting safety-stock buffers.,0.0,0.0,1393.1775497528297,1524.7406940525993
e69667ac-2ec7-4395-82d9-620f4a521060,2022-07-04,12872,HR-NCR,4802.89,4828.74,0.6414,RESIDUAL_ANOMALY,LOW,0.6414,isolation_forest,Smooth,"Demand flagged by Isolation Forest (score=0.6414) without crossing Modified Z-Score threshold. Observed=4802.9, expected=4828.7, residual=-25.8, Modified Z-Score=0.00.",Investigate demand deviation against operational baseline. Check for data quality issues or one-off events.,0.0,0.0,-25.846850753905528,153.80624174590605
9814dc66-092e-4dc9-95ee-0b69f7045d0b,2022-07-04,176,Delhi,967.48,1244.15,0.5993,VOLATILITY_ANOMALY,LOW,0.5993,rolling_volatility_threshold,Smooth,Demand volatility flagged: 14-day rolling std of 591.56 is 1.8x the 95th-percentile baseline (322.03) for product 176 in Delhi.,Review recent order patterns and supply chain disruptions. Consider adjusting safety-stock buffers.,0.0,0.0,-276.6719512284876,591.5578082768695
0ac1ebd6-b0ba-4918-a631-be5a70255810,2022-07-04,18546,Delhi,1220.55,1828.9,0.6408,VOLATILITY_ANOMALY,LOW,0.6408,rolling_volatility_threshold,Smooth,Demand volatility flagged: 14-day rolling std of 505.04 is 1.6x the 95th-percentile baseline (322.03) for product 18546 in Delhi.,Review recent order patterns and supply chain disruptions. Consider adjusting safety-stock buffers.,0.0,0.0,-608.3488026157299,505.03900077122756
44e84231-509c-42e1-b377-c2906735d46e,2022-07-04,192,Delhi,1345.98,1586.14,0.5804,VOLATILITY_ANOMALY,LOW,0.5804,rolling_volatility_threshold,Smooth,Demand volatility flagged: 14-day rolling std of 542.48 is 1.7x the 95th-percentile baseline (322.03) for product 192 in Delhi.,Review recent order patterns and supply chain disruptions. Consider adjusting safety-stock buffers.,0.0,0.0,-240.15734207275614,542.4834826056918
d05cb2d7-26d7-43d6-a6a2-3cf908de10fa,2022-07-04,192,HR-NCR,840.72,1797.11,0.7474,VOLATILITY_ANOMALY,LOW,0.7474,rolling_volatility_threshold,Smooth,Demand volatility flagged: 14-day rolling std of 814.37 is 2.5x the 95th-percentile baseline (322.03) for product 192 in HR-NCR.,Review recent order patterns and supply chain disruptions. Consider adjusting safety-stock buffers.,0.0,0.0,-956.38861135415,814.3698218254408
a55eb62b-2a1b-4bea-8012-9e825d32b316,2022-07-04,19512,Delhi,8649.78,9090.55,0.9397,VOLATILITY_ANOMALY,LOW,0.9397,rolling_volatility_threshold,Smooth,Demand volatility flagged: 14-day rolling std of 2028.05 is 6.3x the 95th-percentile baseline (322.03) for product 19512 in Delhi.,Review recent order patterns and supply chain disruptions. Consider adjusting safety-stock buffers.,0.0,0.0,-440.7691580638875,2028.0459316872812
c7d10d7a-7ff4-43fb-a08a-a80faa3f7940,2022-07-04,23653,Delhi,872.22,1380.95,0.653,VOLATILITY_ANOMALY,LOW,0.653,rolling_volatility_threshold,Smooth,Demand volatility flagged: 14-day rolling std of 605.91 is 1.9x the 95th-percentile baseline (322.03) for product 23653 in Delhi.,Review recent order patterns and supply chain disruptions. Consider adjusting safety-stock buffers.,0.0,0.0,-508.72610756619497,605.9073083401453
fdcef1fa-d8a8-49db-9bd9-a00659c37cd2,2022-07-04,314,Delhi,1073.31,1855.87,0.6577,VOLATILITY_ANOMALY,LOW,0.6577,rolling_volatility_threshold,Smooth,Demand volatility flagged: 14-day rolling std of 484.38 is 1.5x the 95th-percentile baseline (322.03) for product 314 in Delhi.,Review recent order patterns and supply chain disruptions. Consider adjusting safety-stock buffers.,0.0,0.0,-782.5622982316161,484.3807137297411
f9a3db0e-d22b-4d84-a873-c32d3b90422c,2022-07-04,336628,Delhi,653.03,211.45,0.5312,VOLATILITY_ANOMALY,LOW,0.5312,rolling_volatility_threshold,Smooth,Demand volatility flagged: 14-day rolling std of 532.76 is 1.7x the 95th-percentile baseline (322.03) for product 336628 in Delhi.,Review recent order patterns and supply chain disruptions. Consider adjusting safety-stock buffers.,0.0,0.0,441.57759520828967,532.7638099570953
eb574dd9-92d7-44e2-a42b-e7f228917874,2022-07-04,34778,Delhi,1226.62,1932.94,0.7135,VOLATILITY_ANOMALY,LOW,0.7135,rolling_volatility_threshold,Smooth,Demand volatility flagged: 14-day rolling std of 615.21 is 1.9x the 95th-percentile baseline (322.03) for product 34778 in Delhi.,Review recent order patterns and supply chain disruptions. Consider adjusting safety-stock buffers.,0.0,0.0,-706.3194285627185,615.2125491513751
7c52c219-ead5-4a4c-9426-7752eb728190,2022-07-04,352443,Delhi,1881.82,1271.13,0.7444,VOLATILITY_ANOMALY,LOW,0.7444,rolling_volatility_threshold,Smooth,Demand volatility flagged: 14-day rolling std of 1097.31 is 3.4x the 95th-percentile baseline (322.03) for product 352443 in Delhi.,Review recent order patterns and supply chain disruptions. Consider adjusting safety-stock buffers.,0.0,0.0,610.6945531556264,1097.3104466072184
d9d9cba4-1b71-4393-bcc5-35de0061c60c,2022-07-04,369013,HR-NCR,304.15,218.42,1.0132,DEMAND_SPIKE,LOW,1.0,intermittent_percentile,Intermittent,Demand was flagged as unusual because the non-zero demand of 304.1 units exceeded the 99th percentile (300.2) of the intermittent-demand distribution for product 369013 in HR-NCR.,Review inventory availability and prepare emergency replenishment. Verify promotions or seasonal factors.,0.0,0.0,85.73026752224786,32.62223525960985
67ac5191-13e3-427a-b213-0f1934f65ea1,2022-07-04,3881,Delhi,3470.48,4602.35,0.8989,VOLATILITY_ANOMALY,LOW,0.8989,rolling_volatility_threshold,Smooth,Demand volatility flagged: 14-day rolling std of 1253.58 is 3.9x the 95th-percentile baseline (322.03) for product 3881 in Delhi.,Review recent order patterns and supply chain disruptions. Consider adjusting safety-stock buffers.,0.0,0.0,-1131.8721554062909,1253.5839818828783
32eccd31-797c-4290-b7ee-67d74ea0c065,2022-07-04,3881,HR-NCR,3570.73,4235.32,0.8804,VOLATILITY_ANOMALY,LOW,0.8804,rolling_volatility_threshold,Smooth,Demand volatility flagged: 14-day rolling std of 1447.82 is 4.5x the 95th-percentile baseline (322.03) for product 3881 in HR-NCR.,Review recent order patterns and supply chain disruptions. Consider adjusting safety-stock buffers.,0.0,0.0,-664.5899472044143,1447.8235614995817
00e32f82-b0ca-4358-a959-0e369a2c4c10,2022-07-04,3888,Delhi,1317.91,955.15,0.51,VOLATILITY_ANOMALY,LOW,0.51,rolling_volatility_threshold,Smooth,Demand volatility flagged: 14-day rolling std of 533.14 is 1.7x the 95th-percentile baseline (322.03) for product 3888 in Delhi.,Review recent order patterns and supply chain disruptions. Consider adjusting safety-stock buffers.,0.0,0.0,362.7597875131481,533.1407063805952
d2a1c450-6f1c-450d-9489-b89b93cb76d6,2022-07-04,3889,Delhi,1599.16,1079.42,0.694,VOLATILITY_ANOMALY,LOW,0.694,rolling_volatility_threshold,Smooth,Demand volatility flagged: 14-day rolling std of 979.66 is 3.0x the 95th-percentile baseline (322.03) for product 3889 in Delhi.,Review recent order patterns and supply chain disruptions. Consider adjusting safety-stock buffers.,0.0,0.0,519.7390398542445,979.6613522199054
31edfce5-dc62-46b5-b0d7-19e420370a0a,2022-07-04,390221,Delhi,280.62,180.46,1.0185,DEMAND_SPIKE,LOW,1.0,intermittent_percentile,Lumpy,Demand was flagged as unusual because the non-zero demand of 280.6 units exceeded the 99th percentile (275.5) of the intermittent-demand distribution for product 390221 in Delhi.,Review inventory availability and prepare emergency replenishment. Verify promotions or seasonal factors.,0.0,0.0,100.16378006199423,46.85864843690364
a1c8b34e-472d-4220-a514-4d19b439c498,2022-07-04,391306,Delhi,6188.58,5716.94,0.8869,VOLATILITY_ANOMALY,LOW,0.8869,rolling_volatility_threshold,Smooth,Demand volatility flagged: 14-day rolling std of 1426.65 is 4.4x the 95th-percentile baseline (322.03) for product 391306 in Delhi.,Review recent order patterns and supply chain disruptions. Consider adjusting safety-stock buffers.,0.0,0.0,471.64447218013447,1426.6467986973278
aba16bb7-ba9d-4ebb-bb20-527882bf890b,2022-07-04,391306,HR-NCR,4527.97,4290.23,0.8057,VOLATILITY_ANOMALY,LOW,0.8057,rolling_volatility_threshold,Smooth,Demand volatility flagged: 14-day rolling std of 881.01 is 2.7x the 95th-percentile baseline (322.03) for product 391306 in HR-NCR.,Review recent order patterns and supply chain disruptions. Consider adjusting safety-stock buffers.,0.0,0.0,237.73972243467506,881.0073881075001
b59a4223-4eda-4b68-b0d8-e8361ce51e52,2022-07-04,396489,Delhi,235.05,0.96,1.0052,DEMAND_SPIKE,LOW,1.0,intermittent_percentile,Intermittent,Demand was flagged as unusual because the non-zero demand of 235.1 units exceeded the 99th percentile (233.8) of the intermittent-demand distribution for product 396489 in Delhi.,Review inventory availability and prepare emergency replenishment. Verify promotions or seasonal factors.,0.0,0.0,234.0914953429323,9.838502596093239
f1391918-c354-4c74-a8cd-03540cbf8277,2022-07-04,399908,Delhi,839.99,472.95,1.0026,DEMAND_SPIKE,LOW,1.0,intermittent_percentile,Lumpy,Demand was flagged as unusual because the non-zero demand of 840.0 units exceeded the 99th percentile (837.8) of the intermittent-demand distribution for product 399908 in Delhi.,Review inventory availability and prepare emergency replenishment. Verify promotions or seasonal factors.,0.0,0.0,367.037280322964,67.17429443867155
56f0ad72-fb0c-40c2-a252-81153ce02518,2022-07-04,400105,Delhi,3096.92,3239.23,0.6925,VOLATILITY_ANOMALY,LOW,0.6925,rolling_volatility_threshold,Smooth,Demand volatility flagged: 14-day rolling std of 520.81 is 1.6x the 95th-percentile baseline (322.03) for product 400105 in Delhi.,Review recent order patterns and supply chain disruptions. Consider adjusting safety-stock buffers.,0.0,0.0,-142.30728767491064,520.8119411393457
6c330ab5-7a27-4720-9544-9bb1c2d9ae01,2022-07-04,404983,HR-NCR,494.93,78.72,1.006,DEMAND_SPIKE,LOW,1.0,intermittent_percentile,Intermittent,Demand was flagged as unusual because the non-zero demand of 494.9 units exceeded the 99th percentile (492.0) of the intermittent-demand distribution for product 404983 in HR-NCR.,Review inventory availability and prepare emergency replenishment. Verify promotions or seasonal factors.,0.0,0.0,416.21120211138236,77.02910423989103
7ec617e4-a72f-4e7f-8ec2-9bb846961f0e,2022-07-04,415931,Delhi,203.32,115.67,1.0106,DEMAND_SPIKE,LOW,1.0,intermittent_percentile,Intermittent,Demand was flagged as unusual because the non-zero demand of 203.3 units exceeded the 99th percentile (201.2) of the intermittent-demand distribution for product 415931 in Delhi.,Review inventory availability and prepare emergency replenishment. Verify promotions or seasonal factors.,0.0,0.0,87.65227633504959,10.06550710760928
2bc264b7-4d34-4379-8bfe-bfce7bb59fd9,2022-07-04,421713,Delhi,536.63,9.37,1.0185,DEMAND_SPIKE,LOW,1.0,intermittent_percentile,Intermittent,Demand was flagged as unusual because the non-zero demand of 536.6 units exceeded the 99th percentile (526.9) of the intermittent-demand distribution for product 421713 in Delhi.,Review inventory availability and prepare emergency replenishment. Verify promotions or seasonal factors.,0.0,0.0,527.2637162562476,134.50873292590833
751b3b21-ac30-4f7c-89c9-92273e3e59a4,2022-07-04,445675,Bengaluru,2137.98,2834.62,0.7109,VOLATILITY_ANOMALY,LOW,0.7109,rolling_volatility_threshold,Smooth,Demand volatility flagged: 14-day rolling std of 487.51 is 1.5x the 95th-percentile baseline (322.03) for product 445675 in Bengaluru.,Review recent order patterns and supply chain disruptions. Consider adjusting safety-stock buffers.,0.0,0.0,-696.6448534366214,487.506036304509
bf6e70e5-8246-45b0-ae19-fb69817c7771,2022-07-04,445675,Delhi,1104.61,2032.16,0.7777,VOLATILITY_ANOMALY,LOW,0.7777,rolling_volatility_threshold,Smooth,Demand volatility flagged: 14-day rolling std of 945.02 is 2.9x the 95th-percentile baseline (322.03) for product 445675 in Delhi.,Review recent order patterns and supply chain disruptions. Consider adjusting safety-stock buffers.,0.0,0.0,-927.5533588640137,945.0156649142558
6237086c-9e44-4555-ba08-0f099c080cb0,2022-07-04,445675,HR-NCR,1829.85,1976.29,0.7121,VOLATILITY_ANOMALY,LOW,0.7121,rolling_volatility_threshold,Smooth,Demand volatility flagged: 14-day rolling std of 935.11 is 2.9x the 95th-percentile baseline (322.03) for product 445675 in HR-NCR.,Review recent order patterns and supply chain disruptions. Consider adjusting safety-stock buffers.,0.0,0.0,-146.43968937396403,935.1149996301702
5048f42e-cd0f-4275-a0c8-9b3d1adeea04,2022-07-04,477787,Bengaluru,277.93,86.76,1.0134,DEMAND_SPIKE,LOW,1.0,intermittent_percentile,Intermittent,Demand was flagged as unusual because the non-zero demand of 277.9 units exceeded the 99th percentile (274.3) of the intermittent-demand distribution for product 477787 in Bengaluru.,Review inventory availability and prepare emergency replenishment. Verify promotions or seasonal factors.,0.0,0.0,191.1686997261491,28.913191337749858
258b412a-c3a1-481f-8656-e2fcf14e73fd,2022-07-04,481504,HR-NCR,636.79,10.32,1.0142,DEMAND_SPIKE,LOW,1.0,intermittent_percentile,Intermittent,Demand was flagged as unusual because the non-zero demand of 636.8 units exceeded the 99th percentile (627.9) of the intermittent-demand distribution for product 481504 in HR-NCR.,Review inventory availability and prepare emergency replenishment. Verify promotions or seasonal factors.,0.0,0.0,626.467311432665,122.23889329232873
22b96263-26b2-4518-b5a3-fbefc0a65ec9,2022-07-04,482088,Delhi,230.34,146.31,1.0025,DEMAND_SPIKE,LOW,1.0,intermittent_percentile,Lumpy,Demand was flagged as unusual because the non-zero demand of 230.3 units exceeded the 99th percentile (229.8) of the intermittent-demand distribution for product 482088 in Delhi.,Review inventory availability and prepare emergency replenishment. Verify promotions or seasonal factors.,0.0,0.0,84.03023462841179,37.4328269481926
df477eb3-d7f2-4584-9c01-7297a4ccbb02,2022-07-04,483357,Delhi,308.54,13.03,1.0018,DEMAND_SPIKE,LOW,1.0,intermittent_percentile,Intermittent,Demand was flagged as unusual because the non-zero demand of 308.5 units exceeded the 99th percentile (308.0) of the intermittent-demand distribution for product 483357 in Delhi.,Review inventory availability and prepare emergency replenishment. Verify promotions or seasonal factors.,0.0,0.0,295.5110137722383,83.61570267200612
bb652d59-95fa-4d2a-9d89-c9007267de3b,2022-07-04,486376,Delhi,1837.06,0.0,1.0198,DEMAND_SPIKE,LOW,1.0,intermittent_percentile,Intermittent,Demand was flagged as unusual because the non-zero demand of 1837.1 units exceeded the 99th percentile (1801.3) of the intermittent-demand distribution for product 486376 in Delhi.,Review inventory availability and prepare emergency replenishment. Verify promotions or seasonal factors.,0.0,0.0,1837.06,43.86658447307395
66eedf68-7702-4977-a8d2-3041f27818bf,2022-07-04,52,Delhi,1863.39,3267.16,0.7497,VOLATILITY_ANOMALY,LOW,0.7497,rolling_volatility_threshold,Smooth,Demand volatility flagged: 14-day rolling std of 523.40 is 1.6x the 95th-percentile baseline (322.03) for product 52 in Delhi.,Review recent order patterns and supply chain disruptions. Consider adjusting safety-stock buffers.,0.0,0.0,-1403.774122419936,523.4044105023697
51228732-e806-454b-af22-d4281742ce1b,2022-07-03,105,Delhi,2122.37,2831.73,0.8358,VOLATILITY_ANOMALY,LOW,0.8358,rolling_volatility_threshold,Smooth,Demand volatility flagged: 14-day rolling std of 1413.42 is 4.4x the 95th-percentile baseline (322.03) for product 105 in Delhi.,Review recent order patterns and supply chain disruptions. Consider adjusting safety-stock buffers.,0.0,0.0,-709.3648360492048,1413.4216027781663
38c5a420-3a1c-4ba6-a9f5-803d959953ed,2022-07-03,122133,Bengaluru,370.31,205.58,1.0077,DEMAND_SPIKE,LOW,1.0,intermittent_percentile,Intermittent,Demand was flagged as unusual because the non-zero demand of 370.3 units exceeded the 99th percentile (367.5) of the intermittent-demand distribution for product 122133 in Bengaluru.,Review inventory availability and prepare emergency replenishment. Verify promotions or seasonal factors.,0.0,0.0,164.7333218545741,25.752828970814093
6b7d3fba-2af5-400b-99cb-7ce7caade2cd,2022-07-03,127083,Delhi,342.95,148.76,1.0104,DEMAND_SPIKE,LOW,1.0,intermittent_percentile,Lumpy,Demand was flagged as unusual because the non-zero demand of 342.9 units exceeded the 99th percentile (339.4) of the intermittent-demand distribution for product 127083 in Delhi.,Review inventory availability and prepare emergency replenishment. Verify promotions or seasonal factors.,0.0,0.0,194.19373484004933,48.005479374754714
c222a790-73eb-4c28-a8d0-e7d343e8f961,2022-07-03,12872,Delhi,8211.83,7306.45,0.9397,VOLATILITY_ANOMALY,LOW,0.9397,rolling_volatility_threshold,Smooth,Demand volatility flagged: 14-day rolling std of 2145.24 is 6.7x the 95th-percentile baseline (322.03) for product 12872 in Delhi.,Review recent order patterns and supply chain disruptions. Consider adjusting safety-stock buffers.,0.0,0.0,905.3849091011398,2145.2417659671846
8838fb11-675a-4faa-b17f-3130b1d421c2,2022-07-03,15907,Delhi,1972.78,2142.95,0.6251,VOLATILITY_ANOMALY,LOW,0.6251,rolling_volatility_threshold,Smooth,Demand volatility flagged: 14-day rolling std of 541.90 is 1.7x the 95th-percentile baseline (322.03) for product 15907 in Delhi.,Review recent order patterns and supply chain disruptions. Consider adjusting safety-stock buffers.,0.0,0.0,-170.16735871497372,541.8983528301226
a0d8c15d-5312-4a27-aba5-5dfba9d4f3b5,2022-07-03,18546,Delhi,2041.39,1676.69,0.649,VOLATILITY_ANOMALY,LOW,0.649,rolling_volatility_threshold,Smooth,Demand volatility flagged: 14-day rolling std of 676.93 is 2.1x the 95th-percentile baseline (322.03) for product 18546 in Delhi.,Review recent order patterns and supply chain disruptions. Consider adjusting safety-stock buffers.,0.0,0.0,364.6987797881982,676.9345348333176
d156df64-7b99-4af9-a790-a536406723f9,2022-07-03,192,HR-NCR,1070.05,1698.85,0.7626,VOLATILITY_ANOMALY,LOW,0.7626,rolling_volatility_threshold,Smooth,Demand volatility flagged: 14-day rolling std of 1140.78 is 3.5x the 95th-percentile baseline (322.03) for product 192 in HR-NCR.,Review recent order patterns and supply chain disruptions. Consider adjusting safety-stock buffers.,0.0,0.0,-628.7980201819939,1140.7824411560691
c0bfeefa-701f-4d6c-934b-25ebea08ef8e,2022-07-03,19512,Delhi,12223.45,9123.3,0.9419,VOLATILITY_ANOMALY,LOW,0.9419,rolling_volatility_threshold,Smooth,Demand volatility flagged: 14-day rolling std of 541.28 is 1.7x the 95th-percentile baseline (322.03) for product 19512 in Delhi.,Review recent order patterns and supply chain disruptions. Consider adjusting safety-stock buffers.,0.0,0.0,3100.147311545392,541.2831699304894
762c02de-fb53-4f2a-bff8-680829f5c154,2022-07-03,221973,Delhi,362.91,205.27,1.0053,DEMAND_SPIKE,LOW,1.0,intermittent_percentile,Intermittent,Demand was flagged as unusual because the non-zero demand of 362.9 units exceeded the 99th percentile (361.0) of the intermittent-demand distribution for product 221973 in Delhi.,Review inventory availability and prepare emergency replenishment. Verify promotions or seasonal factors.,0.0,0.0,157.63645612043283,74.95331880577403
ebde2877-09a9-4fea-b149-1d3e95b3bf05,2022-07-03,23653,Delhi,499.85,1095.8,0.6281,VOLATILITY_ANOMALY,LOW,0.6281,rolling_volatility_threshold,Smooth,Demand volatility flagged: 14-day rolling std of 536.13 is 1.7x the 95th-percentile baseline (322.03) for product 23653 in Delhi.,Review recent order patterns and supply chain disruptions. Consider adjusting safety-stock buffers.,0.0,0.0,-595.9477253411147,536.1283614956402
f9395648-6480-4dc2-8fe0-dd8ac21ad169,2022-07-03,253317,Delhi,1013.75,434.95,0.6216,VOLATILITY_ANOMALY,LOW,0.6216,rolling_volatility_threshold,Smooth,Demand volatility flagged: 14-day rolling std of 658.75 is 2.0x the 95th-percentile baseline (322.03) for product 253317 in Delhi.,Review recent order patterns and supply chain disruptions. Consider adjusting safety-stock buffers.,0.0,0.0,578.8029172480917,658.7477484211996
c2beea5a-6aa5-43ec-9c88-4ebb8100a876,2022-07-03,28201,Delhi,267.37,281.54,1.0419,DEMAND_SPIKE,LOW,1.0,intermittent_percentile,Lumpy,Demand was flagged as unusual because the non-zero demand of 267.4 units exceeded the 99th percentile (256.6) of the intermittent-demand distribution for product 28201 in Delhi.,Review inventory availability and prepare emergency replenishment. Verify promotions or seasonal factors.,0.0,0.0,-14.167797758869995,66.48925063497107
bc111255-5743-40fa-970c-48ea5292b413,2022-07-03,283763,Delhi,877.25,0.0,1.0286,DEMAND_SPIKE,LOW,1.0,intermittent_percentile,Intermittent,Demand was flagged as unusual because the non-zero demand of 877.2 units exceeded the 99th percentile (852.9) of the intermittent-demand distribution for product 283763 in Delhi.,Review inventory availability and prepare emergency replenishment. Verify promotions or seasonal factors.,0.0,0.0,877.25,181.4082447134088
3938d67e-562d-47e2-98f2-6564e159ae06,2022-07-03,309921,Bengaluru,3523.41,3297.99,0.6725,VOLATILITY_ANOMALY,LOW,0.6725,rolling_volatility_threshold,Smooth,Demand volatility flagged: 14-day rolling std of 485.43 is 1.5x the 95th-percentile baseline (322.03) for product 309921 in Bengaluru.,Review recent order patterns and supply chain disruptions. Consider adjusting safety-stock buffers.,0.0,0.0,225.41902544762297,485.4288052845649
f86e764d-f062-4ad6-80ed-5b0fcf8bbe7a,2022-07-03,318058,Delhi,447.77,88.84,1.0437,DEMAND_SPIKE,LOW,1.0,intermittent_percentile,Lumpy,Demand was flagged as unusual because the non-zero demand of 447.8 units exceeded the 99th percentile (429.0) of the intermittent-demand distribution for product 318058 in Delhi.,Review inventory availability and prepare emergency replenishment. Verify promotions or seasonal factors.,0.0,0.0,358.93302614595024,17.79787768246541
6ee3d6c3-6f3a-4d90-97cb-d4afeb23f3bc,2022-07-03,336628,Delhi,318.07,192.19,0.5837,VOLATILITY_ANOMALY,LOW,0.5837,rolling_volatility_threshold,Smooth,Demand volatility flagged: 14-day rolling std of 714.53 is 2.2x the 95th-percentile baseline (322.03) for product 336628 in Delhi.,Review recent order patterns and supply chain disruptions. Consider adjusting safety-stock buffers.,0.0,0.0,125.88437779106539,714.5314023890063
50680442-1678-48f6-ad96-e16af6f5f436,2022-07-03,34778,Delhi,1691.34,969.6,0.6884,VOLATILITY_ANOMALY,LOW,0.6884,rolling_volatility_threshold,Smooth,Demand volatility flagged: 14-day rolling std of 784.63 is 2.4x the 95th-percentile baseline (322.03) for product 34778 in Delhi.,Review recent order patterns and supply chain disruptions. Consider adjusting safety-stock buffers.,0.0,0.0,721.7397005760661,784.6268976080287
c8896e7d-2e2d-4722-a6d2-6033b35c265a,2022-07-03,352443,Delhi,1562.2,1010.06,0.7398,VOLATILITY_ANOMALY,LOW,0.7398,rolling_volatility_threshold,Smooth,Demand volatility flagged: 14-day rolling std of 1354.83 is 4.2x the 95th-percentile baseline (322.03) for product 352443 in Delhi.,Review recent order patterns and supply chain disruptions. Consider adjusting safety-stock buffers.,0.0,0.0,552.1394571522372,1354.8307348890487
40c5056b-47c9-459d-98a4-9472fc41e27e,2022-07-03,352443,HR-NCR,879.15,667.11,0.5101,VOLATILITY_ANOMALY,LOW,0.5101,rolling_volatility_threshold,Smooth,Demand volatility flagged: 14-day rolling std of 541.61 is 1.7x the 95th-percentile baseline (322.03) for product 352443 in HR-NCR.,Review recent order patterns and supply chain disruptions. Consider adjusting safety-stock buffers.,0.0,0.0,212.03818712564453,541.6084390498361
435ff05f-3356-4659-b1ac-7540fe5215ad,2022-07-03,355051,Delhi,381.41,222.75,1.0003,DEMAND_SPIKE,LOW,1.0,intermittent_percentile,Intermittent,Demand was flagged as unusual because the non-zero demand of 381.4 units exceeded the 99th percentile (381.3) of the intermittent-demand distribution for product 355051 in Delhi.,Review inventory availability and prepare emergency replenishment. Verify promotions or seasonal factors.,0.0,0.0,158.6579554817682,0.14142135623734164
03a4bd69-74b9-4b76-9eac-02a5e7ac75f6,2022-07-03,355051,HR-NCR,256.45,133.98,1.0025,DEMAND_SPIKE,LOW,1.0,intermittent_percentile,Intermittent,Demand was flagged as unusual because the non-zero demand of 256.4 units exceeded the 99th percentile (255.8) of the intermittent-demand distribution for product 355051 in HR-NCR.,Review inventory availability and prepare emergency replenishment. Verify promotions or seasonal factors.,0.0,0.0,122.46583257188777,22.839549032325493
ca9a0e9b-9b52-4e3f-a10f-ebbe560a53ab,2022-07-03,362796,Bengaluru,550.27,103.47,1.048,DEMAND_SPIKE,LOW,1.0,intermittent_percentile,Intermittent,Demand was flagged as unusual because the non-zero demand of 550.3 units exceeded the 99th percentile (525.1) of the intermittent-demand distribution for product 362796 in Bengaluru.,Review inventory availability and prepare emergency replenishment. Verify promotions or seasonal factors.,0.0,0.0,446.80425272983,169.12579992419845
2688ae62-c803-4f0c-a1f0-f1e3af81a37d,2022-07-03,366654,Delhi,712.61,23.14,1.0583,DEMAND_SPIKE,LOW,1.0,intermittent_percentile,Intermittent,Demand was flagged as unusual because the non-zero demand of 712.6 units exceeded the 99th percentile (673.4) of the intermittent-demand distribution for product 366654 in Delhi.,Review inventory availability and prepare emergency replenishment. Verify promotions or seasonal factors.,0.0,0.0,689.4678602420609,137.34842117767496
2dcb0419-7a3c-47a3-b2ad-502e7ca578e9,2022-07-03,366711,Delhi,473.42,178.07,1.0125,DEMAND_SPIKE,LOW,1.0,intermittent_percentile,Lumpy,Demand was flagged as unusual because the non-zero demand of 473.4 units exceeded the 99th percentile (467.6) of the intermittent-demand distribution for product 366711 in Delhi.,Review inventory availability and prepare emergency replenishment. Verify promotions or seasonal factors.,0.0,0.0,295.35042369169963,42.70217851585559
8c3ab929-d1d0-4649-a982-6813cfd45278,2022-07-03,369013,Delhi,294.5,241.48,1.0088,DEMAND_SPIKE,LOW,1.0,intermittent_percentile,Intermittent,Demand was flagged as unusual because the non-zero demand of 294.5 units exceeded the 99th percentile (291.9) of the intermittent-demand distribution for product 369013 in Delhi.,Review inventory availability and prepare emergency replenishment. Verify promotions or seasonal factors.,0.0,0.0,53.01596029276152,4.023437584951433
40a6e3c6-82cf-4371-8be6-1e7523e74422,2022-07-03,37080,Bengaluru,238.31,91.4,1.0115,DEMAND_SPIKE,LOW,1.0,intermittent_percentile,Intermittent,Demand was flagged as unusual because the non-zero demand of 238.3 units exceeded the 99th percentile (235.6) of the intermittent-demand distribution for product 37080 in Bengaluru.,Review inventory availability and prepare emergency replenishment. Verify promotions or seasonal factors.,0.0,0.0,146.90870840725063,25.77404217424965
a532f47b-a94a-4287-ad06-6d3050fe3a4f,2022-07-03,37083,Bengaluru,4095.67,4052.29,0.6406,RESIDUAL_ANOMALY,LOW,0.6406,isolation_forest,Smooth,"Demand flagged by Isolation Forest (score=0.6406) without crossing Modified Z-Score threshold. Observed=4095.7, expected=4052.3, residual=+43.4, Modified Z-Score=0.00.",Investigate demand deviation against operational baseline. Check for data quality issues or one-off events.,0.0,0.0,43.384487331954915,188.70558669525386
d0bab457-381d-4b95-9d83-7058b7dbf5bf,2022-07-03,382102,Delhi,540.36,144.62,1.0361,DEMAND_SPIKE,LOW,1.0,intermittent_percentile,Intermittent,Demand was flagged as unusual because the non-zero demand of 540.4 units exceeded the 99th percentile (521.5) of the intermittent-demand distribution for product 382102 in Delhi.,Review inventory availability and prepare emergency replenishment. Verify promotions or seasonal factors.,0.0,0.0,395.73648585718513,54.36944040543364
9bb06c58-c247-4a4f-824a-6b49019e0fa0,2022-07-03,382102,HR-NCR,341.24,83.61,1.019,DEMAND_SPIKE,LOW,1.0,intermittent_percentile,Intermittent,Demand was flagged as unusual because the non-zero demand of 341.2 units exceeded the 99th percentile (334.9) of the intermittent-demand distribution for product 382102 in HR-NCR.,Review inventory availability and prepare emergency replenishment. Verify promotions or seasonal factors.,0.0,0.0,257.6275063114171,59.09998477157164
f6e497ec-a54f-47f8-ad11-3182dfee40c0,2022-07-03,3881,Bengaluru,1881.48,1045.7,0.6313,VOLATILITY_ANOMALY,LOW,0.6313,rolling_volatility_threshold,Smooth,Demand volatility flagged: 14-day rolling std of 526.47 is 1.6x the 95th-percentile baseline (322.03) for product 3881 in Bengaluru.,Review recent order patterns and supply chain disruptions. Consider adjusting safety-stock buffers.,0.0,0.0,835.775909374102,526.4692828646321
1c6a80f6-b034-4e1b-93dd-1e7d96b9d608,2022-07-03,3881,Delhi,3858.73,4328.76,0.8697,VOLATILITY_ANOMALY,LOW,0.8697,rolling_volatility_threshold,Smooth,Demand volatility flagged: 14-day rolling std of 1572.52 is 4.9x the 95th-percentile baseline (322.03) for product 3881 in Delhi.,Review recent order patterns and supply chain disruptions. Consider adjusting safety-stock buffers.,0.0,0.0,-470.0338427308766,1572.520628545139
56cffec9-0f8b-40cc-9459-c619a5c9793a,2022-07-03,3881,HR-NCR,2539.71,3201.66,0.8516,VOLATILITY_ANOMALY,LOW,0.8516,rolling_volatility_threshold,Smooth,Demand volatility flagged: 14-day rolling std of 1676.78 is 5.2x the 95th-percentile baseline (322.03) for product 3881 in HR-NCR.,Review recent order patterns and supply chain disruptions. Consider adjusting safety-stock buffers.,0.0,0.0,-661.9470616384983,1676.7764523632839
ad7d714d-9a3f-494f-9101-4c91c30cee60,2022-07-03,3888,Delhi,1739.14,1700.77,0.6154,VOLATILITY_ANOMALY,LOW,0.6154,rolling_volatility_threshold,Smooth,Demand volatility flagged: 14-day rolling std of 628.84 is 2.0x the 95th-percentile baseline (322.03) for product 3888 in Delhi.,Review recent order patterns and supply chain disruptions. Consider adjusting safety-stock buffers.,0.0,0.0,38.36530155972855,628.8442026448204
a2068a1d-524c-4c89-b9e6-7ac88746e375,2022-07-03,3888,Delhi,1739.14,1700.77,0.6154,RESIDUAL_ANOMALY,LOW,0.6154,isolation_forest,Smooth,"Demand flagged by Isolation Forest (score=0.6154) without crossing Modified Z-Score threshold. Observed=1739.1, expected=1700.8, residual=+38.4, Modified Z-Score=0.00.",Investigate demand deviation against operational baseline. Check for data quality issues or one-off events.,0.0,0.0,38.36530155972855,628.8442026448204
4466805c-4179-427a-a221-211533c06e9c,2022-07-03,391306,Delhi,7605.82,5109.07,0.9862,VOLATILITY_ANOMALY,LOW,0.9862,rolling_volatility_threshold,Smooth,Demand volatility flagged: 14-day rolling std of 1855.36 is 5.8x the 95th-percentile baseline (322.03) for product 391306 in Delhi.,Review recent order patterns and supply chain disruptions. Consider adjusting safety-stock buffers.,0.0,0.0,2496.751462666708,1855.3562699519466
125fe59b-3e96-480a-9b04-6541b1c8adc1,2022-07-03,400105,Delhi,2202.18,2948.3,0.7558,VOLATILITY_ANOMALY,LOW,0.7558,rolling_volatility_threshold,Smooth,Demand volatility flagged: 14-day rolling std of 656.73 is 2.0x the 95th-percentile baseline (322.03) for product 400105 in Delhi.,Review recent order patterns and supply chain disruptions. Consider adjusting safety-stock buffers.,0.0,0.0,-746.1188706749981,656.7254230270061
cc827c98-228c-4e19-8fad-887e89d9c477,2022-07-03,401894,Delhi,260.28,152.44,1.0074,DEMAND_SPIKE,LOW,1.0,intermittent_percentile,Lumpy,Demand was flagged as unusual because the non-zero demand of 260.3 units exceeded the 99th percentile (258.4) of the intermittent-demand distribution for product 401894 in Delhi.,Review inventory availability and prepare emergency replenishment. Verify promotions or seasonal factors.,0.0,0.0,107.84410799788964,30.96420594815892
43d0a6cd-81b2-42a8-a5c7-c3cb3ac636fc,2022-07-03,410605,HR-NCR,259.89,8.35,1.0084,DEMAND_SPIKE,LOW,1.0,intermittent_percentile,Intermittent,Demand was flagged as unusual because the non-zero demand of 259.9 units exceeded the 99th percentile (257.7) of the intermittent-demand distribution for product 410605 in HR-NCR.,Review inventory availability and prepare emergency replenishment. Verify promotions or seasonal factors.,0.0,0.0,251.54196667426277,27.287250685988884
301573f1-32a7-4d32-a7d8-c2aa5c5f0ce1,2022-07-03,425780,Delhi,1329.89,892.53,0.5061,VOLATILITY_ANOMALY,LOW,0.5061,rolling_volatility_threshold,Smooth,Demand volatility flagged: 14-day rolling std of 513.10 is 1.6x the 95th-percentile baseline (322.03) for product 425780 in Delhi.,Review recent order patterns and supply chain disruptions. Consider adjusting safety-stock buffers.,0.0,0.0,437.35683090716896,513.0978936323944
9b4502e2-ab15-4335-bda7-9b9c7fdc502a,2022-07-03,425780,Bengaluru,452.92,165.36,1.009,DEMAND_SPIKE,LOW,1.0,intermittent_percentile,Intermittent,Demand was flagged as unusual because the non-zero demand of 452.9 units exceeded the 99th percentile (448.9) of the intermittent-demand distribution for product 425780 in Bengaluru.,Review inventory availability and prepare emergency replenishment. Verify promotions or seasonal factors.,0.0,0.0,287.563908965427,94.98565391678893
a02f32f4-3bf4-4ab3-8e37-672cfe5078a9,2022-07-03,438489,Delhi,439.96,62.23,1.0411,DEMAND_SPIKE,LOW,1.0,intermittent_percentile,Intermittent,Demand was flagged as unusual because the non-zero demand of 440.0 units exceeded the 99th percentile (422.6) of the intermittent-demand distribution for product 438489 in Delhi.,Review inventory availability and prepare emergency replenishment. Verify promotions or seasonal factors.,0.0,0.0,377.7271987356881,3.436538956566631
65ff9689-f2f8-4fef-8d1a-86c3ab766b65,2022-07-03,445675,Bengaluru,3318.69,2602.46,0.7452,VOLATILITY_ANOMALY,LOW,0.7452,rolling_volatility_threshold,Smooth,Demand volatility flagged: 14-day rolling std of 682.29 is 2.1x the 95th-percentile baseline (322.03) for product 445675 in Bengaluru.,Review recent order patterns and supply chain disruptions. Consider adjusting safety-stock buffers.,0.0,0.0,716.2298766858262,682.2944042347115
d13a6d1f-efb6-4e3e-8846-3973064a54a4,2022-07-03,445675,HR-NCR,2898.87,2085.15,0.7481,VOLATILITY_ANOMALY,LOW,0.7481,rolling_volatility_threshold,Smooth,Demand volatility flagged: 14-day rolling std of 744.65 is 2.3x the 95th-percentile baseline (322.03) for product 445675 in HR-NCR.,Review recent order patterns and supply chain disruptions. Consider adjusting safety-stock buffers.,0.0,0.0,813.7229890333533,744.6541512675532
ee3e8b02-c4cf-4931-a99c-f07b63b694f1,2022-07-03,475802,HR-NCR,366.13,41.39,1.0023,DEMAND_SPIKE,LOW,1.0,intermittent_percentile,Intermittent,Demand was flagged as unusual because the non-zero demand of 366.1 units exceeded the 99th percentile (365.3) of the intermittent-demand distribution for product 475802 in HR-NCR.,Review inventory availability and prepare emergency replenishment. Verify promotions or seasonal factors.,0.0,0.0,324.73829229738305,21.65868070774396
52fa8035-d66e-493f-9d8e-04939706dc3f,2022-07-03,477787,Delhi,733.35,236.42,1.0324,DEMAND_SPIKE,LOW,1.0,intermittent_percentile,Lumpy,Demand was flagged as unusual because the non-zero demand of 733.4 units exceeded the 99th percentile (710.3) of the intermittent-demand distribution for product 477787 in Delhi.,Review inventory availability and prepare emergency replenishment. Verify promotions or seasonal factors.,0.0,0.0,496.92894424604674,32.63297795175915
e2e01731-b59c-4c25-a427-4cfe82634e80,2022-07-03,477787,HR-NCR,256.15,101.68,1.0229,DEMAND_SPIKE,LOW,1.0,intermittent_percentile,Lumpy,Demand was flagged as unusual because the non-zero demand of 256.1 units exceeded the 99th percentile (250.4) of the intermittent-demand distribution for product 477787 in HR-NCR.,Review inventory availability and prepare emergency replenishment. Verify promotions or seasonal factors.,0.0,0.0,154.4749160448877,51.364236585390834
517331fc-3f25-4336-aab5-930cf5f8bb9e,2022-07-03,477788,Bengaluru,267.57,89.75,1.0235,DEMAND_SPIKE,LOW,1.0,intermittent_percentile,Intermittent,Demand was flagged as unusual because the non-zero demand of 267.6 units exceeded the 99th percentile (261.4) of the intermittent-demand distribution for product 477788 in Bengaluru.,Review inventory availability and prepare emergency replenishment. Verify promotions or seasonal factors.,0.0,0.0,177.81546253852824,26.410438277317546
6dc06e55-0bba-4909-8ae6-acfc8af7012f,2022-07-03,478700,Bengaluru,215.92,72.69,1.0073,DEMAND_SPIKE,LOW,1.0,intermittent_percentile,Intermittent,Demand was flagged as unusual because the non-zero demand of 215.9 units exceeded the 99th percentile (214.3) of the intermittent-demand distribution for product 478700 in Bengaluru.,Review inventory availability and prepare emergency replenishment. Verify promotions or seasonal factors.,0.0,0.0,143.22994152151279,3.500178566873402
e0c6dbda-ae02-4b47-9142-9e9415632316,2022-07-03,481504,Delhi,746.54,11.89,1.0209,DEMAND_SPIKE,LOW,1.0,intermittent_percentile,Intermittent,Demand was flagged as unusual because the non-zero demand of 746.5 units exceeded the 99th percentile (731.3) of the intermittent-demand distribution for product 481504 in Delhi.,Review inventory availability and prepare emergency replenishment. Verify promotions or seasonal factors.,0.0,0.0,734.6534568356788,192.1916231265036
bce87d73-c6eb-42fc-8d14-02467c260065,2022-07-03,482552,Delhi,280.23,135.82,1.0107,DEMAND_SPIKE,LOW,1.0,intermittent_percentile,Intermittent,Demand was flagged as unusual because the non-zero demand of 280.2 units exceeded the 99th percentile (277.3) of the intermittent-demand distribution for product 482552 in Delhi.,Review inventory availability and prepare emergency replenishment. Verify promotions or seasonal factors.,0.0,0.0,144.40875226567246,23.122391744800098
ea47f724-3121-4512-bd4f-5e2112e0f4b0,2022-07-03,483856,Delhi,274.72,47.07,1.0216,DEMAND_SPIKE,LOW,1.0,intermittent_percentile,Intermittent,Demand was flagged as unusual because the non-zero demand of 274.7 units exceeded the 99th percentile (268.9) of the intermittent-demand distribution for product 483856 in Delhi.,Review inventory availability and prepare emergency replenishment. Verify promotions or seasonal factors.,0.0,0.0,227.65439639336563,45.21947865687971
258b0a71-d201-44f1-8b3d-f1593cbe9423,2022-07-03,484060,HR-NCR,362.3,35.84,1.0328,DEMAND_SPIKE,LOW,1.0,intermittent_percentile,Intermittent,Demand was flagged as unusual because the non-zero demand of 362.3 units exceeded the 99th percentile (350.8) of the intermittent-demand distribution for product 484060 in HR-NCR.,Review inventory availability and prepare emergency replenishment. Verify promotions or seasonal factors.,0.0,0.0,326.4566400610759,41.217254275363864
89cd2ab4-689a-4a9c-87fb-35f982a21dc9,2022-07-03,484064,Bengaluru,443.28,80.03,1.0324,DEMAND_SPIKE,LOW,1.0,intermittent_percentile,Intermittent,Demand was flagged as unusual because the non-zero demand of 443.3 units exceeded the 99th percentile (429.4) of the intermittent-demand distribution for product 484064 in Bengaluru.,Review inventory availability and prepare emergency replenishment. Verify promotions or seasonal factors.,0.0,0.0,363.2523832663108,2.1142492757477833
ae71624c-dbd7-46de-9ec7-f4c2ec9fa373,2022-07-03,484064,HR-NCR,426.51,77.89,1.0203,DEMAND_SPIKE,LOW,1.0,intermittent_percentile,Intermittent,Demand was flagged as unusual because the non-zero demand of 426.5 units exceeded the 99th percentile (418.0) of the intermittent-demand distribution for product 484064 in HR-NCR.,Review inventory availability and prepare emergency replenishment. Verify promotions or seasonal factors.,0.0,0.0,348.6163425738766,83.75679823154654
22034bfb-b98b-47be-b048-858801ee6301,2022-07-03,484343,Bengaluru,316.41,2.61,1.0035,DEMAND_SPIKE,LOW,1.0,intermittent_percentile,Intermittent,Demand was flagged as unusual because the non-zero demand of 316.4 units exceeded the 99th percentile (315.3) of the intermittent-demand distribution for product 484343 in Bengaluru.,Review inventory availability and prepare emergency replenishment. Verify promotions or seasonal factors.,0.0,0.0,313.8021030937089,164.7134536095944
b0ff3b90-200d-44e4-a2ba-25fc66997eb7,2022-07-03,486017,Mumbai,722.35,0.0,1.0181,DEMAND_SPIKE,LOW,1.0,intermittent_percentile,Intermittent,Demand was flagged as unusual because the non-zero demand of 722.4 units exceeded the 99th percentile (709.5) of the intermittent-demand distribution for product 486017 in Mumbai.,Review inventory availability and prepare emergency replenishment. Verify promotions or seasonal factors.,0.0,0.0,722.35,12.925911960090069
324624a6-6b24-426a-bb2a-3ee0004d95ed,2022-07-03,486124,HR-NCR,770.7,18.67,1.0202,DEMAND_SPIKE,LOW,1.0,intermittent_percentile,Lumpy,Demand was flagged as unusual because the non-zero demand of 770.7 units exceeded the 99th percentile (755.4) of the intermittent-demand distribution for product 486124 in HR-NCR.,Review inventory availability and prepare emergency replenishment. Verify promotions or seasonal factors.,0.0,0.0,752.0306025349166,245.25291598674212
9df735bd-6187-4349-9bb8-36b2b3f2ee42,2022-07-03,486339,HR-NCR,470.21,4.74,1.0377,DEMAND_SPIKE,LOW,1.0,intermittent_percentile,Intermittent,Demand was flagged as unusual because the non-zero demand of 470.2 units exceeded the 99th percentile (453.1) of the intermittent-demand distribution for product 486339 in HR-NCR.,Review inventory availability and prepare emergency replenishment. Verify promotions or seasonal factors.,0.0,0.0,465.469324668254,62.14054393067379
c3ef3ed0-4d95-41a9-a909-b385888cf35c,2022-07-03,486342,Delhi,396.4,2.55,1.0326,DEMAND_SPIKE,LOW,1.0,intermittent_percentile,Intermittent,Demand was flagged as unusual because the non-zero demand of 396.4 units exceeded the 99th percentile (383.9) of the intermittent-demand distribution for product 486342 in Delhi.,Review inventory availability and prepare emergency replenishment. Verify promotions or seasonal factors.,0.0,0.0,393.85040989039646,17.550390309050112
45ab1e2a-8693-4867-b146-62d2d0f56484,2022-07-03,486376,HR-NCR,1245.51,0.0,1.0156,DEMAND_SPIKE,LOW,1.0,intermittent_percentile,Intermittent,Demand was flagged as unusual because the non-zero demand of 1245.5 units exceeded the 99th percentile (1226.4) of the intermittent-demand distribution for product 486376 in HR-NCR.,Review inventory availability and prepare emergency replenishment. Verify promotions or seasonal factors.,0.0,0.0,1245.51,36.267506807058
183425a7-042b-4d7a-b144-5d333380581e,2022-07-03,487713,HR-NCR,322.83,0.0,1.01,DEMAND_SPIKE,LOW,1.0,intermittent_percentile,Intermittent,Demand was flagged as unusual because the non-zero demand of 322.8 units exceeded the 99th percentile (319.6) of the intermittent-demand distribution for product 487713 in HR-NCR.,Review inventory availability and prepare emergency replenishment. Verify promotions or seasonal factors.,0.0,0.0,322.83,53.40070411520806
612ccf47-7064-4953-96ee-9c1758b68e21,2022-07-03,487714,HR-NCR,591.83,0.0,1.0081,DEMAND_SPIKE,LOW,1.0,intermittent_percentile,Intermittent,Demand was flagged as unusual because the non-zero demand of 591.8 units exceeded the 99th percentile (587.0) of the intermittent-demand distribution for product 487714 in HR-NCR.,Review inventory availability and prepare emergency replenishment. Verify promotions or seasonal factors.,0.0,0.0,591.83,36.062445840513924
98c5640a-8dc8-489c-8ca6-0d8208ade358,2022-07-03,4927,HR-NCR,1245.5,906.02,0.4695,VOLATILITY_ANOMALY,LOW,0.4695,rolling_volatility_threshold,Smooth,Demand volatility flagged: 14-day rolling std of 491.72 is 1.5x the 95th-percentile baseline (322.03) for product 4927 in HR-NCR.,Review recent order patterns and supply chain disruptions. Consider adjusting safety-stock buffers.,0.0,0.0,339.480083099226,491.72205563712515
b490039a-f8c6-47c0-8de0-bb64e42d4065,2022-07-03,50,Delhi,719.71,950.33,0.5405,VOLATILITY_ANOMALY,LOW,0.5405,rolling_volatility_threshold,Smooth,Demand volatility flagged: 14-day rolling std of 546.10 is 1.7x the 95th-percentile baseline (322.03) for product 50 in Delhi.,Review recent order patterns and supply chain disruptions. Consider adjusting safety-stock buffers.,0.0,0.0,-230.623516841158,546.0985671103706
84fae6f6-4185-4d8e-b5f4-d9bcf2f3ac9f,2022-07-02,101230,Bengaluru,474.38,224.84,1.0137,DEMAND_SPIKE,LOW,1.0,intermittent_percentile,Lumpy,Demand was flagged as unusual because the non-zero demand of 474.4 units exceeded the 99th percentile (468.0) of the intermittent-demand distribution for product 101230 in Bengaluru.,Review inventory availability and prepare emergency replenishment. Verify promotions or seasonal factors.,0.0,0.0,249.53741386783724,0.0
a23c43be-464c-434c-b76c-39c0adb80b1b,2022-07-02,131641,HR-NCR,965.8,367.94,1.0309,DEMAND_SPIKE,LOW,1.0,intermittent_percentile,Intermittent,Demand was flagged as unusual because the non-zero demand of 965.8 units exceeded the 99th percentile (936.9) of the intermittent-demand distribution for product 131641 in HR-NCR.,Review inventory availability and prepare emergency replenishment. Verify promotions or seasonal factors.,0.0,0.0,597.8550167232343,0.0
e8d070ca-97ac-405a-9dd6-1eeaabd91821,2022-07-02,17748,Delhi,2596.62,1580.01,1.0017,DEMAND_SPIKE,LOW,1.0,intermittent_percentile,Intermittent,Demand was flagged as unusual because the non-zero demand of 2596.6 units exceeded the 99th percentile (2592.2) of the intermittent-demand distribution for product 17748 in Delhi.,Review inventory availability and prepare emergency replenishment. Verify promotions or seasonal factors.,0.0,0.0,1016.6055491553561,0.0
0fffe206-9d7e-4f57-99f6-779e8ff3eb9b,2022-07-02,201,HR-NCR,369.29,140.76,1.0265,DEMAND_SPIKE,LOW,1.0,intermittent_percentile,Intermittent,Demand was flagged as unusual because the non-zero demand of 369.3 units exceeded the 99th percentile (359.7) of the intermittent-demand distribution for product 201 in HR-NCR.,Review inventory availability and prepare emergency replenishment. Verify promotions or seasonal factors.,0.0,0.0,228.53390655123437,0.0
01d5b9b3-2e2f-4352-9cdd-cbfae39ac793,2022-07-02,207766,Delhi,659.09,361.14,1.0003,DEMAND_SPIKE,LOW,1.0,intermittent_percentile,Intermittent,Demand was flagged as unusual because the non-zero demand of 659.1 units exceeded the 99th percentile (658.9) of the intermittent-demand distribution for product 207766 in Delhi.,Review inventory availability and prepare emergency replenishment. Verify promotions or seasonal factors.,0.0,0.0,297.94893544413685,0.0
ff6169a6-662d-48dd-b8b8-9a3307442bd9,2022-07-02,225254,Delhi,315.03,49.22,1.0043,DEMAND_SPIKE,LOW,1.0,intermittent_percentile,Intermittent,Demand was flagged as unusual because the non-zero demand of 315.0 units exceeded the 99th percentile (313.7) of the intermittent-demand distribution for product 225254 in Delhi.,Review inventory availability and prepare emergency replenishment. Verify promotions or seasonal factors.,0.0,0.0,265.8088600504756,0.0
3d6264c0-6c7f-49f8-98f1-4f5393785a3e,2022-07-02,270958,Delhi,828.4,0.0,1.02,DEMAND_SPIKE,LOW,1.0,intermittent_percentile,Intermittent,Demand was flagged as unusual because the non-zero demand of 828.4 units exceeded the 99th percentile (812.1) of the intermittent-demand distribution for product 270958 in Delhi.,Review inventory availability and prepare emergency replenishment. Verify promotions or seasonal factors.,0.0,0.0,828.4,0.0
8674d7f3-9a58-4f7d-b4c8-019fec137310,2022-07-02,285131,HR-NCR,1103.24,15.96,1.0256,DEMAND_SPIKE,LOW,1.0,intermittent_percentile,Intermittent,Demand was flagged as unusual because the non-zero demand of 1103.2 units exceeded the 99th percentile (1075.7) of the intermittent-demand distribution for product 285131 in HR-NCR.,Review inventory availability and prepare emergency replenishment. Verify promotions or seasonal factors.,0.0,0.0,1087.2812383913827,0.0
766e3833-d1a6-4d87-95df-76de24a97d16,2022-07-02,300292,Delhi,266.92,51.12,1.0031,DEMAND_SPIKE,LOW,1.0,intermittent_percentile,Intermittent,Demand was flagged as unusual because the non-zero demand of 266.9 units exceeded the 99th percentile (266.1) of the intermittent-demand distribution for product 300292 in Delhi.,Review inventory availability and prepare emergency replenishment. Verify promotions or seasonal factors.,0.0,0.0,215.80006882581313,0.0
a1acf439-e9b2-46c8-8b1a-c04d2894fc09,2022-07-02,314,Bengaluru,676.46,372.94,1.0068,DEMAND_SPIKE,LOW,1.0,intermittent_percentile,Intermittent,Demand was flagged as unusual because the non-zero demand of 676.5 units exceeded the 99th percentile (671.9) of the intermittent-demand distribution for product 314 in Bengaluru.,Review inventory availability and prepare emergency replenishment. Verify promotions or seasonal factors.,0.0,0.0,303.5203416967194,0.0
81fb7b2c-e875-4d8f-81de-4c2ad2910b64,2022-07-02,333785,Delhi,6296.93,3969.06,1.009,DEMAND_SPIKE,LOW,1.0,intermittent_percentile,Intermittent,Demand was flagged as unusual because the non-zero demand of 6296.9 units exceeded the 99th percentile (6240.8) of the intermittent-demand distribution for product 333785 in Delhi.,Review inventory availability and prepare emergency replenishment. Verify promotions or seasonal factors.,0.0,0.0,2327.867060720272,0.0
310ccb8d-af05-46bb-92dd-dc65292e2590,2022-07-02,341746,HR-NCR,312.07,128.83,1.0304,DEMAND_SPIKE,LOW,1.0,intermittent_percentile,Lumpy,Demand was flagged as unusual because the non-zero demand of 312.1 units exceeded the 99th percentile (302.9) of the intermittent-demand distribution for product 341746 in HR-NCR.,Review inventory availability and prepare emergency replenishment. Verify promotions or seasonal factors.,0.0,0.0,183.24409083908722,0.0
b1631381-48d5-475b-ae29-3e096a79b744,2022-07-02,357316,Delhi,397.57,32.23,1.0077,DEMAND_SPIKE,LOW,1.0,intermittent_percentile,Intermittent,Demand was flagged as unusual because the non-zero demand of 397.6 units exceeded the 99th percentile (394.5) of the intermittent-demand distribution for product 357316 in Delhi.,Review inventory availability and prepare emergency replenishment. Verify promotions or seasonal factors.,0.0,0.0,365.3354249720368,0.0
598d34d8-791e-4307-a1b7-41ff57e2a547,2022-07-02,366712,Delhi,580.42,158.55,1.0195,DEMAND_SPIKE,LOW,1.0,intermittent_percentile,Lumpy,Demand was flagged as unusual because the non-zero demand of 580.4 units exceeded the 99th percentile (569.3) of the intermittent-demand distribution for product 366712 in Delhi.,Review inventory availability and prepare emergency replenishment. Verify promotions or seasonal factors.,0.0,0.0,421.8650527856594,0.0
a7b86470-f559-4efd-9b36-776fe46bdf07,2022-07-02,373842,HR-NCR,229.4,72.53,1.0055,DEMAND_SPIKE,LOW,1.0,intermittent_percentile,Lumpy,Demand was flagged as unusual because the non-zero demand of 229.4 units exceeded the 99th percentile (228.1) of the intermittent-demand distribution for product 373842 in HR-NCR.,Review inventory availability and prepare emergency replenishment. Verify promotions or seasonal factors.,0.0,0.0,156.8709632191777,0.0
04c2bee2-ac3e-44f5-9742-183c321c93da,2022-07-02,378161,Delhi,592.66,80.42,1.05,DEMAND_SPIKE,LOW,1.0,intermittent_percentile,Intermittent,Demand was flagged as unusual because the non-zero demand of 592.7 units exceeded the 99th percentile (564.4) of the intermittent-demand distribution for product 378161 in Delhi.,Review inventory availability and prepare emergency replenishment. Verify promotions or seasonal factors.,0.0,0.0,512.2449149654801,0.0
a601fb23-1cfe-4d32-9c2d-73a06e8bf3e1,2022-07-02,3918,HR-NCR,585.36,238.51,1.0169,DEMAND_SPIKE,LOW,1.0,intermittent_percentile,Intermittent,Demand was flagged as unusual because the non-zero demand of 585.4 units exceeded the 99th percentile (575.6) of the intermittent-demand distribution for product 3918 in HR-NCR.,Review inventory availability and prepare emergency replenishment. Verify promotions or seasonal factors.,0.0,0.0,346.84590687291256,0.0
a1bf830d-23c2-4929-9387-ff920f38b21d,2022-07-02,394617,Bengaluru,395.39,153.2,1.0497,DEMAND_SPIKE,LOW,1.0,intermittent_percentile,Intermittent,Demand was flagged as unusual because the non-zero demand of 395.4 units exceeded the 99th percentile (376.7) of the intermittent-demand distribution for product 394617 in Bengaluru.,Review inventory availability and prepare emergency replenishment. Verify promotions or seasonal factors.,0.0,0.0,242.19463024405152,0.0
8dac4337-654f-4358-8132-4e58e7013fe5,2022-07-02,399908,Bengaluru,350.74,97.2,1.029,DEMAND_SPIKE,LOW,1.0,intermittent_percentile,Intermittent,Demand was flagged as unusual because the non-zero demand of 350.7 units exceeded the 99th percentile (340.8) of the intermittent-demand distribution for product 399908 in Bengaluru.,Review inventory availability and prepare emergency replenishment. Verify promotions or seasonal factors.,0.0,0.0,253.53816265994658,0.0
508d7648-9944-4fc2-82f4-4f4751411660,2022-07-02,404983,Delhi,696.45,117.71,1.0076,DEMAND_SPIKE,LOW,1.0,intermittent_percentile,Intermittent,Demand was flagged as unusual because the non-zero demand of 696.5 units exceeded the 99th percentile (691.2) of the intermittent-demand distribution for product 404983 in Delhi.,Review inventory availability and prepare emergency replenishment. Verify promotions or seasonal factors.,0.0,0.0,578.7428840613657,0.0
69d70a3f-5ee6-4501-803e-c8ea273a2da4,2022-07-02,405599,Delhi,366.14,167.93,1.025,DEMAND_SPIKE,LOW,1.0,intermittent_percentile,Lumpy,Demand was flagged as unusual because the non-zero demand of 366.1 units exceeded the 99th percentile (357.2) of the intermittent-demand distribution for product 405599 in Delhi.,Review inventory availability and prepare emergency replenishment. Verify promotions or seasonal factors.,0.0,0.0,198.2142979572802,0.0
da062e18-abdd-40d0-acd4-cd8cbd4dfa06,2022-07-02,427007,Delhi,231.96,141.15,1.0171,DEMAND_SPIKE,LOW,1.0,intermittent_percentile,Intermittent,Demand was flagged as unusual because the non-zero demand of 232.0 units exceeded the 99th percentile (228.1) of the intermittent-demand distribution for product 427007 in Delhi.,Review inventory availability and prepare emergency replenishment. Verify promotions or seasonal factors.,0.0,0.0,90.810562927409,0.0
cd6d3ecd-0869-406f-95cb-115add7fc54c,2022-07-02,429819,Delhi,181.09,80.7,1.0057,DEMAND_SPIKE,LOW,1.0,intermittent_percentile,Lumpy,Demand was flagged as unusual because the non-zero demand of 181.1 units exceeded the 99th percentile (180.1) of the intermittent-demand distribution for product 429819 in Delhi.,Review inventory availability and prepare emergency replenishment. Verify promotions or seasonal factors.,0.0,0.0,100.38618957944166,0.0
d3a64de4-8781-4a51-81e7-d7c56c6c36d5,2022-07-02,440232,Delhi,238.35,8.78,1.0027,DEMAND_SPIKE,LOW,1.0,intermittent_percentile,Intermittent,Demand was flagged as unusual because the non-zero demand of 238.3 units exceeded the 99th percentile (237.7) of the intermittent-demand distribution for product 440232 in Delhi.,Review inventory availability and prepare emergency replenishment. Verify promotions or seasonal factors.,0.0,0.0,229.5682451088372,0.0
0df76c63-b382-4fe0-852a-a25dbb56eb83,2022-07-02,468137,Delhi,293.8,10.72,1.024,DEMAND_SPIKE,LOW,1.0,intermittent_percentile,Intermittent,Demand was flagged as unusual because the non-zero demand of 293.8 units exceeded the 99th percentile (286.9) of the intermittent-demand distribution for product 468137 in Delhi.,Review inventory availability and prepare emergency replenishment. Verify promotions or seasonal factors.,0.0,0.0,283.0826939666673,0.0
3afb9719-5e3d-4d1d-84d1-d0a19f7c7416,2022-07-02,477788,Delhi,754.88,152.05,1.0202,DEMAND_SPIKE,LOW,1.0,intermittent_percentile,Lumpy,Demand was flagged as unusual because the non-zero demand of 754.9 units exceeded the 99th percentile (739.9) of the intermittent-demand distribution for product 477788 in Delhi.,Review inventory availability and prepare emergency replenishment. Verify promotions or seasonal factors.,0.0,0.0,602.834208774505,0.0
5ead92f1-c727-4afb-b103-13f3b157cf4e,2022-07-02,480950,Bengaluru,715.79,147.16,1.0271,DEMAND_SPIKE,LOW,1.0,intermittent_percentile,Lumpy,Demand was flagged as unusual because the non-zero demand of 715.8 units exceeded the 99th percentile (696.9) of the intermittent-demand distribution for product 480950 in Bengaluru.,Review inventory availability and prepare emergency replenishment. Verify promotions or seasonal factors.,0.0,0.0,568.6330146604299,0.0
fdfa4490-8855-49eb-a2bb-398eb19f5c0b,2022-07-02,481506,Delhi,351.93,216.0,1.0026,DEMAND_SPIKE,LOW,1.0,intermittent_percentile,Intermittent,Demand was flagged as unusual because the non-zero demand of 351.9 units exceeded the 99th percentile (351.0) of the intermittent-demand distribution for product 481506 in Delhi.,Review inventory availability and prepare emergency replenishment. Verify promotions or seasonal factors.,0.0,0.0,135.92587159122752,0.0
54574fe9-195a-4793-9dda-514828ac719f,2022-07-02,483705,HR-NCR,284.52,24.86,1.0228,DEMAND_SPIKE,LOW,1.0,intermittent_percentile,Intermittent,Demand was flagged as unusual because the non-zero demand of 284.5 units exceeded the 99th percentile (278.2) of the intermittent-demand distribution for product 483705 in HR-NCR.,Review inventory availability and prepare emergency replenishment. Verify promotions or seasonal factors.,0.0,0.0,259.65787297481575,0.0
77db35bf-72f2-42d6-a2d9-6675a09dee2c,2022-07-02,483845,Delhi,373.0,50.68,1.0127,DEMAND_SPIKE,LOW,1.0,intermittent_percentile,Intermittent,Demand was flagged as unusual because the non-zero demand of 373.0 units exceeded the 99th percentile (368.3) of the intermittent-demand distribution for product 483845 in Delhi.,Review inventory availability and prepare emergency replenishment. Verify promotions or seasonal factors.,0.0,0.0,322.31753378242684,0.0
3354d46b-7fe1-4696-98af-2775b7123937,2022-07-02,483970,Delhi,269.6,46.13,1.0109,DEMAND_SPIKE,LOW,1.0,intermittent_percentile,Intermittent,Demand was flagged as unusual because the non-zero demand of 269.6 units exceeded the 99th percentile (266.7) of the intermittent-demand distribution for product 483970 in Delhi.,Review inventory availability and prepare emergency replenishment. Verify promotions or seasonal factors.,0.0,0.0,223.47343836668966,0.0
8f2a7467-df5b-4d27-bd26-576d6ea9ec86,2022-07-02,485478,Delhi,250.67,15.3,1.0154,DEMAND_SPIKE,LOW,1.0,intermittent_percentile,Intermittent,Demand was flagged as unusual because the non-zero demand of 250.7 units exceeded the 99th percentile (246.9) of the intermittent-demand distribution for product 485478 in Delhi.,Review inventory availability and prepare emergency replenishment. Verify promotions or seasonal factors.,0.0,0.0,235.37442394309394,0.0
f538b0b4-0080-4b7d-916d-c6f687babb2e,2022-07-02,487659,Delhi,403.56,0.0,1.0068,DEMAND_SPIKE,LOW,1.0,intermittent_percentile,Intermittent,Demand was flagged as unusual because the non-zero demand of 403.6 units exceeded the 99th percentile (400.8) of the intermittent-demand distribution for product 487659 in Delhi.,Review inventory availability and prepare emergency replenishment. Verify promotions or seasonal factors.,0.0,0.0,403.56,0.0
0e3a2fc7-037d-4248-b273-76a39765973c,2022-07-02,487712,Bengaluru,457.78,0.0,1.0032,DEMAND_SPIKE,LOW,1.0,intermittent_percentile,Intermittent,Demand was flagged as unusual because the non-zero demand of 457.8 units exceeded the 99th percentile (456.3) of the intermittent-demand distribution for product 487712 in Bengaluru.,Review inventory availability and prepare emergency replenishment. Verify promotions or seasonal factors.,0.0,0.0,457.78,0.0
e760adeb-fe4f-4230-b3e4-e8af2d18f186,2022-07-02,487712,HR-NCR,716.01,0.0,1.0202,DEMAND_SPIKE,LOW,1.0,intermittent_percentile,Intermittent,Demand was flagged as unusual because the non-zero demand of 716.0 units exceeded the 99th percentile (701.8) of the intermittent-demand distribution for product 487712 in HR-NCR.,Review inventory availability and prepare emergency replenishment. Verify promotions or seasonal factors.,0.0,0.0,716.01,0.0
cd1b94ad-4457-4d84-b721-317ab9a5d832,2022-07-02,487714,Mumbai,284.96,0.0,1.002,DEMAND_SPIKE,LOW,1.0,intermittent_percentile,Intermittent,Demand was flagged as unusual because the non-zero demand of 285.0 units exceeded the 99th percentile (284.4) of the intermittent-demand distribution for product 487714 in Mumbai.,Review inventory availability and prepare emergency replenishment. Verify promotions or seasonal factors.,0.0,0.0,284.96,0.0
f438b491-22af-4c65-ab87-07e1286bb544,2022-07-02,4907,Delhi,202.93,137.05,1.0147,DEMAND_SPIKE,LOW,1.0,intermittent_percentile,Intermittent,Demand was flagged as unusual because the non-zero demand of 202.9 units exceeded the 99th percentile (200.0) of the intermittent-demand distribution for product 4907 in Delhi.,Review inventory availability and prepare emergency replenishment. Verify promotions or seasonal factors.,0.0,0.0,65.87715158757135,0.0
199a92ba-8f3a-4b92-b218-0a26a4d8df8d,2022-07-02,86521,Delhi,404.72,206.06,1.0232,DEMAND_SPIKE,LOW,1.0,intermittent_percentile,Intermittent,Demand was flagged as unusual because the non-zero demand of 404.7 units exceeded the 99th percentile (395.5) of the intermittent-demand distribution for product 86521 in Delhi.,Review inventory availability and prepare emergency replenishment. Verify promotions or seasonal factors.,0.0,0.0,198.65753044049433,0.0
7161023b-6413-40c7-a466-40759c41a4e5,2022-07-02,9098,HR-NCR,629.31,338.11,1.0104,DEMAND_SPIKE,LOW,1.0,intermittent_percentile,Intermittent,Demand was flagged as unusual because the non-zero demand of 629.3 units exceeded the 99th percentile (622.8) of the intermittent-demand distribution for product 9098 in HR-NCR.,Review inventory availability and prepare emergency replenishment. Verify promotions or seasonal factors.,0.0,0.0,291.19691680143796,0.0
914cfedb-3fab-451d-abc4-0a695d82c647,2022-07-01,131641,Delhi,1155.02,526.02,1.0091,DEMAND_SPIKE,LOW,1.0,intermittent_percentile,Intermittent,Demand was flagged as unusual because the non-zero demand of 1155.0 units exceeded the 99th percentile (1144.6) of the intermittent-demand distribution for product 131641 in Delhi.,Review inventory availability and prepare emergency replenishment. Verify promotions or seasonal factors.,0.0,0.0,629.0002763370368,0.0
f4fe026e-0a50-4b37-a017-9a051129dcbe,2022-07-01,391607,Delhi,308.85,32.03,1.0071,DEMAND_SPIKE,LOW,1.0,intermittent_percentile,Intermittent,Demand was flagged as unusual because the non-zero demand of 308.9 units exceeded the 99th percentile (306.7) of the intermittent-demand distribution for product 391607 in Delhi.,Review inventory availability and prepare emergency replenishment. Verify promotions or seasonal factors.,0.0,0.0,276.82253733525965,0.0
3ca2ded8-5bc1-431c-bc65-66e56f11eaff,2022-07-01,396484,Delhi,252.56,16.56,1.0054,DEMAND_SPIKE,LOW,1.0,intermittent_percentile,Intermittent,Demand was flagged as unusual because the non-zero demand of 252.6 units exceeded the 99th percentile (251.2) of the intermittent-demand distribution for product 396484 in Delhi.,Review inventory availability and prepare emergency replenishment. Verify promotions or seasonal factors.,0.0,0.0,235.9992215521152,0.0
50227b95-dd08-482f-afd3-c89caed60520,2022-07-01,410605,Delhi,429.41,10.29,1.0178,DEMAND_SPIKE,LOW,1.0,intermittent_percentile,Intermittent,Demand was flagged as unusual because the non-zero demand of 429.4 units exceeded the 99th percentile (421.9) of the intermittent-demand distribution for product 410605 in Delhi.,Review inventory availability and prepare emergency replenishment. Verify promotions or seasonal factors.,0.0,0.0,419.11941083022896,0.0
27ac46f4-3e62-423e-8128-814528d29491,2022-07-01,421713,HR-NCR,857.78,9.26,1.0278,DEMAND_SPIKE,LOW,1.0,intermittent_percentile,Intermittent,Demand was flagged as unusual because the non-zero demand of 857.8 units exceeded the 99th percentile (834.5) of the intermittent-demand distribution for product 421713 in HR-NCR.,Review inventory availability and prepare emergency replenishment. Verify promotions or seasonal factors.,0.0,0.0,848.5167398109868,0.0
d263fc48-a091-450a-b740-ddd074521adb,2022-07-01,478704,Bengaluru,202.4,72.69,1.0101,DEMAND_SPIKE,LOW,1.0,intermittent_percentile,Intermittent,Demand was flagged as unusual because the non-zero demand of 202.4 units exceeded the 99th percentile (200.4) of the intermittent-demand distribution for product 478704 in Bengaluru.,Review inventory availability and prepare emergency replenishment. Verify promotions or seasonal factors.,0.0,0.0,129.70782337635316,0.0
4ff8ada9-6eea-4bf2-aff4-b1be9d277aae,2022-07-01,482733,Delhi,474.34,236.55,1.0288,DEMAND_SPIKE,LOW,1.0,intermittent_percentile,Intermittent,Demand was flagged as unusual because the non-zero demand of 474.3 units exceeded the 99th percentile (461.1) of the intermittent-demand distribution for product 482733 in Delhi.,Review inventory availability and prepare emergency replenishment. Verify promotions or seasonal factors.,0.0,0.0,237.78531214051208,0.0
4c231860-7477-45ff-ae54-80ee550aff92,2022-07-01,483851,Delhi,470.06,54.45,1.046,DEMAND_SPIKE,LOW,1.0,intermittent_percentile,Lumpy,Demand was flagged as unusual because the non-zero demand of 470.1 units exceeded the 99th percentile (449.4) of the intermittent-demand distribution for product 483851 in Delhi.,Review inventory availability and prepare emergency replenishment. Verify promotions or seasonal factors.,0.0,0.0,415.6116509734546,0.0
7a8df2e2-0aad-4d0a-99ce-a77284bf0498,2022-07-01,483854,HR-NCR,2387.04,377.06,1.0001,DEMAND_SPIKE,LOW,1.0,intermittent_percentile,Intermittent,Demand was flagged as unusual because the non-zero demand of 2387.0 units exceeded the 99th percentile (2386.8) of the intermittent-demand distribution for product 483854 in HR-NCR.,Review inventory availability and prepare emergency replenishment. Verify promotions or seasonal factors.,0.0,0.0,2009.9788369352657,0.0
ffa592a9-6cb4-4d21-b828-a6774d28902c,2022-07-01,486018,HR-NCR,361.92,0.0,1.0131,DEMAND_SPIKE,LOW,1.0,intermittent_percentile,Intermittent,Demand was flagged as unusual because the non-zero demand of 361.9 units exceeded the 99th percentile (357.2) of the intermittent-demand distribution for product 486018 in HR-NCR.,Review inventory availability and prepare emergency replenishment. Verify promotions or seasonal factors.,0.0,0.0,361.92,0.0
